2026-05-04 21:42:21 │ INFO    │ remote       │ ============================================================
2026-05-04 21:42:21 │ INFO    │ remote       │   JARVIS UZAKTAN KONTROL SİSTEMİ v1.0
2026-05-04 21:42:21 │ INFO    │ remote       │ ============================================================
2026-05-04 21:42:21 │ INFO    │ remote       │ Cihaz     : DESKTOP-H2DGAQ3
2026-05-04 21:42:21 │ INFO    │ remote       │ Yerel IP  : 192.168.210.233
2026-05-04 21:42:21 │ INFO    │ remote       │ Port      : 8765
2026-05-04 21:42:21 │ INFO    │ remote       │ ntfy konu : jarvis-Web
2026-05-04 21:42:21 │ INFO    │ remote       │ ============================================================
2026-05-04 21:42:21 │ INFO    │ remote.ntfy  │ NtfyClient hazır → https://ntfy.sh/jarvis-Web
2026-05-04 21:42:21 │ INFO    │ remote.auth  │ Yeni oturum anahtarı oluşturuldu.
2026-05-04 21:42:21 │ INFO    │ remote       │ Oturum anahtarı oluşturuldu: nYPlAOrKVi_Whhx-…
2026-05-04 21:43:17 │ INFO    │ remote       │ ============================================================
2026-05-04 21:43:17 │ INFO    │ remote       │   JARVIS UZAKTAN KONTROL SİSTEMİ v1.0
2026-05-04 21:43:17 │ INFO    │ remote       │ ============================================================
2026-05-04 21:43:17 │ INFO    │ remote       │ Cihaz     : DESKTOP-H2DGAQ3
2026-05-04 21:43:17 │ INFO    │ remote       │ Yerel IP  : 192.168.210.233
2026-05-04 21:43:17 │ INFO    │ remote       │ Port      : 8765
2026-05-04 21:43:17 │ INFO    │ remote       │ ntfy konu : jarvis-Web
2026-05-04 21:43:17 │ INFO    │ remote       │ ============================================================
2026-05-04 21:43:17 │ INFO    │ remote.ntfy  │ NtfyClient hazır → https://ntfy.sh/jarvis-Web
2026-05-04 21:43:17 │ INFO    │ remote.auth  │ Yeni oturum anahtarı oluşturuldu.
2026-05-04 21:43:17 │ INFO    │ remote       │ Oturum anahtarı oluşturuldu: kNPy5qb3T8T2EKF3…
2026-05-04 21:43:18 │ INFO    │ remote.ntfy  │ Bildirim gönderildi (Giris Anahtari) [HTTP 200]
2026-05-04 21:43:18 │ INFO    │ remote.terminal │ Terminal hazir (Gemini API)
2026-05-04 21:43:18 │ INFO    │ remote.cloudflare │ cloudflared başlatılıyor: cloudflared tunnel --url http://localhost:8765
2026-05-04 21:43:18 │ INFO    │ remote.cloudflare │ Tünel yöneticisi başlatıldı (port=8765)
2026-05-04 21:43:18 │ INFO    │ remote.security │ MAC tarayıcı başlatıldı — Hedef: fe:84:34:6f:d8:10, Aralık: 60s
2026-05-04 21:43:18 │ ERROR   │ remote.cloudflare │ Tünel hatası: [WinError 2] Sistem belirtilen dosyayı bulamıyor
Traceback (most recent call last):
  File "C:\Users\Berat\Downloads\Mark-XXXIX-main - Kopya\Mark-XXXIX-main\remote\cloudflare.py", line 92, in _run_loop
    self._launch()
  File "C:\Users\Berat\Downloads\Mark-XXXIX-main - Kopya\Mark-XXXIX-main\remote\cloudflare.py", line 145, in _launch
    self._process = subprocess.Popen(
                    ^^^^^^^^^^^^^^^^^
  File "C:\Users\Berat\AppData\Local\Programs\Python\Python311\Lib\subprocess.py", line 1026, in __init__
    self._execute_child(args, executable, preexec_fn, close_fds,
  File "C:\Users\Berat\AppData\Local\Programs\Python\Python311\Lib\subprocess.py", line 1538, in _execute_child
    hp, ht, pid, tid = _winapi.CreateProcess(executable, args,
                       ^^^^^^^^^^^^^^^^^^^^^^^^^^^^^^^^^^^^^^^
FileNotFoundError: [WinError 2] Sistem belirtilen dosyayı bulamıyor
2026-05-04 21:43:18 │ INFO    │ remote.cloudflare │ Yeniden başlatma 1/10 — 2s bekleniyor…
2026-05-04 21:43:18 │ INFO    │ remote.security │ İlk tarama: Güvenilir cihaz ağda bulunamadı ⚠️ (5 cihaz tespit edildi)
2026-05-04 21:43:18 │ INFO    │ remote       │ FastAPI sunucusu başlatılıyor → http://localhost:8765
2026-05-04 21:43:18 │ INFO    │ remote.ntfy  │ Bildirim gönderildi (Guvenlik Uyarisi) [HTTP 200]
2026-05-04 21:43:20 │ INFO    │ remote.cloudflare │ cloudflared başlatılıyor: cloudflared tunnel --url http://localhost:8765
2026-05-04 21:43:20 │ ERROR   │ remote.cloudflare │ Tünel hatası: [WinError 2] Sistem belirtilen dosyayı bulamıyor
Traceback (most recent call last):
  File "C:\Users\Berat\Downloads\Mark-XXXIX-main - Kopya\Mark-XXXIX-main\remote\cloudflare.py", line 92, in _run_loop
    self._launch()
  File "C:\Users\Berat\Downloads\Mark-XXXIX-main - Kopya\Mark-XXXIX-main\remote\cloudflare.py", line 145, in _launch
    self._process = subprocess.Popen(
                    ^^^^^^^^^^^^^^^^^
  File "C:\Users\Berat\AppData\Local\Programs\Python\Python311\Lib\subprocess.py", line 1026, in __init__
    self._execute_child(args, executable, preexec_fn, close_fds,
  File "C:\Users\Berat\AppData\Local\Programs\Python\Python311\Lib\subprocess.py", line 1538, in _execute_child
    hp, ht, pid, tid = _winapi.CreateProcess(executable, args,
                       ^^^^^^^^^^^^^^^^^^^^^^^^^^^^^^^^^^^^^^^
FileNotFoundError: [WinError 2] Sistem belirtilen dosyayı bulamıyor
2026-05-04 21:43:20 │ INFO    │ remote.cloudflare │ Yeniden başlatma 2/10 — 4s bekleniyor…
2026-05-04 21:43:24 │ INFO    │ remote.cloudflare │ cloudflared başlatılıyor: cloudflared tunnel --url http://localhost:8765
2026-05-04 21:43:24 │ ERROR   │ remote.cloudflare │ Tünel hatası: [WinError 2] Sistem belirtilen dosyayı bulamıyor
Traceback (most recent call last):
  File "C:\Users\Berat\Downloads\Mark-XXXIX-main - Kopya\Mark-XXXIX-main\remote\cloudflare.py", line 92, in _run_loop
    self._launch()
  File "C:\Users\Berat\Downloads\Mark-XXXIX-main - Kopya\Mark-XXXIX-main\remote\cloudflare.py", line 145, in _launch
    self._process = subprocess.Popen(
                    ^^^^^^^^^^^^^^^^^
  File "C:\Users\Berat\AppData\Local\Programs\Python\Python311\Lib\subprocess.py", line 1026, in __init__
    self._execute_child(args, executable, preexec_fn, close_fds,
  File "C:\Users\Berat\AppData\Local\Programs\Python\Python311\Lib\subprocess.py", line 1538, in _execute_child
    hp, ht, pid, tid = _winapi.CreateProcess(executable, args,
                       ^^^^^^^^^^^^^^^^^^^^^^^^^^^^^^^^^^^^^^^
FileNotFoundError: [WinError 2] Sistem belirtilen dosyayı bulamıyor
2026-05-04 21:43:24 │ INFO    │ remote.cloudflare │ Yeniden başlatma 3/10 — 8s bekleniyor…
2026-05-04 21:43:32 │ INFO    │ remote.cloudflare │ cloudflared başlatılıyor: cloudflared tunnel --url http://localhost:8765
2026-05-04 21:43:32 │ ERROR   │ remote.cloudflare │ Tünel hatası: [WinError 2] Sistem belirtilen dosyayı bulamıyor
Traceback (most recent call last):
  File "C:\Users\Berat\Downloads\Mark-XXXIX-main - Kopya\Mark-XXXIX-main\remote\cloudflare.py", line 92, in _run_loop
    self._launch()
  File "C:\Users\Berat\Downloads\Mark-XXXIX-main - Kopya\Mark-XXXIX-main\remote\cloudflare.py", line 145, in _launch
    self._process = subprocess.Popen(
                    ^^^^^^^^^^^^^^^^^
  File "C:\Users\Berat\AppData\Local\Programs\Python\Python311\Lib\subprocess.py", line 1026, in __init__
    self._execute_child(args, executable, preexec_fn, close_fds,
  File "C:\Users\Berat\AppData\Local\Programs\Python\Python311\Lib\subprocess.py", line 1538, in _execute_child
    hp, ht, pid, tid = _winapi.CreateProcess(executable, args,
                       ^^^^^^^^^^^^^^^^^^^^^^^^^^^^^^^^^^^^^^^
FileNotFoundError: [WinError 2] Sistem belirtilen dosyayı bulamıyor
2026-05-04 21:43:32 │ INFO    │ remote.cloudflare │ Yeniden başlatma 4/10 — 16s bekleniyor…
2026-05-04 21:43:48 │ INFO    │ remote.cloudflare │ cloudflared başlatılıyor: cloudflared tunnel --url http://localhost:8765
2026-05-04 21:43:48 │ ERROR   │ remote.cloudflare │ Tünel hatası: [WinError 2] Sistem belirtilen dosyayı bulamıyor
Traceback (most recent call last):
  File "C:\Users\Berat\Downloads\Mark-XXXIX-main - Kopya\Mark-XXXIX-main\remote\cloudflare.py", line 92, in _run_loop
    self._launch()
  File "C:\Users\Berat\Downloads\Mark-XXXIX-main - Kopya\Mark-XXXIX-main\remote\cloudflare.py", line 145, in _launch
    self._process = subprocess.Popen(
                    ^^^^^^^^^^^^^^^^^
  File "C:\Users\Berat\AppData\Local\Programs\Python\Python311\Lib\subprocess.py", line 1026, in __init__
    self._execute_child(args, executable, preexec_fn, close_fds,
  File "C:\Users\Berat\AppData\Local\Programs\Python\Python311\Lib\subprocess.py", line 1538, in _execute_child
    hp, ht, pid, tid = _winapi.CreateProcess(executable, args,
                       ^^^^^^^^^^^^^^^^^^^^^^^^^^^^^^^^^^^^^^^
FileNotFoundError: [WinError 2] Sistem belirtilen dosyayı bulamıyor
2026-05-04 21:43:48 │ INFO    │ remote.cloudflare │ Yeniden başlatma 5/10 — 32s bekleniyor…
2026-05-04 21:44:20 │ INFO    │ remote.cloudflare │ cloudflared başlatılıyor: cloudflared tunnel --url http://localhost:8765
2026-05-04 21:44:20 │ ERROR   │ remote.cloudflare │ Tünel hatası: [WinError 2] Sistem belirtilen dosyayı bulamıyor
Traceback (most recent call last):
  File "C:\Users\Berat\Downloads\Mark-XXXIX-main - Kopya\Mark-XXXIX-main\remote\cloudflare.py", line 92, in _run_loop
    self._launch()
  File "C:\Users\Berat\Downloads\Mark-XXXIX-main - Kopya\Mark-XXXIX-main\remote\cloudflare.py", line 145, in _launch
    self._process = subprocess.Popen(
                    ^^^^^^^^^^^^^^^^^
  File "C:\Users\Berat\AppData\Local\Programs\Python\Python311\Lib\subprocess.py", line 1026, in __init__
    self._execute_child(args, executable, preexec_fn, close_fds,
  File "C:\Users\Berat\AppData\Local\Programs\Python\Python311\Lib\subprocess.py", line 1538, in _execute_child
    hp, ht, pid, tid = _winapi.CreateProcess(executable, args,
                       ^^^^^^^^^^^^^^^^^^^^^^^^^^^^^^^^^^^^^^^
FileNotFoundError: [WinError 2] Sistem belirtilen dosyayı bulamıyor
2026-05-04 21:44:20 │ INFO    │ remote.cloudflare │ Yeniden başlatma 6/10 — 60s bekleniyor…
2026-05-04 21:45:20 │ INFO    │ remote.cloudflare │ cloudflared başlatılıyor: cloudflared tunnel --url http://localhost:8765
2026-05-04 21:45:20 │ ERROR   │ remote.cloudflare │ Tünel hatası: [WinError 2] Sistem belirtilen dosyayı bulamıyor
Traceback (most recent call last):
  File "C:\Users\Berat\Downloads\Mark-XXXIX-main - Kopya\Mark-XXXIX-main\remote\cloudflare.py", line 92, in _run_loop
  File "C:\Users\Berat\Downloads\Mark-XXXIX-main - Kopya\Mark-XXXIX-main\remote\cloudflare.py", line 145, in _launch
    creation_flags = subprocess.CREATE_NO_WINDOW
                ^^^^^^^^^^^^^^^^^^^^^^^^^^^^^^^^
  File "C:\Users\Berat\AppData\Local\Programs\Python\Python311\Lib\subprocess.py", line 1026, in __init__
    self._execute_child(args, executable, preexec_fn, close_fds,
  File "C:\Users\Berat\AppData\Local\Programs\Python\Python311\Lib\subprocess.py", line 1538, in _execute_child
    hp, ht, pid, tid = _winapi.CreateProcess(executable, args,
                       ^^^^^^^^^^^^^^^^^^^^^^^^^^^^^^^^^^^^^^^
FileNotFoundError: [WinError 2] Sistem belirtilen dosyayı bulamıyor
2026-05-04 21:45:20 │ INFO    │ remote.cloudflare │ Yeniden başlatma 7/10 — 60s bekleniyor…
2026-05-04 21:46:20 │ INFO    │ remote.cloudflare │ cloudflared başlatılıyor: cloudflared tunnel --url http://localhost:8765
2026-05-04 21:46:20 │ ERROR   │ remote.cloudflare │ Tünel hatası: [WinError 2] Sistem belirtilen dosyayı bulamıyor
Traceback (most recent call last):
  File "C:\Users\Berat\Downloads\Mark-XXXIX-main - Kopya\Mark-XXXIX-main\remote\cloudflare.py", line 92, in _run_loop
  File "C:\Users\Berat\Downloads\Mark-XXXIX-main - Kopya\Mark-XXXIX-main\remote\cloudflare.py", line 145, in _launch
    creation_flags = subprocess.CREATE_NO_WINDOW
                ^^^^^^^^^^^^^^^^^^^^^^^^^^^^^^^^
  File "C:\Users\Berat\AppData\Local\Programs\Python\Python311\Lib\subprocess.py", line 1026, in __init__
    self._execute_child(args, executable, preexec_fn, close_fds,
  File "C:\Users\Berat\AppData\Local\Programs\Python\Python311\Lib\subprocess.py", line 1538, in _execute_child
    hp, ht, pid, tid = _winapi.CreateProcess(executable, args,
                       ^^^^^^^^^^^^^^^^^^^^^^^^^^^^^^^^^^^^^^^
FileNotFoundError: [WinError 2] Sistem belirtilen dosyayı bulamıyor
2026-05-04 21:46:20 │ INFO    │ remote.cloudflare │ Yeniden başlatma 8/10 — 60s bekleniyor…
2026-05-04 21:46:48 | INFO    | remote       | ============================================================
2026-05-04 21:46:48 | INFO    | remote       |   JARVIS UZAKTAN KONTROL SISTEMI v1.0
2026-05-04 21:46:48 | INFO    | remote       | ============================================================
2026-05-04 21:46:48 | INFO    | remote       | Cihaz     : DESKTOP-H2DGAQ3
2026-05-04 21:46:48 | INFO    | remote       | Yerel IP  : 192.168.210.233
2026-05-04 21:46:48 | INFO    | remote       | Port      : 8765
2026-05-04 21:46:48 | INFO    | remote       | ntfy konu : jarvis-Web
2026-05-04 21:46:48 | INFO    | remote       | ============================================================
2026-05-04 21:46:48 | INFO    | remote.ntfy  | NtfyClient hazır → https://ntfy.sh/jarvis-Web
2026-05-04 21:46:48 | INFO    | remote.auth  | Yeni oturum anahtarı oluşturuldu.
2026-05-04 21:46:48 | INFO    | remote       | Oturum anahtarı oluşturuldu: wdu6WM5RH8bHSAsF…
2026-05-04 21:46:48 | INFO    | remote.ntfy  | Bildirim gönderildi (Giris Anahtari) [HTTP 200]
2026-05-04 21:46:48 | INFO    | remote.terminal | Terminal hazir (Gemini API)
2026-05-04 21:46:48 | INFO    | remote.cloudflare | cloudflared baslatiliyor: cloudflared tunnel --url http://localhost:8765
2026-05-04 21:46:48 | INFO    | remote.cloudflare | Tünel yöneticisi başlatıldı (port=8765)
2026-05-04 21:46:48 | INFO    | remote.security | MAC tarayıcı başlatıldı — Hedef: fe:84:34:6f:d8:10, Aralık: 60s
2026-05-04 21:46:48 | ERROR   | remote.cloudflare | Tunel hatasi: [WinError 2] Sistem belirtilen dosyayı bulamıyor
Traceback (most recent call last):
  File "C:\Users\Berat\Downloads\Mark-XXXIX-main - Kopya\Mark-XXXIX-main\remote\cloudflare.py", line 94, in _run_loop
    self._launch()
  File "C:\Users\Berat\Downloads\Mark-XXXIX-main - Kopya\Mark-XXXIX-main\remote\cloudflare.py", line 159, in _launch
    self._process = subprocess.Popen(
                    ^^^^^^^^^^^^^^^^^
  File "C:\Users\Berat\AppData\Local\Programs\Python\Python311\Lib\subprocess.py", line 1026, in __init__
    self._execute_child(args, executable, preexec_fn, close_fds,
  File "C:\Users\Berat\AppData\Local\Programs\Python\Python311\Lib\subprocess.py", line 1538, in _execute_child
    hp, ht, pid, tid = _winapi.CreateProcess(executable, args,
                       ^^^^^^^^^^^^^^^^^^^^^^^^^^^^^^^^^^^^^^^
FileNotFoundError: [WinError 2] Sistem belirtilen dosyayı bulamıyor
2026-05-04 21:46:48 | INFO    | remote.cloudflare | Yeniden baslatma 1/10 - 2s bekleniyor...
2026-05-04 21:46:48 | INFO    | remote.security | Ilk tarama: Guvenilir cihaz agda bulunamadi (5 cihaz tespit edildi)
2026-05-04 21:46:48 | INFO    | remote       | FastAPI sunucusu baslatiliyor -> http://localhost:8765
2026-05-04 21:47:20 │ INFO    │ remote.cloudflare │ cloudflared başlatılıyor: cloudflared tunnel --url http://localhost:8765
2026-05-04 21:47:20 │ ERROR   │ remote.cloudflare │ Tünel hatası: [WinError 2] Sistem belirtilen dosyayı bulamıyor
Traceback (most recent call last):
  File "C:\Users\Berat\Downloads\Mark-XXXIX-main - Kopya\Mark-XXXIX-main\remote\cloudflare.py", line 92, in _run_loop
  File "C:\Users\Berat\Downloads\Mark-XXXIX-main - Kopya\Mark-XXXIX-main\remote\cloudflare.py", line 145, in _launch
    creation_flags = subprocess.CREATE_NO_WINDOW
                ^^^^^^^^^^^^^^^^^^^^^^^^^^^^^^^^
  File "C:\Users\Berat\AppData\Local\Programs\Python\Python311\Lib\subprocess.py", line 1026, in __init__
    self._execute_child(args, executable, preexec_fn, close_fds,
  File "C:\Users\Berat\AppData\Local\Programs\Python\Python311\Lib\subprocess.py", line 1538, in _execute_child
    hp, ht, pid, tid = _winapi.CreateProcess(executable, args,
                       ^^^^^^^^^^^^^^^^^^^^^^^^^^^^^^^^^^^^^^^
FileNotFoundError: [WinError 2] Sistem belirtilen dosyayı bulamıyor
2026-05-04 21:47:20 │ INFO    │ remote.cloudflare │ Yeniden başlatma 9/10 — 60s bekleniyor…
2026-05-04 21:48:18 | INFO    | remote       | ============================================================
2026-05-04 21:48:18 | INFO    | remote       |   JARVIS UZAKTAN KONTROL SISTEMI v1.0
2026-05-04 21:48:18 | INFO    | remote       | ============================================================
2026-05-04 21:48:18 | INFO    | remote       | Cihaz     : DESKTOP-H2DGAQ3
2026-05-04 21:48:18 | INFO    | remote       | Yerel IP  : 192.168.210.233
2026-05-04 21:48:18 | INFO    | remote       | Port      : 8765
2026-05-04 21:48:18 | INFO    | remote       | ntfy konu : jarvis-Web
2026-05-04 21:48:18 | INFO    | remote       | ============================================================
2026-05-04 21:48:18 | INFO    | remote.ntfy  | NtfyClient hazir -> https://ntfy.sh/jarvis-Web
2026-05-04 21:48:18 | INFO    | remote.auth  | Yeni oturum anahtarı oluşturuldu.
2026-05-04 21:48:18 | INFO    | remote       | Oturum anahtarı oluşturuldu: JERtvTCJw_CfbR7h…
2026-05-04 21:48:18 | INFO    | remote.ntfy  | Bildirim gönderildi (Giris Anahtari) [HTTP 200]
2026-05-04 21:48:18 | INFO    | remote.terminal | Terminal hazir (Gemini API)
2026-05-04 21:48:18 | INFO    | remote.cloudflare | cloudflared baslatiliyor: C:\Users\Berat\AppData\Local\Microsoft\WinGet\Links\cloudflared.exe tunnel --url http://localhost:8765
2026-05-04 21:48:18 | INFO    | remote.cloudflare | Tünel yöneticisi başlatıldı (port=8765)
2026-05-04 21:48:18 | INFO    | remote.security | MAC tarayıcı başlatıldı — Hedef: fe:84:34:6f:d8:10, Aralık: 60s
2026-05-04 21:48:18 | INFO    | remote.security | Ilk tarama: Guvenilir cihaz agda bulunamadi (5 cihaz tespit edildi)
2026-05-04 21:48:18 | INFO    | remote       | FastAPI sunucusu baslatiliyor -> http://localhost:8765
2026-05-04 21:48:19 | INFO    | remote.ntfy  | Bildirim gönderildi (Guvenlik Uyarisi) [HTTP 200]
2026-05-04 21:48:24 | INFO    | remote.cloudflare | Tünel URL: https://flights-amd-deny-humanitarian.trycloudflare.com
2026-05-04 21:48:24 | INFO    | remote       | Tunel hazir: https://flights-amd-deny-humanitarian.trycloudflare.com
2026-05-04 21:48:24 | INFO    | remote.auth  | Yeni oturum anahtarı oluşturuldu.
2026-05-04 21:48:24 | INFO    | remote.ntfy  | Bildirim gönderildi (Tunel Hazir) [HTTP 200]
2026-05-04 21:48:25 | INFO    | remote.ntfy  | Bildirim gönderildi (Giris Anahtari) [HTTP 200]
2026-05-04 21:48:25 | INFO    | remote       | Yeni oturum anahtari gonderildi.
2026-05-04 21:56:03 | INFO    | remote       | ============================================================
2026-05-04 21:56:03 | INFO    | remote       |   JARVIS UZAKTAN KONTROL SISTEMI v1.0
2026-05-04 21:56:03 | INFO    | remote       | ============================================================
2026-05-04 21:56:03 | INFO    | remote       | Cihaz     : DESKTOP-H2DGAQ3
2026-05-04 21:56:03 | INFO    | remote       | Yerel IP  : 192.168.210.233
2026-05-04 21:56:03 | INFO    | remote       | Port      : 8765
2026-05-04 21:56:03 | INFO    | remote       | ntfy konu : jarvis-Web
2026-05-04 21:56:03 | INFO    | remote       | ============================================================
2026-05-04 21:56:03 | INFO    | remote.ntfy  | NtfyClient hazir -> https://ntfy.sh/jarvis-Web
2026-05-04 21:56:03 | INFO    | remote.auth  | Yeni oturum anahtarı oluşturuldu.
2026-05-04 21:56:03 | INFO    | remote       | Oturum anahtarı oluşturuldu: MWkBqHD5MbeA7yIF…
2026-05-04 21:56:04 | INFO    | remote.ntfy  | Bildirim gönderildi (Giris Anahtari) [HTTP 200]
2026-05-04 21:56:04 | INFO    | remote.terminal | Terminal hazir (Gemini API)
2026-05-04 21:56:04 | INFO    | remote.cloudflare | cloudflared baslatiliyor: C:\Users\Berat\AppData\Local\Microsoft\WinGet\Links\cloudflared.exe tunnel --url http://localhost:8765
2026-05-04 21:56:04 | INFO    | remote.cloudflare | Tünel yöneticisi başlatıldı (port=8765)
2026-05-04 21:56:04 | INFO    | remote.security | MAC tarayıcı başlatıldı — Hedef: fe:84:34:6f:d8:10, Aralık: 60s
2026-05-04 21:56:04 | INFO    | remote.security | Ilk tarama: Guvenilir cihaz agda bulunamadi (5 cihaz tespit edildi)
2026-05-04 21:56:04 | INFO    | remote       | FastAPI sunucusu baslatiliyor -> http://localhost:8765
2026-05-04 21:56:04 | INFO    | remote.ntfy  | Bildirim gönderildi (Guvenlik Uyarisi) [HTTP 200]
2026-05-04 21:56:09 | INFO    | remote.cloudflare | Tünel URL: https://united-port-rows-hearing.trycloudflare.com
2026-05-04 21:56:09 | INFO    | remote       | Tunel hazir: https://united-port-rows-hearing.trycloudflare.com
2026-05-04 21:56:09 | INFO    | remote.auth  | Yeni oturum anahtarı oluşturuldu.
2026-05-04 21:56:09 | INFO    | remote.ntfy  | Bildirim gönderildi (Tunel Hazir) [HTTP 200]
2026-05-04 21:56:09 | INFO    | remote.ntfy  | Bildirim gönderildi (Giris Anahtari) [HTTP 200]
2026-05-04 21:56:09 | INFO    | remote       | Yeni oturum anahtari gonderildi.
2026-05-04 21:56:46 | INFO    | remote.auth  | Oturum anahtarı doğrulandı: 5.229.80.227
2026-05-04 21:56:46 | INFO    | remote.auth  | Yeni OTP oluşturuldu.
2026-05-04 21:56:46 | INFO    | remote.ntfy  | Bildirim gönderildi (OTP Dogrulama) [HTTP 200]
2026-05-04 21:56:55 | INFO    | remote.auth  | OTP doğrulandı: 5.229.80.227
2026-05-04 21:56:55 | INFO    | remote.auth  | Oturum oluşturuldu: v5bpKM58HPje… [5.229.80.227]
2026-05-04 21:56:57 | INFO    | remote.screen | Ekran istemcisi bağlandı (toplam: 1)
2026-05-04 21:57:05 | INFO    | remote.audio | Ses seviyesi: 50%
2026-05-04 21:57:10 | INFO    | remote.audio | Ses seviyesi: 63%
2026-05-04 21:57:12 | INFO    | remote.audio | Ses seviyesi: 92%
2026-05-04 21:57:13 | INFO    | remote.audio | Ses seviyesi: 100%
2026-05-04 21:57:14 | INFO    | remote.audio | Ses seviyesi: 82%
2026-05-04 21:57:24 | INFO    | remote.screen | Ekran ayarları: FPS=28, Kalite=50, Ölçek=0.5
2026-05-04 21:57:26 | INFO    | remote.screen | Ekran istemcisi bağlandı (toplam: 2)
2026-05-04 21:57:26 | INFO    | remote.screen | Ekran ayarları: FPS=30, Kalite=50, Ölçek=0.5
2026-05-04 21:57:27 | INFO    | remote.screen | Ekran istemcisi bağlandı (toplam: 3)
2026-05-04 21:57:36 | INFO    | remote.screen | Ekran istemcisi ayrıldı (kalan: 2)
2026-05-04 21:57:42 | INFO    | remote.server | Masaustu UI baslatildi.
2026-05-04 21:57:54 | INFO    | remote.autostart | VBS launcher oluşturuldu: C:\Users\Berat\Downloads\Mark-XXXIX-main - Kopya\Mark-XXXIX-main\start_remote_hidden.vbs
2026-05-04 21:57:54 | ERROR   | remote.autostart | schtasks hatası: ERROR: EriŸim engellendi.


2026-05-04 21:58:07 | ERROR   | remote.screen | Kare yakalama hatası: Windows graphics function failed (no error provided): BitBlt
2026-05-04 21:58:07 | ERROR   | remote.screen | Kare yakalama hatası: Windows graphics function failed (no error provided): BitBlt
2026-05-04 21:58:07 | INFO    | remote.autostart | VBS launcher oluşturuldu: C:\Users\Berat\Downloads\Mark-XXXIX-main - Kopya\Mark-XXXIX-main\start_remote_hidden.vbs
2026-05-04 21:58:07 | ERROR   | remote.autostart | schtasks hatası: ERROR: EriŸim engellendi.


2026-05-04 21:58:08 | ERROR   | remote.screen | Kare yakalama hatası: Windows graphics function failed (no error provided): BitBlt
2026-05-04 21:58:08 | ERROR   | remote.screen | Kare yakalama hatası: Windows graphics function failed (no error provided): BitBlt
2026-05-04 21:58:09 | ERROR   | remote.screen | Kare yakalama hatası: Windows graphics function failed (no error provided): BitBlt
2026-05-04 21:58:09 | ERROR   | remote.screen | Kare yakalama hatası: Windows graphics function failed (no error provided): BitBlt
2026-05-04 21:58:10 | ERROR   | remote.screen | Kare yakalama hatası: Windows graphics function failed (no error provided): BitBlt
2026-05-04 21:58:10 | ERROR   | remote.screen | Kare yakalama hatası: Windows graphics function failed (no error provided): BitBlt
2026-05-04 21:58:11 | ERROR   | remote.screen | Kare yakalama hatası: Windows graphics function failed (no error provided): BitBlt
2026-05-04 21:58:11 | ERROR   | remote.screen | Kare yakalama hatası: Windows graphics function failed (no error provided): BitBlt
2026-05-04 21:58:12 | ERROR   | remote.screen | Kare yakalama hatası: Windows graphics function failed (no error provided): BitBlt
2026-05-04 21:58:12 | ERROR   | remote.screen | Kare yakalama hatası: Windows graphics function failed (no error provided): BitBlt
2026-05-04 21:58:13 | ERROR   | remote.screen | Kare yakalama hatası: Windows graphics function failed (no error provided): BitBlt
2026-05-04 21:58:13 | INFO    | remote.screen | Ekran istemcisi ayrıldı (kalan: 1)
2026-05-04 21:58:13 | INFO    | remote.audio | Ses seviyesi: 100%
2026-05-04 21:58:13 | ERROR   | remote.screen | Kare yakalama hatası: Windows graphics function failed (no error provided): BitBlt
2026-05-04 21:58:14 | ERROR   | remote.screen | Kare yakalama hatası: Windows graphics function failed (no error provided): BitBlt
2026-05-04 21:58:14 | ERROR   | remote.screen | Kare yakalama hatası: Windows graphics function failed (no error provided): BitBlt
2026-05-04 21:58:15 | ERROR   | remote.screen | Kare yakalama hatası: Windows graphics function failed (no error provided): BitBlt
2026-05-04 21:58:15 | ERROR   | remote.screen | Kare yakalama hatası: Windows graphics function failed (no error provided): BitBlt
2026-05-04 21:58:16 | ERROR   | remote.screen | Kare yakalama hatası: Windows graphics function failed (no error provided): BitBlt
2026-05-04 21:58:16 | ERROR   | remote.screen | Kare yakalama hatası: Windows graphics function failed (no error provided): BitBlt
2026-05-04 21:58:17 | ERROR   | remote.screen | Kare yakalama hatası: Windows graphics function failed (no error provided): BitBlt
2026-05-04 21:58:17 | ERROR   | remote.screen | Kare yakalama hatası: Windows graphics function failed (no error provided): BitBlt
2026-05-04 21:58:18 | ERROR   | remote.screen | Kare yakalama hatası: Windows graphics function failed (no error provided): BitBlt
2026-05-04 21:58:18 | ERROR   | remote.screen | Kare yakalama hatası: Windows graphics function failed (no error provided): BitBlt
2026-05-04 21:58:19 | ERROR   | remote.screen | Kare yakalama hatası: Windows graphics function failed (no error provided): BitBlt
2026-05-04 21:58:19 | ERROR   | remote.screen | Kare yakalama hatası: Windows graphics function failed (no error provided): BitBlt
2026-05-04 21:58:20 | ERROR   | remote.screen | Kare yakalama hatası: Windows graphics function failed (no error provided): BitBlt
2026-05-04 21:58:20 | ERROR   | remote.screen | Kare yakalama hatası: Windows graphics function failed (no error provided): BitBlt
2026-05-04 21:58:21 | ERROR   | remote.screen | Kare yakalama hatası: Windows graphics function failed (no error provided): BitBlt
2026-05-04 21:58:21 | ERROR   | remote.screen | Kare yakalama hatası: Windows graphics function failed (no error provided): BitBlt
2026-05-04 21:58:22 | ERROR   | remote.screen | Kare yakalama hatası: Windows graphics function failed (no error provided): BitBlt
2026-05-04 21:58:22 | ERROR   | remote.screen | Kare yakalama hatası: Windows graphics function failed (no error provided): BitBlt
2026-05-04 21:58:23 | ERROR   | remote.screen | Kare yakalama hatası: Windows graphics function failed (no error provided): BitBlt
2026-05-04 21:58:23 | ERROR   | remote.screen | Kare yakalama hatası: Windows graphics function failed (no error provided): BitBlt
2026-05-04 21:58:24 | ERROR   | remote.screen | Kare yakalama hatası: Windows graphics function failed (no error provided): BitBlt
2026-05-04 21:58:24 | ERROR   | remote.screen | Kare yakalama hatası: Windows graphics function failed (no error provided): BitBlt
2026-05-04 21:58:25 | ERROR   | remote.screen | Kare yakalama hatası: Windows graphics function failed (no error provided): BitBlt
2026-05-04 21:58:25 | ERROR   | remote.screen | Kare yakalama hatası: Windows graphics function failed (no error provided): BitBlt
2026-05-04 21:58:26 | ERROR   | remote.screen | Kare yakalama hatası: Windows graphics function failed (no error provided): BitBlt
2026-05-04 21:58:26 | ERROR   | remote.screen | Kare yakalama hatası: Windows graphics function failed (no error provided): BitBlt
2026-05-04 21:58:27 | ERROR   | remote.screen | Kare yakalama hatası: Windows graphics function failed (no error provided): BitBlt
2026-05-04 21:58:27 | ERROR   | remote.screen | Kare yakalama hatası: Windows graphics function failed (no error provided): BitBlt
2026-05-04 21:58:28 | ERROR   | remote.screen | Kare yakalama hatası: Windows graphics function failed (no error provided): BitBlt
2026-05-04 21:58:28 | ERROR   | remote.screen | Kare yakalama hatası: Windows graphics function failed (no error provided): BitBlt
2026-05-04 21:58:29 | ERROR   | remote.screen | Kare yakalama hatası: Windows graphics function failed (no error provided): BitBlt
2026-05-04 21:58:29 | ERROR   | remote.screen | Kare yakalama hatası: Windows graphics function failed (no error provided): BitBlt
2026-05-04 21:58:30 | ERROR   | remote.screen | Kare yakalama hatası: Windows graphics function failed (no error provided): BitBlt
2026-05-04 21:58:30 | ERROR   | remote.screen | Kare yakalama hatası: Windows graphics function failed (no error provided): BitBlt
2026-05-04 21:58:31 | ERROR   | remote.screen | Kare yakalama hatası: Windows graphics function failed (no error provided): BitBlt
2026-05-04 21:58:31 | ERROR   | remote.screen | Kare yakalama hatası: Windows graphics function failed (no error provided): BitBlt
2026-05-04 21:58:32 | ERROR   | remote.screen | Kare yakalama hatası: Windows graphics function failed (no error provided): BitBlt
2026-05-04 21:58:32 | ERROR   | remote.screen | Kare yakalama hatası: Windows graphics function failed (no error provided): BitBlt
2026-05-04 21:58:33 | ERROR   | remote.screen | Kare yakalama hatası: Windows graphics function failed (no error provided): BitBlt
2026-05-04 21:58:33 | ERROR   | remote.screen | Kare yakalama hatası: Windows graphics function failed (no error provided): BitBlt
2026-05-04 21:58:34 | ERROR   | remote.screen | Kare yakalama hatası: Windows graphics function failed (no error provided): BitBlt
2026-05-04 21:58:34 | ERROR   | remote.screen | Kare yakalama hatası: Windows graphics function failed (no error provided): BitBlt
2026-05-04 21:58:35 | ERROR   | remote.screen | Kare yakalama hatası: Windows graphics function failed (no error provided): BitBlt
2026-05-04 21:58:35 | ERROR   | remote.screen | Kare yakalama hatası: Windows graphics function failed (no error provided): BitBlt
2026-05-04 21:58:36 | ERROR   | remote.screen | Kare yakalama hatası: Windows graphics function failed (no error provided): BitBlt
2026-05-04 21:58:36 | ERROR   | remote.screen | Kare yakalama hatası: Windows graphics function failed (no error provided): BitBlt
2026-05-04 21:58:37 | ERROR   | remote.screen | Kare yakalama hatası: Windows graphics function failed (no error provided): BitBlt
2026-05-04 21:58:37 | ERROR   | remote.screen | Kare yakalama hatası: Windows graphics function failed (no error provided): BitBlt
2026-05-04 21:58:38 | ERROR   | remote.screen | Kare yakalama hatası: Windows graphics function failed (no error provided): BitBlt
2026-05-04 21:58:38 | ERROR   | remote.screen | Kare yakalama hatası: Windows graphics function failed (no error provided): BitBlt
2026-05-04 21:58:39 | ERROR   | remote.screen | Kare yakalama hatası: Windows graphics function failed (no error provided): BitBlt
2026-05-04 21:58:39 | ERROR   | remote.screen | Kare yakalama hatası: Windows graphics function failed (no error provided): BitBlt
2026-05-04 21:58:40 | ERROR   | remote.screen | Kare yakalama hatası: Windows graphics function failed (no error provided): BitBlt
2026-05-04 21:58:40 | ERROR   | remote.screen | Kare yakalama hatası: Windows graphics function failed (no error provided): BitBlt
2026-05-04 21:58:41 | ERROR   | remote.screen | Kare yakalama hatası: Windows graphics function failed (no error provided): BitBlt
2026-05-04 21:58:41 | ERROR   | remote.screen | Kare yakalama hatası: Windows graphics function failed (no error provided): BitBlt
2026-05-04 21:58:42 | ERROR   | remote.screen | Kare yakalama hatası: Windows graphics function failed (no error provided): BitBlt
2026-05-04 21:58:42 | ERROR   | remote.screen | Kare yakalama hatası: Windows graphics function failed (no error provided): BitBlt
2026-05-04 21:58:43 | ERROR   | remote.screen | Kare yakalama hatası: Windows graphics function failed (no error provided): BitBlt
2026-05-04 21:58:43 | ERROR   | remote.screen | Kare yakalama hatası: Windows graphics function failed (no error provided): BitBlt
2026-05-04 21:58:44 | ERROR   | remote.screen | Kare yakalama hatası: Windows graphics function failed (no error provided): BitBlt
2026-05-04 21:58:44 | ERROR   | remote.screen | Kare yakalama hatası: Windows graphics function failed (no error provided): BitBlt
2026-05-04 21:58:45 | ERROR   | remote.screen | Kare yakalama hatası: Windows graphics function failed (no error provided): BitBlt
2026-05-04 21:58:45 | ERROR   | remote.screen | Kare yakalama hatası: Windows graphics function failed (no error provided): BitBlt
2026-05-04 21:58:46 | ERROR   | remote.screen | Kare yakalama hatası: Windows graphics function failed (no error provided): BitBlt
2026-05-04 21:58:46 | ERROR   | remote.screen | Kare yakalama hatası: Windows graphics function failed (no error provided): BitBlt
2026-05-04 21:58:47 | ERROR   | remote.screen | Kare yakalama hatası: Windows graphics function failed (no error provided): BitBlt
2026-05-04 21:58:47 | ERROR   | remote.screen | Kare yakalama hatası: Windows graphics function failed (no error provided): BitBlt
2026-05-04 21:58:48 | ERROR   | remote.screen | Kare yakalama hatası: Windows graphics function failed (no error provided): BitBlt
2026-05-04 21:58:48 | ERROR   | remote.screen | Kare yakalama hatası: Windows graphics function failed (no error provided): BitBlt
2026-05-04 21:58:49 | ERROR   | remote.screen | Kare yakalama hatası: Windows graphics function failed (no error provided): BitBlt
2026-05-04 21:58:49 | ERROR   | remote.screen | Kare yakalama hatası: Windows graphics function failed (no error provided): BitBlt
2026-05-04 21:58:50 | ERROR   | remote.screen | Kare yakalama hatası: Windows graphics function failed (no error provided): BitBlt
2026-05-04 21:58:50 | ERROR   | remote.screen | Kare yakalama hatası: Windows graphics function failed (no error provided): BitBlt
2026-05-04 21:58:51 | ERROR   | remote.screen | Kare yakalama hatası: Windows graphics function failed (no error provided): BitBlt
2026-05-04 21:58:51 | ERROR   | remote.screen | Kare yakalama hatası: Windows graphics function failed (no error provided): BitBlt
2026-05-04 21:58:52 | ERROR   | remote.screen | Kare yakalama hatası: Windows graphics function failed (no error provided): BitBlt
2026-05-04 21:58:52 | ERROR   | remote.screen | Kare yakalama hatası: Windows graphics function failed (no error provided): BitBlt
2026-05-04 21:58:53 | ERROR   | remote.screen | Kare yakalama hatası: Windows graphics function failed (no error provided): BitBlt
2026-05-04 21:58:53 | ERROR   | remote.screen | Kare yakalama hatası: Windows graphics function failed (no error provided): BitBlt
2026-05-04 21:58:54 | ERROR   | remote.screen | Kare yakalama hatası: Windows graphics function failed (no error provided): BitBlt
2026-05-04 21:58:54 | ERROR   | remote.screen | Kare yakalama hatası: Windows graphics function failed (no error provided): BitBlt
2026-05-04 21:58:55 | ERROR   | remote.screen | Kare yakalama hatası: Windows graphics function failed (no error provided): BitBlt
2026-05-04 21:58:55 | ERROR   | remote.screen | Kare yakalama hatası: Windows graphics function failed (no error provided): BitBlt
2026-05-04 21:58:56 | ERROR   | remote.screen | Kare yakalama hatası: Windows graphics function failed (no error provided): BitBlt
2026-05-04 21:58:56 | ERROR   | remote.screen | Kare yakalama hatası: Windows graphics function failed (no error provided): BitBlt
2026-05-04 21:58:57 | ERROR   | remote.screen | Kare yakalama hatası: Windows graphics function failed (no error provided): BitBlt
2026-05-04 21:58:57 | ERROR   | remote.screen | Kare yakalama hatası: Windows graphics function failed (no error provided): BitBlt
2026-05-04 21:58:58 | ERROR   | remote.screen | Kare yakalama hatası: Windows graphics function failed (no error provided): BitBlt
2026-05-04 21:58:58 | ERROR   | remote.screen | Kare yakalama hatası: Windows graphics function failed (no error provided): BitBlt
2026-05-04 21:58:59 | ERROR   | remote.screen | Kare yakalama hatası: Windows graphics function failed (no error provided): BitBlt
2026-05-04 21:58:59 | ERROR   | remote.screen | Kare yakalama hatası: Windows graphics function failed (no error provided): BitBlt
2026-05-04 21:59:00 | ERROR   | remote.screen | Kare yakalama hatası: Windows graphics function failed (no error provided): BitBlt
2026-05-04 21:59:00 | ERROR   | remote.screen | Kare yakalama hatası: Windows graphics function failed (no error provided): BitBlt
2026-05-04 21:59:01 | ERROR   | remote.screen | Kare yakalama hatası: Windows graphics function failed (no error provided): BitBlt
2026-05-04 21:59:01 | ERROR   | remote.screen | Kare yakalama hatası: Windows graphics function failed (no error provided): BitBlt
2026-05-04 21:59:02 | ERROR   | remote.screen | Kare yakalama hatası: Windows graphics function failed (no error provided): BitBlt
2026-05-04 21:59:02 | INFO    | remote.autostart | VBS launcher oluşturuldu: C:\Users\Berat\Downloads\Mark-XXXIX-main - Kopya\Mark-XXXIX-main\start_remote_hidden.vbs
2026-05-04 21:59:02 | ERROR   | remote.autostart | schtasks hatası: ERROR: EriŸim engellendi.


2026-05-04 21:59:02 | ERROR   | remote.screen | Kare yakalama hatası: Windows graphics function failed (no error provided): BitBlt
2026-05-04 21:59:03 | ERROR   | remote.screen | Kare yakalama hatası: Windows graphics function failed (no error provided): BitBlt
2026-05-04 21:59:03 | ERROR   | remote.screen | Kare yakalama hatası: Windows graphics function failed (no error provided): BitBlt
2026-05-04 21:59:04 | ERROR   | remote.screen | Kare yakalama hatası: Windows graphics function failed (no error provided): BitBlt
2026-05-04 21:59:04 | ERROR   | remote.screen | Kare yakalama hatası: Windows graphics function failed (no error provided): BitBlt
2026-05-04 21:59:05 | ERROR   | remote.screen | Kare yakalama hatası: Windows graphics function failed (no error provided): BitBlt
2026-05-04 21:59:05 | ERROR   | remote.screen | Kare yakalama hatası: Windows graphics function failed (no error provided): BitBlt
2026-05-04 21:59:06 | ERROR   | remote.screen | Kare yakalama hatası: Windows graphics function failed (no error provided): BitBlt
2026-05-04 21:59:06 | ERROR   | remote.screen | Kare yakalama hatası: Windows graphics function failed (no error provided): BitBlt
2026-05-04 21:59:07 | ERROR   | remote.screen | Kare yakalama hatası: Windows graphics function failed (no error provided): BitBlt
2026-05-04 21:59:07 | ERROR   | remote.screen | Kare yakalama hatası: Windows graphics function failed (no error provided): BitBlt
2026-05-04 21:59:08 | ERROR   | remote.screen | Kare yakalama hatası: Windows graphics function failed (no error provided): BitBlt
2026-05-04 21:59:08 | ERROR   | remote.screen | Kare yakalama hatası: Windows graphics function failed (no error provided): BitBlt
2026-05-04 21:59:09 | ERROR   | remote.screen | Kare yakalama hatası: Windows graphics function failed (no error provided): BitBlt
2026-05-04 21:59:09 | ERROR   | remote.screen | Kare yakalama hatası: Windows graphics function failed (no error provided): BitBlt
2026-05-04 21:59:10 | ERROR   | remote.screen | Kare yakalama hatası: Windows graphics function failed (no error provided): BitBlt
2026-05-04 21:59:10 | ERROR   | remote.screen | Kare yakalama hatası: Windows graphics function failed (no error provided): BitBlt
2026-05-04 21:59:11 | ERROR   | remote.screen | Kare yakalama hatası: Windows graphics function failed (no error provided): BitBlt
2026-05-04 21:59:11 | ERROR   | remote.screen | Kare yakalama hatası: Windows graphics function failed (no error provided): BitBlt
2026-05-04 21:59:12 | ERROR   | remote.screen | Kare yakalama hatası: Windows graphics function failed (no error provided): BitBlt
2026-05-04 21:59:12 | ERROR   | remote.screen | Kare yakalama hatası: Windows graphics function failed (no error provided): BitBlt
2026-05-04 21:59:13 | ERROR   | remote.screen | Kare yakalama hatası: Windows graphics function failed (no error provided): BitBlt
2026-05-04 21:59:13 | ERROR   | remote.screen | Kare yakalama hatası: Windows graphics function failed (no error provided): BitBlt
2026-05-04 21:59:14 | ERROR   | remote.screen | Kare yakalama hatası: Windows graphics function failed (no error provided): BitBlt
2026-05-04 21:59:14 | ERROR   | remote.screen | Kare yakalama hatası: Windows graphics function failed (no error provided): BitBlt
2026-05-04 21:59:15 | ERROR   | remote.screen | Kare yakalama hatası: Windows graphics function failed (no error provided): BitBlt
2026-05-04 21:59:15 | ERROR   | remote.screen | Kare yakalama hatası: Windows graphics function failed (no error provided): BitBlt
2026-05-04 21:59:16 | ERROR   | remote.screen | Kare yakalama hatası: Windows graphics function failed (no error provided): BitBlt
2026-05-04 21:59:16 | ERROR   | remote.screen | Kare yakalama hatası: Windows graphics function failed (no error provided): BitBlt
2026-05-04 21:59:17 | ERROR   | remote.screen | Kare yakalama hatası: Windows graphics function failed (no error provided): BitBlt
2026-05-04 21:59:17 | ERROR   | remote.screen | Kare yakalama hatası: Windows graphics function failed (no error provided): BitBlt
2026-05-04 21:59:18 | ERROR   | remote.screen | Kare yakalama hatası: Windows graphics function failed (no error provided): BitBlt
2026-05-04 21:59:18 | ERROR   | remote.screen | Kare yakalama hatası: Windows graphics function failed (no error provided): BitBlt
2026-05-04 21:59:19 | ERROR   | remote.screen | Kare yakalama hatası: Windows graphics function failed (no error provided): BitBlt
2026-05-04 21:59:19 | ERROR   | remote.screen | Kare yakalama hatası: Windows graphics function failed (no error provided): BitBlt
2026-05-04 21:59:20 | ERROR   | remote.screen | Kare yakalama hatası: Windows graphics function failed (no error provided): BitBlt
2026-05-04 21:59:20 | ERROR   | remote.screen | Kare yakalama hatası: Windows graphics function failed (no error provided): BitBlt
2026-05-04 21:59:21 | ERROR   | remote.screen | Kare yakalama hatası: Windows graphics function failed (no error provided): BitBlt
2026-05-04 21:59:21 | ERROR   | remote.screen | Kare yakalama hatası: Windows graphics function failed (no error provided): BitBlt
2026-05-04 21:59:22 | ERROR   | remote.screen | Kare yakalama hatası: Windows graphics function failed (no error provided): BitBlt
2026-05-04 21:59:22 | ERROR   | remote.screen | Kare yakalama hatası: Windows graphics function failed (no error provided): BitBlt
2026-05-04 21:59:23 | ERROR   | remote.screen | Kare yakalama hatası: Windows graphics function failed (no error provided): BitBlt
2026-05-04 21:59:23 | ERROR   | remote.screen | Kare yakalama hatası: Windows graphics function failed (no error provided): BitBlt
2026-05-04 21:59:24 | ERROR   | remote.screen | Kare yakalama hatası: Windows graphics function failed (no error provided): BitBlt
2026-05-04 21:59:24 | ERROR   | remote.screen | Kare yakalama hatası: Windows graphics function failed (no error provided): BitBlt
2026-05-04 21:59:25 | ERROR   | remote.screen | Kare yakalama hatası: Windows graphics function failed (no error provided): BitBlt
2026-05-04 21:59:25 | ERROR   | remote.screen | Kare yakalama hatası: Windows graphics function failed (no error provided): BitBlt
2026-05-04 21:59:26 | ERROR   | remote.screen | Kare yakalama hatası: Windows graphics function failed (no error provided): BitBlt
2026-05-04 21:59:26 | ERROR   | remote.screen | Kare yakalama hatası: Windows graphics function failed (no error provided): BitBlt
2026-05-04 21:59:27 | ERROR   | remote.screen | Kare yakalama hatası: Windows graphics function failed (no error provided): BitBlt
2026-05-04 21:59:27 | ERROR   | remote.screen | Kare yakalama hatası: Windows graphics function failed (no error provided): BitBlt
2026-05-04 21:59:28 | ERROR   | remote.screen | Kare yakalama hatası: Windows graphics function failed (no error provided): BitBlt
2026-05-04 21:59:28 | ERROR   | remote.screen | Kare yakalama hatası: Windows graphics function failed (no error provided): BitBlt
2026-05-04 21:59:29 | ERROR   | remote.screen | Kare yakalama hatası: Windows graphics function failed (no error provided): BitBlt
2026-05-04 21:59:29 | ERROR   | remote.screen | Kare yakalama hatası: Windows graphics function failed (no error provided): BitBlt
2026-05-04 21:59:30 | ERROR   | remote.screen | Kare yakalama hatası: Windows graphics function failed (no error provided): BitBlt
2026-05-04 21:59:30 | ERROR   | remote.screen | Kare yakalama hatası: Windows graphics function failed (no error provided): BitBlt
2026-05-04 21:59:31 | ERROR   | remote.screen | Kare yakalama hatası: Windows graphics function failed (no error provided): BitBlt
2026-05-04 21:59:31 | ERROR   | remote.screen | Kare yakalama hatası: Windows graphics function failed (no error provided): BitBlt
2026-05-04 21:59:32 | ERROR   | remote.screen | Kare yakalama hatası: Windows graphics function failed (no error provided): BitBlt
2026-05-04 21:59:32 | ERROR   | remote.screen | Kare yakalama hatası: Windows graphics function failed (no error provided): BitBlt
2026-05-04 21:59:33 | ERROR   | remote.screen | Kare yakalama hatası: Windows graphics function failed (no error provided): BitBlt
2026-05-04 21:59:33 | ERROR   | remote.screen | Kare yakalama hatası: Windows graphics function failed (no error provided): BitBlt
2026-05-04 21:59:34 | ERROR   | remote.screen | Kare yakalama hatası: Windows graphics function failed (no error provided): BitBlt
2026-05-04 21:59:34 | ERROR   | remote.screen | Kare yakalama hatası: Windows graphics function failed (no error provided): BitBlt
2026-05-04 21:59:35 | ERROR   | remote.screen | Kare yakalama hatası: Windows graphics function failed (no error provided): BitBlt
2026-05-04 21:59:35 | ERROR   | remote.screen | Kare yakalama hatası: Windows graphics function failed (no error provided): BitBlt
2026-05-04 21:59:36 | ERROR   | remote.screen | Kare yakalama hatası: Windows graphics function failed (no error provided): BitBlt
2026-05-04 21:59:36 | ERROR   | remote.screen | Kare yakalama hatası: Windows graphics function failed (no error provided): BitBlt
2026-05-04 21:59:37 | ERROR   | remote.screen | Kare yakalama hatası: Windows graphics function failed (no error provided): BitBlt
2026-05-04 21:59:37 | ERROR   | remote.screen | Kare yakalama hatası: Windows graphics function failed (no error provided): BitBlt
2026-05-04 21:59:38 | ERROR   | remote.screen | Kare yakalama hatası: Windows graphics function failed (no error provided): BitBlt
2026-05-04 21:59:38 | ERROR   | remote.screen | Kare yakalama hatası: Windows graphics function failed (no error provided): BitBlt
2026-05-04 21:59:39 | ERROR   | remote.screen | Kare yakalama hatası: Windows graphics function failed (no error provided): BitBlt
2026-05-04 21:59:39 | ERROR   | remote.screen | Kare yakalama hatası: Windows graphics function failed (no error provided): BitBlt
2026-05-04 21:59:40 | ERROR   | remote.screen | Kare yakalama hatası: Windows graphics function failed (no error provided): BitBlt
2026-05-04 21:59:40 | ERROR   | remote.screen | Kare yakalama hatası: Windows graphics function failed (no error provided): BitBlt
2026-05-04 21:59:41 | ERROR   | remote.screen | Kare yakalama hatası: Windows graphics function failed (no error provided): BitBlt
2026-05-04 21:59:41 | ERROR   | remote.screen | Kare yakalama hatası: Windows graphics function failed (no error provided): BitBlt
2026-05-04 21:59:42 | ERROR   | remote.screen | Kare yakalama hatası: Windows graphics function failed (no error provided): BitBlt
2026-05-04 21:59:42 | ERROR   | remote.screen | Kare yakalama hatası: Windows graphics function failed (no error provided): BitBlt
2026-05-04 21:59:43 | ERROR   | remote.screen | Kare yakalama hatası: Windows graphics function failed (no error provided): BitBlt
2026-05-04 21:59:43 | ERROR   | remote.screen | Kare yakalama hatası: Windows graphics function failed (no error provided): BitBlt
2026-05-04 21:59:44 | ERROR   | remote.screen | Kare yakalama hatası: Windows graphics function failed (no error provided): BitBlt
2026-05-04 21:59:44 | ERROR   | remote.screen | Kare yakalama hatası: Windows graphics function failed (no error provided): BitBlt
2026-05-04 21:59:45 | ERROR   | remote.screen | Kare yakalama hatası: Windows graphics function failed (no error provided): BitBlt
2026-05-04 21:59:45 | ERROR   | remote.screen | Kare yakalama hatası: Windows graphics function failed (no error provided): BitBlt
2026-05-04 21:59:46 | ERROR   | remote.screen | Kare yakalama hatası: Windows graphics function failed (no error provided): BitBlt
2026-05-04 21:59:46 | ERROR   | remote.screen | Kare yakalama hatası: Windows graphics function failed (no error provided): BitBlt
2026-05-04 21:59:47 | ERROR   | remote.screen | Kare yakalama hatası: Windows graphics function failed (no error provided): BitBlt
2026-05-04 21:59:47 | ERROR   | remote.screen | Kare yakalama hatası: Windows graphics function failed (no error provided): BitBlt
2026-05-04 21:59:48 | ERROR   | remote.screen | Kare yakalama hatası: Windows graphics function failed (no error provided): BitBlt
2026-05-04 21:59:48 | ERROR   | remote.screen | Kare yakalama hatası: Windows graphics function failed (no error provided): BitBlt
2026-05-04 21:59:49 | ERROR   | remote.screen | Kare yakalama hatası: Windows graphics function failed (no error provided): BitBlt
2026-05-04 21:59:49 | ERROR   | remote.screen | Kare yakalama hatası: Windows graphics function failed (no error provided): BitBlt
2026-05-04 21:59:50 | ERROR   | remote.screen | Kare yakalama hatası: Windows graphics function failed (no error provided): BitBlt
2026-05-04 21:59:50 | ERROR   | remote.screen | Kare yakalama hatası: Windows graphics function failed (no error provided): BitBlt
2026-05-04 21:59:51 | ERROR   | remote.screen | Kare yakalama hatası: Windows graphics function failed (no error provided): BitBlt
2026-05-04 21:59:51 | ERROR   | remote.screen | Kare yakalama hatası: Windows graphics function failed (no error provided): BitBlt
2026-05-04 21:59:52 | ERROR   | remote.screen | Kare yakalama hatası: Windows graphics function failed (no error provided): BitBlt
2026-05-04 21:59:52 | ERROR   | remote.screen | Kare yakalama hatası: Windows graphics function failed (no error provided): BitBlt
2026-05-04 21:59:53 | ERROR   | remote.screen | Kare yakalama hatası: Windows graphics function failed (no error provided): BitBlt
2026-05-04 21:59:53 | ERROR   | remote.screen | Kare yakalama hatası: Windows graphics function failed (no error provided): BitBlt
2026-05-04 21:59:54 | ERROR   | remote.screen | Kare yakalama hatası: Windows graphics function failed (no error provided): BitBlt
2026-05-04 21:59:54 | ERROR   | remote.screen | Kare yakalama hatası: Windows graphics function failed (no error provided): BitBlt
2026-05-04 21:59:55 | ERROR   | remote.screen | Kare yakalama hatası: Windows graphics function failed (no error provided): BitBlt
2026-05-04 21:59:55 | ERROR   | remote.screen | Kare yakalama hatası: Windows graphics function failed (no error provided): BitBlt
2026-05-04 21:59:56 | ERROR   | remote.screen | Kare yakalama hatası: Windows graphics function failed (no error provided): BitBlt
2026-05-04 21:59:56 | ERROR   | remote.screen | Kare yakalama hatası: Windows graphics function failed (no error provided): BitBlt
2026-05-04 21:59:57 | ERROR   | remote.screen | Kare yakalama hatası: Windows graphics function failed (no error provided): BitBlt
2026-05-04 21:59:57 | ERROR   | remote.screen | Kare yakalama hatası: Windows graphics function failed (no error provided): BitBlt
2026-05-04 21:59:58 | ERROR   | remote.screen | Kare yakalama hatası: Windows graphics function failed (no error provided): BitBlt
2026-05-04 21:59:58 | ERROR   | remote.screen | Kare yakalama hatası: Windows graphics function failed (no error provided): BitBlt
2026-05-04 21:59:59 | ERROR   | remote.screen | Kare yakalama hatası: Windows graphics function failed (no error provided): BitBlt
2026-05-04 21:59:59 | ERROR   | remote.screen | Kare yakalama hatası: Windows graphics function failed (no error provided): BitBlt
2026-05-04 22:00:00 | ERROR   | remote.screen | Kare yakalama hatası: Windows graphics function failed (no error provided): BitBlt
2026-05-04 22:00:00 | ERROR   | remote.screen | Kare yakalama hatası: Windows graphics function failed (no error provided): BitBlt
2026-05-04 22:00:01 | ERROR   | remote.screen | Kare yakalama hatası: Windows graphics function failed (no error provided): BitBlt
2026-05-04 22:00:01 | ERROR   | remote.screen | Kare yakalama hatası: Windows graphics function failed (no error provided): BitBlt
2026-05-04 22:00:02 | ERROR   | remote.screen | Kare yakalama hatası: Windows graphics function failed (no error provided): BitBlt
2026-05-04 22:00:02 | ERROR   | remote.screen | Kare yakalama hatası: Windows graphics function failed (no error provided): BitBlt
2026-05-04 22:00:03 | ERROR   | remote.screen | Kare yakalama hatası: Windows graphics function failed (no error provided): BitBlt
2026-05-04 22:00:03 | ERROR   | remote.screen | Kare yakalama hatası: Windows graphics function failed (no error provided): BitBlt
2026-05-04 22:00:04 | ERROR   | remote.screen | Kare yakalama hatası: Windows graphics function failed (no error provided): BitBlt
2026-05-04 22:00:04 | ERROR   | remote.screen | Kare yakalama hatası: Windows graphics function failed (no error provided): BitBlt
2026-05-04 22:00:05 | ERROR   | remote.screen | Kare yakalama hatası: Windows graphics function failed (no error provided): BitBlt
2026-05-04 22:00:05 | ERROR   | remote.screen | Kare yakalama hatası: Windows graphics function failed (no error provided): BitBlt
2026-05-04 22:00:06 | ERROR   | remote.screen | Kare yakalama hatası: Windows graphics function failed (no error provided): BitBlt
2026-05-04 22:00:06 | ERROR   | remote.screen | Kare yakalama hatası: Windows graphics function failed (no error provided): BitBlt
2026-05-04 22:00:07 | ERROR   | remote.screen | Kare yakalama hatası: Windows graphics function failed (no error provided): BitBlt
2026-05-04 22:00:07 | ERROR   | remote.screen | Kare yakalama hatası: Windows graphics function failed (no error provided): BitBlt
2026-05-04 22:00:08 | ERROR   | remote.screen | Kare yakalama hatası: Windows graphics function failed (no error provided): BitBlt
2026-05-04 22:00:08 | ERROR   | remote.screen | Kare yakalama hatası: Windows graphics function failed (no error provided): BitBlt
2026-05-04 22:00:09 | ERROR   | remote.screen | Kare yakalama hatası: Windows graphics function failed (no error provided): BitBlt
2026-05-04 22:00:09 | ERROR   | remote.screen | Kare yakalama hatası: Windows graphics function failed (no error provided): BitBlt
2026-05-04 22:00:10 | ERROR   | remote.screen | Kare yakalama hatası: Windows graphics function failed (no error provided): BitBlt
2026-05-04 22:00:10 | ERROR   | remote.screen | Kare yakalama hatası: Windows graphics function failed (no error provided): BitBlt
2026-05-04 22:00:11 | ERROR   | remote.screen | Kare yakalama hatası: Windows graphics function failed (no error provided): BitBlt
2026-05-04 22:00:11 | ERROR   | remote.screen | Kare yakalama hatası: Windows graphics function failed (no error provided): BitBlt
2026-05-04 22:00:12 | ERROR   | remote.screen | Kare yakalama hatası: Windows graphics function failed (no error provided): BitBlt
2026-05-04 22:00:12 | ERROR   | remote.screen | Kare yakalama hatası: Windows graphics function failed (no error provided): BitBlt
2026-05-04 22:00:13 | ERROR   | remote.screen | Kare yakalama hatası: Windows graphics function failed (no error provided): BitBlt
2026-05-04 22:00:13 | ERROR   | remote.screen | Kare yakalama hatası: Windows graphics function failed (no error provided): BitBlt
2026-05-04 22:00:14 | ERROR   | remote.screen | Kare yakalama hatası: Windows graphics function failed (no error provided): BitBlt
2026-05-04 22:00:14 | ERROR   | remote.screen | Kare yakalama hatası: Windows graphics function failed (no error provided): BitBlt
2026-05-04 22:00:15 | ERROR   | remote.screen | Kare yakalama hatası: Windows graphics function failed (no error provided): BitBlt
2026-05-04 22:00:15 | ERROR   | remote.screen | Kare yakalama hatası: Windows graphics function failed (no error provided): BitBlt
2026-05-04 22:00:16 | ERROR   | remote.screen | Kare yakalama hatası: Windows graphics function failed (no error provided): BitBlt
2026-05-04 22:00:16 | ERROR   | remote.screen | Kare yakalama hatası: Windows graphics function failed (no error provided): BitBlt
2026-05-04 22:00:17 | ERROR   | remote.screen | Kare yakalama hatası: Windows graphics function failed (no error provided): BitBlt
2026-05-04 22:00:17 | ERROR   | remote.screen | Kare yakalama hatası: Windows graphics function failed (no error provided): BitBlt
2026-05-04 22:00:18 | ERROR   | remote.screen | Kare yakalama hatası: Windows graphics function failed (no error provided): BitBlt
2026-05-04 22:00:18 | ERROR   | remote.screen | Kare yakalama hatası: Windows graphics function failed (no error provided): BitBlt
2026-05-04 22:00:19 | ERROR   | remote.screen | Kare yakalama hatası: Windows graphics function failed (no error provided): BitBlt
2026-05-04 22:00:19 | ERROR   | remote.screen | Kare yakalama hatası: Windows graphics function failed (no error provided): BitBlt
2026-05-04 22:00:20 | ERROR   | remote.screen | Kare yakalama hatası: Windows graphics function failed (no error provided): BitBlt
2026-05-04 22:00:20 | ERROR   | remote.screen | Kare yakalama hatası: Windows graphics function failed (no error provided): BitBlt
2026-05-04 22:00:21 | ERROR   | remote.screen | Kare yakalama hatası: Windows graphics function failed (no error provided): BitBlt
2026-05-04 22:00:21 | ERROR   | remote.screen | Kare yakalama hatası: Windows graphics function failed (no error provided): BitBlt
2026-05-04 22:00:22 | ERROR   | remote.screen | Kare yakalama hatası: Windows graphics function failed (no error provided): BitBlt
2026-05-04 22:00:22 | ERROR   | remote.screen | Kare yakalama hatası: Windows graphics function failed (no error provided): BitBlt
2026-05-04 22:00:23 | ERROR   | remote.screen | Kare yakalama hatası: Windows graphics function failed (no error provided): BitBlt
2026-05-04 22:00:23 | ERROR   | remote.screen | Kare yakalama hatası: Windows graphics function failed (no error provided): BitBlt
2026-05-04 22:00:24 | ERROR   | remote.screen | Kare yakalama hatası: Windows graphics function failed (no error provided): BitBlt
2026-05-04 22:00:25 | ERROR   | remote.screen | Kare yakalama hatası: Windows graphics function failed (no error provided): BitBlt
2026-05-04 22:00:25 | ERROR   | remote.screen | Kare yakalama hatası: Windows graphics function failed (no error provided): BitBlt
2026-05-04 22:00:26 | ERROR   | remote.screen | Kare yakalama hatası: Windows graphics function failed (no error provided): BitBlt
2026-05-04 22:00:26 | ERROR   | remote.screen | Kare yakalama hatası: Windows graphics function failed (no error provided): BitBlt
2026-05-04 22:00:27 | ERROR   | remote.screen | Kare yakalama hatası: Windows graphics function failed (no error provided): BitBlt
2026-05-04 22:00:27 | ERROR   | remote.screen | Kare yakalama hatası: Windows graphics function failed (no error provided): BitBlt
2026-05-04 22:00:28 | ERROR   | remote.screen | Kare yakalama hatası: Windows graphics function failed (no error provided): BitBlt
2026-05-04 22:00:28 | ERROR   | remote.screen | Kare yakalama hatası: Windows graphics function failed (no error provided): BitBlt
2026-05-04 22:00:29 | ERROR   | remote.screen | Kare yakalama hatası: Windows graphics function failed (no error provided): BitBlt
2026-05-04 22:00:29 | ERROR   | remote.screen | Kare yakalama hatası: Windows graphics function failed (no error provided): BitBlt
2026-05-04 22:00:30 | ERROR   | remote.screen | Kare yakalama hatası: Windows graphics function failed (no error provided): BitBlt
2026-05-04 22:00:30 | ERROR   | remote.screen | Kare yakalama hatası: Windows graphics function failed (no error provided): BitBlt
2026-05-04 22:00:31 | ERROR   | remote.screen | Kare yakalama hatası: Windows graphics function failed (no error provided): BitBlt
2026-05-04 22:00:31 | ERROR   | remote.screen | Kare yakalama hatası: Windows graphics function failed (no error provided): BitBlt
2026-05-04 22:00:32 | ERROR   | remote.screen | Kare yakalama hatası: Windows graphics function failed (no error provided): BitBlt
2026-05-04 22:00:32 | ERROR   | remote.screen | Kare yakalama hatası: Windows graphics function failed (no error provided): BitBlt
2026-05-04 22:00:33 | ERROR   | remote.screen | Kare yakalama hatası: Windows graphics function failed (no error provided): BitBlt
2026-05-04 22:00:33 | ERROR   | remote.screen | Kare yakalama hatası: Windows graphics function failed (no error provided): BitBlt
2026-05-04 22:00:34 | ERROR   | remote.screen | Kare yakalama hatası: Windows graphics function failed (no error provided): BitBlt
2026-05-04 22:00:34 | ERROR   | remote.screen | Kare yakalama hatası: Windows graphics function failed (no error provided): BitBlt
2026-05-04 22:00:35 | ERROR   | remote.screen | Kare yakalama hatası: Windows graphics function failed (no error provided): BitBlt
2026-05-04 22:00:35 | ERROR   | remote.screen | Kare yakalama hatası: Windows graphics function failed (no error provided): BitBlt
2026-05-04 22:00:36 | ERROR   | remote.screen | Kare yakalama hatası: Windows graphics function failed (no error provided): BitBlt
2026-05-04 22:00:36 | ERROR   | remote.screen | Kare yakalama hatası: Windows graphics function failed (no error provided): BitBlt
2026-05-04 22:00:37 | ERROR   | remote.screen | Kare yakalama hatası: Windows graphics function failed (no error provided): BitBlt
2026-05-04 22:00:37 | ERROR   | remote.screen | Kare yakalama hatası: Windows graphics function failed (no error provided): BitBlt
2026-05-04 22:00:38 | ERROR   | remote.screen | Kare yakalama hatası: Windows graphics function failed (no error provided): BitBlt
2026-05-04 22:00:38 | ERROR   | remote.screen | Kare yakalama hatası: Windows graphics function failed (no error provided): BitBlt
2026-05-04 22:00:39 | ERROR   | remote.screen | Kare yakalama hatası: Windows graphics function failed (no error provided): BitBlt
2026-05-04 22:00:39 | ERROR   | remote.screen | Kare yakalama hatası: Windows graphics function failed (no error provided): BitBlt
2026-05-04 22:00:40 | ERROR   | remote.screen | Kare yakalama hatası: Windows graphics function failed (no error provided): BitBlt
2026-05-04 22:00:40 | ERROR   | remote.screen | Kare yakalama hatası: Windows graphics function failed (no error provided): BitBlt
2026-05-04 22:00:41 | ERROR   | remote.screen | Kare yakalama hatası: Windows graphics function failed (no error provided): BitBlt
2026-05-04 22:00:41 | ERROR   | remote.screen | Kare yakalama hatası: Windows graphics function failed (no error provided): BitBlt
2026-05-04 22:00:42 | ERROR   | remote.screen | Kare yakalama hatası: Windows graphics function failed (no error provided): BitBlt
2026-05-04 22:00:42 | ERROR   | remote.screen | Kare yakalama hatası: Windows graphics function failed (no error provided): BitBlt
2026-05-04 22:00:43 | ERROR   | remote.screen | Kare yakalama hatası: Windows graphics function failed (no error provided): BitBlt
2026-05-04 22:00:43 | ERROR   | remote.screen | Kare yakalama hatası: Windows graphics function failed (no error provided): BitBlt
2026-05-04 22:00:44 | ERROR   | remote.screen | Kare yakalama hatası: Windows graphics function failed (no error provided): BitBlt
2026-05-04 22:00:44 | ERROR   | remote.screen | Kare yakalama hatası: Windows graphics function failed (no error provided): BitBlt
2026-05-04 22:00:45 | ERROR   | remote.screen | Kare yakalama hatası: Windows graphics function failed (no error provided): BitBlt
2026-05-04 22:00:45 | ERROR   | remote.screen | Kare yakalama hatası: Windows graphics function failed (no error provided): BitBlt
2026-05-04 22:00:46 | ERROR   | remote.screen | Kare yakalama hatası: Windows graphics function failed (no error provided): BitBlt
2026-05-04 22:00:46 | ERROR   | remote.screen | Kare yakalama hatası: Windows graphics function failed (no error provided): BitBlt
2026-05-04 22:00:47 | ERROR   | remote.screen | Kare yakalama hatası: Windows graphics function failed (no error provided): BitBlt
2026-05-04 22:00:47 | ERROR   | remote.screen | Kare yakalama hatası: Windows graphics function failed (no error provided): BitBlt
2026-05-04 22:00:48 | ERROR   | remote.screen | Kare yakalama hatası: Windows graphics function failed (no error provided): BitBlt
2026-05-04 22:00:48 | ERROR   | remote.screen | Kare yakalama hatası: Windows graphics function failed (no error provided): BitBlt
2026-05-04 22:00:49 | ERROR   | remote.screen | Kare yakalama hatası: Windows graphics function failed (no error provided): BitBlt
2026-05-04 22:00:49 | ERROR   | remote.screen | Kare yakalama hatası: Windows graphics function failed (no error provided): BitBlt
2026-05-04 22:00:50 | ERROR   | remote.screen | Kare yakalama hatası: Windows graphics function failed (no error provided): BitBlt
2026-05-04 22:00:50 | ERROR   | remote.screen | Kare yakalama hatası: Windows graphics function failed (no error provided): BitBlt
2026-05-04 22:00:51 | ERROR   | remote.screen | Kare yakalama hatası: Windows graphics function failed (no error provided): BitBlt
2026-05-04 22:00:51 | ERROR   | remote.screen | Kare yakalama hatası: Windows graphics function failed (no error provided): BitBlt
2026-05-04 22:00:52 | ERROR   | remote.screen | Kare yakalama hatası: Windows graphics function failed (no error provided): BitBlt
2026-05-04 22:00:52 | ERROR   | remote.screen | Kare yakalama hatası: Windows graphics function failed (no error provided): BitBlt
2026-05-04 22:00:53 | ERROR   | remote.screen | Kare yakalama hatası: Windows graphics function failed (no error provided): BitBlt
2026-05-04 22:00:53 | ERROR   | remote.screen | Kare yakalama hatası: Windows graphics function failed (no error provided): BitBlt
2026-05-04 22:00:54 | ERROR   | remote.screen | Kare yakalama hatası: Windows graphics function failed (no error provided): BitBlt
2026-05-04 22:00:54 | ERROR   | remote.screen | Kare yakalama hatası: Windows graphics function failed (no error provided): BitBlt
2026-05-04 22:00:55 | ERROR   | remote.screen | Kare yakalama hatası: Windows graphics function failed (no error provided): BitBlt
2026-05-04 22:00:55 | ERROR   | remote.screen | Kare yakalama hatası: Windows graphics function failed (no error provided): BitBlt
2026-05-04 22:00:56 | ERROR   | remote.screen | Kare yakalama hatası: Windows graphics function failed (no error provided): BitBlt
2026-05-04 22:00:56 | ERROR   | remote.screen | Kare yakalama hatası: Windows graphics function failed (no error provided): BitBlt
2026-05-04 22:00:57 | ERROR   | remote.screen | Kare yakalama hatası: Windows graphics function failed (no error provided): BitBlt
2026-05-04 22:00:57 | ERROR   | remote.screen | Kare yakalama hatası: Windows graphics function failed (no error provided): BitBlt
2026-05-04 22:00:58 | ERROR   | remote.screen | Kare yakalama hatası: Windows graphics function failed (no error provided): BitBlt
2026-05-04 22:00:58 | ERROR   | remote.screen | Kare yakalama hatası: Windows graphics function failed (no error provided): BitBlt
2026-05-04 22:00:59 | ERROR   | remote.screen | Kare yakalama hatası: Windows graphics function failed (no error provided): BitBlt
2026-05-04 22:00:59 | ERROR   | remote.screen | Kare yakalama hatası: Windows graphics function failed (no error provided): BitBlt
2026-05-04 22:01:00 | ERROR   | remote.screen | Kare yakalama hatası: Windows graphics function failed (no error provided): BitBlt
2026-05-04 22:01:00 | ERROR   | remote.screen | Kare yakalama hatası: Windows graphics function failed (no error provided): BitBlt
2026-05-04 22:01:01 | ERROR   | remote.screen | Kare yakalama hatası: Windows graphics function failed (no error provided): BitBlt
2026-05-04 22:01:01 | ERROR   | remote.screen | Kare yakalama hatası: Windows graphics function failed (no error provided): BitBlt
2026-05-04 22:01:02 | ERROR   | remote.screen | Kare yakalama hatası: Windows graphics function failed (no error provided): BitBlt
2026-05-04 22:01:02 | ERROR   | remote.screen | Kare yakalama hatası: Windows graphics function failed (no error provided): BitBlt
2026-05-04 22:01:03 | ERROR   | remote.screen | Kare yakalama hatası: Windows graphics function failed (no error provided): BitBlt
2026-05-04 22:01:03 | ERROR   | remote.screen | Kare yakalama hatası: Windows graphics function failed (no error provided): BitBlt
2026-05-04 22:01:04 | ERROR   | remote.screen | Kare yakalama hatası: Windows graphics function failed (no error provided): BitBlt
2026-05-04 22:01:04 | ERROR   | remote.screen | Kare yakalama hatası: Windows graphics function failed (no error provided): BitBlt
2026-05-04 22:01:05 | ERROR   | remote.screen | Kare yakalama hatası: Windows graphics function failed (no error provided): BitBlt
2026-05-04 22:01:05 | ERROR   | remote.screen | Kare yakalama hatası: Windows graphics function failed (no error provided): BitBlt
2026-05-04 22:01:06 | ERROR   | remote.screen | Kare yakalama hatası: Windows graphics function failed (no error provided): BitBlt
2026-05-04 22:01:06 | ERROR   | remote.screen | Kare yakalama hatası: Windows graphics function failed (no error provided): BitBlt
2026-05-04 22:01:07 | ERROR   | remote.screen | Kare yakalama hatası: Windows graphics function failed (no error provided): BitBlt
2026-05-04 22:01:07 | ERROR   | remote.screen | Kare yakalama hatası: Windows graphics function failed (no error provided): BitBlt
2026-05-04 22:01:08 | ERROR   | remote.screen | Kare yakalama hatası: Windows graphics function failed (no error provided): BitBlt
2026-05-04 22:01:08 | ERROR   | remote.screen | Kare yakalama hatası: Windows graphics function failed (no error provided): BitBlt
2026-05-04 22:01:09 | ERROR   | remote.screen | Kare yakalama hatası: Windows graphics function failed (no error provided): BitBlt
2026-05-04 22:01:09 | ERROR   | remote.screen | Kare yakalama hatası: Windows graphics function failed (no error provided): BitBlt
2026-05-04 22:01:10 | ERROR   | remote.screen | Kare yakalama hatası: Windows graphics function failed (no error provided): BitBlt
2026-05-04 22:01:10 | ERROR   | remote.screen | Kare yakalama hatası: Windows graphics function failed (no error provided): BitBlt
2026-05-04 22:01:11 | ERROR   | remote.screen | Kare yakalama hatası: Windows graphics function failed (no error provided): BitBlt
2026-05-04 22:01:11 | ERROR   | remote.screen | Kare yakalama hatası: Windows graphics function failed (no error provided): BitBlt
2026-05-04 22:01:12 | ERROR   | remote.screen | Kare yakalama hatası: Windows graphics function failed (no error provided): BitBlt
2026-05-04 22:01:12 | ERROR   | remote.screen | Kare yakalama hatası: Windows graphics function failed (no error provided): BitBlt
2026-05-04 22:01:13 | ERROR   | remote.screen | Kare yakalama hatası: Windows graphics function failed (no error provided): BitBlt
2026-05-04 22:01:13 | ERROR   | remote.screen | Kare yakalama hatası: Windows graphics function failed (no error provided): BitBlt
2026-05-04 22:01:14 | ERROR   | remote.screen | Kare yakalama hatası: Windows graphics function failed (no error provided): BitBlt
2026-05-04 22:01:14 | ERROR   | remote.screen | Kare yakalama hatası: Windows graphics function failed (no error provided): BitBlt
2026-05-04 22:01:15 | ERROR   | remote.screen | Kare yakalama hatası: Windows graphics function failed (no error provided): BitBlt
2026-05-04 22:01:15 | ERROR   | remote.screen | Kare yakalama hatası: Windows graphics function failed (no error provided): BitBlt
2026-05-04 22:01:16 | ERROR   | remote.screen | Kare yakalama hatası: Windows graphics function failed (no error provided): BitBlt
2026-05-04 22:01:16 | ERROR   | remote.screen | Kare yakalama hatası: Windows graphics function failed (no error provided): BitBlt
2026-05-04 22:01:17 | ERROR   | remote.screen | Kare yakalama hatası: Windows graphics function failed (no error provided): BitBlt
2026-05-04 22:01:17 | ERROR   | remote.screen | Kare yakalama hatası: Windows graphics function failed (no error provided): BitBlt
2026-05-04 22:01:18 | ERROR   | remote.screen | Kare yakalama hatası: Windows graphics function failed (no error provided): BitBlt
2026-05-04 22:01:18 | ERROR   | remote.screen | Kare yakalama hatası: Windows graphics function failed (no error provided): BitBlt
2026-05-04 22:01:19 | ERROR   | remote.screen | Kare yakalama hatası: Windows graphics function failed (no error provided): BitBlt
2026-05-04 22:01:19 | ERROR   | remote.screen | Kare yakalama hatası: Windows graphics function failed (no error provided): BitBlt
2026-05-04 22:01:20 | ERROR   | remote.screen | Kare yakalama hatası: Windows graphics function failed (no error provided): BitBlt
2026-05-04 22:01:20 | ERROR   | remote.screen | Kare yakalama hatası: Windows graphics function failed (no error provided): BitBlt
2026-05-04 22:01:21 | ERROR   | remote.screen | Kare yakalama hatası: Windows graphics function failed (no error provided): BitBlt
2026-05-04 22:01:21 | ERROR   | remote.screen | Kare yakalama hatası: Windows graphics function failed (no error provided): BitBlt
2026-05-04 22:01:22 | ERROR   | remote.screen | Kare yakalama hatası: Windows graphics function failed (no error provided): BitBlt
2026-05-04 22:01:22 | ERROR   | remote.screen | Kare yakalama hatası: Windows graphics function failed (no error provided): BitBlt
2026-05-04 22:01:23 | ERROR   | remote.screen | Kare yakalama hatası: Windows graphics function failed (no error provided): BitBlt
2026-05-04 22:01:23 | ERROR   | remote.screen | Kare yakalama hatası: Windows graphics function failed (no error provided): BitBlt
2026-05-04 22:01:24 | ERROR   | remote.screen | Kare yakalama hatası: Windows graphics function failed (no error provided): BitBlt
2026-05-04 22:01:24 | ERROR   | remote.screen | Kare yakalama hatası: Windows graphics function failed (no error provided): BitBlt
2026-05-04 22:01:25 | ERROR   | remote.screen | Kare yakalama hatası: Windows graphics function failed (no error provided): BitBlt
2026-05-04 22:01:25 | ERROR   | remote.screen | Kare yakalama hatası: Windows graphics function failed (no error provided): BitBlt
2026-05-04 22:01:26 | ERROR   | remote.screen | Kare yakalama hatası: Windows graphics function failed (no error provided): BitBlt
2026-05-04 22:01:26 | ERROR   | remote.screen | Kare yakalama hatası: Windows graphics function failed (no error provided): BitBlt
2026-05-04 22:01:27 | ERROR   | remote.screen | Kare yakalama hatası: Windows graphics function failed (no error provided): BitBlt
2026-05-04 22:01:27 | ERROR   | remote.screen | Kare yakalama hatası: Windows graphics function failed (no error provided): BitBlt
2026-05-04 22:01:28 | ERROR   | remote.screen | Kare yakalama hatası: Windows graphics function failed (no error provided): BitBlt
2026-05-04 22:01:28 | ERROR   | remote.screen | Kare yakalama hatası: Windows graphics function failed (no error provided): BitBlt
2026-05-04 22:01:29 | ERROR   | remote.screen | Kare yakalama hatası: Windows graphics function failed (no error provided): BitBlt
2026-05-04 22:01:29 | ERROR   | remote.screen | Kare yakalama hatası: Windows graphics function failed (no error provided): BitBlt
2026-05-04 22:01:30 | ERROR   | remote.screen | Kare yakalama hatası: Windows graphics function failed (no error provided): BitBlt
2026-05-04 22:01:30 | ERROR   | remote.screen | Kare yakalama hatası: Windows graphics function failed (no error provided): BitBlt
2026-05-04 22:01:31 | ERROR   | remote.screen | Kare yakalama hatası: Windows graphics function failed (no error provided): BitBlt
2026-05-04 22:01:31 | ERROR   | remote.screen | Kare yakalama hatası: Windows graphics function failed (no error provided): BitBlt
2026-05-04 22:01:32 | ERROR   | remote.screen | Kare yakalama hatası: Windows graphics function failed (no error provided): BitBlt
2026-05-04 22:01:32 | ERROR   | remote.screen | Kare yakalama hatası: Windows graphics function failed (no error provided): BitBlt
2026-05-04 22:01:33 | ERROR   | remote.screen | Kare yakalama hatası: Windows graphics function failed (no error provided): BitBlt
2026-05-04 22:01:33 | ERROR   | remote.screen | Kare yakalama hatası: Windows graphics function failed (no error provided): BitBlt
2026-05-04 22:01:34 | ERROR   | remote.screen | Kare yakalama hatası: Windows graphics function failed (no error provided): BitBlt
2026-05-04 22:01:34 | ERROR   | remote.screen | Kare yakalama hatası: Windows graphics function failed (no error provided): BitBlt
2026-05-04 22:01:35 | ERROR   | remote.screen | Kare yakalama hatası: Windows graphics function failed (no error provided): BitBlt
2026-05-04 22:01:35 | ERROR   | remote.screen | Kare yakalama hatası: Windows graphics function failed (no error provided): BitBlt
2026-05-04 22:01:36 | ERROR   | remote.screen | Kare yakalama hatası: Windows graphics function failed (no error provided): BitBlt
2026-05-04 22:01:36 | ERROR   | remote.screen | Kare yakalama hatası: Windows graphics function failed (no error provided): BitBlt
2026-05-04 22:01:37 | ERROR   | remote.screen | Kare yakalama hatası: Windows graphics function failed (no error provided): BitBlt
2026-05-04 22:01:37 | ERROR   | remote.screen | Kare yakalama hatası: Windows graphics function failed (no error provided): BitBlt
2026-05-04 22:01:38 | ERROR   | remote.screen | Kare yakalama hatası: Windows graphics function failed (no error provided): BitBlt
2026-05-04 22:01:38 | ERROR   | remote.screen | Kare yakalama hatası: Windows graphics function failed (no error provided): BitBlt
2026-05-04 22:01:39 | ERROR   | remote.screen | Kare yakalama hatası: Windows graphics function failed (no error provided): BitBlt
2026-05-04 22:01:39 | ERROR   | remote.screen | Kare yakalama hatası: Windows graphics function failed (no error provided): BitBlt
2026-05-04 22:01:40 | ERROR   | remote.screen | Kare yakalama hatası: Windows graphics function failed (no error provided): BitBlt
2026-05-04 22:01:40 | ERROR   | remote.screen | Kare yakalama hatası: Windows graphics function failed (no error provided): BitBlt
2026-05-04 22:01:41 | ERROR   | remote.screen | Kare yakalama hatası: Windows graphics function failed (no error provided): BitBlt
2026-05-04 22:01:41 | ERROR   | remote.screen | Kare yakalama hatası: Windows graphics function failed (no error provided): BitBlt
2026-05-04 22:01:42 | ERROR   | remote.screen | Kare yakalama hatası: Windows graphics function failed (no error provided): BitBlt
2026-05-04 22:01:42 | ERROR   | remote.screen | Kare yakalama hatası: Windows graphics function failed (no error provided): BitBlt
2026-05-04 22:01:43 | ERROR   | remote.screen | Kare yakalama hatası: Windows graphics function failed (no error provided): BitBlt
2026-05-04 22:01:43 | ERROR   | remote.screen | Kare yakalama hatası: Windows graphics function failed (no error provided): BitBlt
2026-05-04 22:01:44 | ERROR   | remote.screen | Kare yakalama hatası: Windows graphics function failed (no error provided): BitBlt
2026-05-04 22:01:44 | ERROR   | remote.screen | Kare yakalama hatası: Windows graphics function failed (no error provided): BitBlt
2026-05-04 22:01:45 | ERROR   | remote.screen | Kare yakalama hatası: Windows graphics function failed (no error provided): BitBlt
2026-05-04 22:01:45 | ERROR   | remote.screen | Kare yakalama hatası: Windows graphics function failed (no error provided): BitBlt
2026-05-04 22:01:46 | ERROR   | remote.screen | Kare yakalama hatası: Windows graphics function failed (no error provided): BitBlt
2026-05-04 22:01:46 | ERROR   | remote.screen | Kare yakalama hatası: Windows graphics function failed (no error provided): BitBlt
2026-05-04 22:01:47 | ERROR   | remote.screen | Kare yakalama hatası: Windows graphics function failed (no error provided): BitBlt
2026-05-04 22:01:47 | ERROR   | remote.screen | Kare yakalama hatası: Windows graphics function failed (no error provided): BitBlt
2026-05-04 22:01:48 | ERROR   | remote.screen | Kare yakalama hatası: Windows graphics function failed (no error provided): BitBlt
2026-05-04 22:01:48 | ERROR   | remote.screen | Kare yakalama hatası: Windows graphics function failed (no error provided): BitBlt
2026-05-04 22:01:49 | ERROR   | remote.screen | Kare yakalama hatası: Windows graphics function failed (no error provided): BitBlt
2026-05-04 22:01:49 | ERROR   | remote.screen | Kare yakalama hatası: Windows graphics function failed (no error provided): BitBlt
2026-05-04 22:01:50 | ERROR   | remote.screen | Kare yakalama hatası: Windows graphics function failed (no error provided): BitBlt
2026-05-04 22:01:50 | ERROR   | remote.screen | Kare yakalama hatası: Windows graphics function failed (no error provided): BitBlt
2026-05-04 22:01:51 | ERROR   | remote.screen | Kare yakalama hatası: Windows graphics function failed (no error provided): BitBlt
2026-05-04 22:01:51 | ERROR   | remote.screen | Kare yakalama hatası: Windows graphics function failed (no error provided): BitBlt
2026-05-04 22:01:52 | ERROR   | remote.screen | Kare yakalama hatası: Windows graphics function failed (no error provided): BitBlt
2026-05-04 22:01:52 | ERROR   | remote.screen | Kare yakalama hatası: Windows graphics function failed (no error provided): BitBlt
2026-05-04 22:01:53 | ERROR   | remote.screen | Kare yakalama hatası: Windows graphics function failed (no error provided): BitBlt
2026-05-04 22:01:53 | ERROR   | remote.screen | Kare yakalama hatası: Windows graphics function failed (no error provided): BitBlt
2026-05-04 22:01:54 | ERROR   | remote.screen | Kare yakalama hatası: Windows graphics function failed (no error provided): BitBlt
2026-05-04 22:01:54 | ERROR   | remote.screen | Kare yakalama hatası: Windows graphics function failed (no error provided): BitBlt
2026-05-04 22:01:55 | ERROR   | remote.screen | Kare yakalama hatası: Windows graphics function failed (no error provided): BitBlt
2026-05-04 22:01:55 | ERROR   | remote.screen | Kare yakalama hatası: Windows graphics function failed (no error provided): BitBlt
2026-05-04 22:01:56 | ERROR   | remote.screen | Kare yakalama hatası: Windows graphics function failed (no error provided): BitBlt
2026-05-04 22:01:56 | ERROR   | remote.screen | Kare yakalama hatası: Windows graphics function failed (no error provided): BitBlt
2026-05-04 22:01:57 | ERROR   | remote.screen | Kare yakalama hatası: Windows graphics function failed (no error provided): BitBlt
2026-05-04 22:01:57 | ERROR   | remote.screen | Kare yakalama hatası: Windows graphics function failed (no error provided): BitBlt
2026-05-04 22:01:58 | ERROR   | remote.screen | Kare yakalama hatası: Windows graphics function failed (no error provided): BitBlt
2026-05-04 22:01:58 | ERROR   | remote.screen | Kare yakalama hatası: Windows graphics function failed (no error provided): BitBlt
2026-05-04 22:01:59 | ERROR   | remote.screen | Kare yakalama hatası: Windows graphics function failed (no error provided): BitBlt
2026-05-04 22:01:59 | ERROR   | remote.screen | Kare yakalama hatası: Windows graphics function failed (no error provided): BitBlt
2026-05-04 22:02:00 | ERROR   | remote.screen | Kare yakalama hatası: Windows graphics function failed (no error provided): BitBlt
2026-05-04 22:02:00 | ERROR   | remote.screen | Kare yakalama hatası: Windows graphics function failed (no error provided): BitBlt
2026-05-04 22:02:01 | ERROR   | remote.screen | Kare yakalama hatası: Windows graphics function failed (no error provided): BitBlt
2026-05-04 22:02:01 | ERROR   | remote.screen | Kare yakalama hatası: Windows graphics function failed (no error provided): BitBlt
2026-05-04 22:02:02 | ERROR   | remote.screen | Kare yakalama hatası: Windows graphics function failed (no error provided): BitBlt
2026-05-04 22:02:02 | ERROR   | remote.screen | Kare yakalama hatası: Windows graphics function failed (no error provided): BitBlt
2026-05-04 22:02:03 | ERROR   | remote.screen | Kare yakalama hatası: Windows graphics function failed (no error provided): BitBlt
2026-05-04 22:02:03 | ERROR   | remote.screen | Kare yakalama hatası: Windows graphics function failed (no error provided): BitBlt
2026-05-04 22:02:04 | ERROR   | remote.screen | Kare yakalama hatası: Windows graphics function failed (no error provided): BitBlt
2026-05-04 22:02:04 | ERROR   | remote.screen | Kare yakalama hatası: Windows graphics function failed (no error provided): BitBlt
2026-05-04 22:02:05 | ERROR   | remote.screen | Kare yakalama hatası: Windows graphics function failed (no error provided): BitBlt
2026-05-04 22:02:05 | ERROR   | remote.screen | Kare yakalama hatası: Windows graphics function failed (no error provided): BitBlt
2026-05-04 22:02:06 | ERROR   | remote.screen | Kare yakalama hatası: Windows graphics function failed (no error provided): BitBlt
2026-05-04 22:02:06 | ERROR   | remote.screen | Kare yakalama hatası: Windows graphics function failed (no error provided): BitBlt
2026-05-04 22:02:07 | ERROR   | remote.screen | Kare yakalama hatası: Windows graphics function failed (no error provided): BitBlt
2026-05-04 22:02:07 | ERROR   | remote.screen | Kare yakalama hatası: Windows graphics function failed (no error provided): BitBlt
2026-05-04 22:02:08 | ERROR   | remote.screen | Kare yakalama hatası: Windows graphics function failed (no error provided): BitBlt
2026-05-04 22:02:08 | ERROR   | remote.screen | Kare yakalama hatası: Windows graphics function failed (no error provided): BitBlt
2026-05-04 22:02:09 | ERROR   | remote.screen | Kare yakalama hatası: Windows graphics function failed (no error provided): BitBlt
2026-05-04 22:02:09 | ERROR   | remote.screen | Kare yakalama hatası: Windows graphics function failed (no error provided): BitBlt
2026-05-04 22:02:10 | ERROR   | remote.screen | Kare yakalama hatası: Windows graphics function failed (no error provided): BitBlt
2026-05-04 22:02:10 | ERROR   | remote.screen | Kare yakalama hatası: Windows graphics function failed (no error provided): BitBlt
2026-05-04 22:02:11 | ERROR   | remote.screen | Kare yakalama hatası: Windows graphics function failed (no error provided): BitBlt
2026-05-04 22:02:11 | ERROR   | remote.screen | Kare yakalama hatası: Windows graphics function failed (no error provided): BitBlt
2026-05-04 22:02:12 | ERROR   | remote.screen | Kare yakalama hatası: Windows graphics function failed (no error provided): BitBlt
2026-05-04 22:02:12 | ERROR   | remote.screen | Kare yakalama hatası: Windows graphics function failed (no error provided): BitBlt
2026-05-04 22:02:13 | ERROR   | remote.screen | Kare yakalama hatası: Windows graphics function failed (no error provided): BitBlt
2026-05-04 22:02:13 | ERROR   | remote.screen | Kare yakalama hatası: Windows graphics function failed (no error provided): BitBlt
2026-05-04 22:02:14 | ERROR   | remote.screen | Kare yakalama hatası: Windows graphics function failed (no error provided): BitBlt
2026-05-04 22:02:14 | ERROR   | remote.screen | Kare yakalama hatası: Windows graphics function failed (no error provided): BitBlt
2026-05-04 22:02:15 | ERROR   | remote.screen | Kare yakalama hatası: Windows graphics function failed (no error provided): BitBlt
2026-05-04 22:02:15 | ERROR   | remote.screen | Kare yakalama hatası: Windows graphics function failed (no error provided): BitBlt
2026-05-04 22:02:16 | ERROR   | remote.screen | Kare yakalama hatası: Windows graphics function failed (no error provided): BitBlt
2026-05-04 22:02:16 | ERROR   | remote.screen | Kare yakalama hatası: Windows graphics function failed (no error provided): BitBlt
2026-05-04 22:02:17 | ERROR   | remote.screen | Kare yakalama hatası: Windows graphics function failed (no error provided): BitBlt
2026-05-04 22:02:17 | ERROR   | remote.screen | Kare yakalama hatası: Windows graphics function failed (no error provided): BitBlt
2026-05-04 22:02:18 | ERROR   | remote.screen | Kare yakalama hatası: Windows graphics function failed (no error provided): BitBlt
2026-05-04 22:02:18 | ERROR   | remote.screen | Kare yakalama hatası: Windows graphics function failed (no error provided): BitBlt
2026-05-04 22:02:19 | ERROR   | remote.screen | Kare yakalama hatası: Windows graphics function failed (no error provided): BitBlt
2026-05-04 22:02:19 | ERROR   | remote.screen | Kare yakalama hatası: Windows graphics function failed (no error provided): BitBlt
2026-05-04 22:02:20 | ERROR   | remote.screen | Kare yakalama hatası: Windows graphics function failed (no error provided): BitBlt
2026-05-04 22:02:20 | ERROR   | remote.screen | Kare yakalama hatası: Windows graphics function failed (no error provided): BitBlt
2026-05-04 22:02:21 | ERROR   | remote.screen | Kare yakalama hatası: Windows graphics function failed (no error provided): BitBlt
2026-05-04 22:02:21 | ERROR   | remote.screen | Kare yakalama hatası: Windows graphics function failed (no error provided): BitBlt
2026-05-04 22:02:22 | ERROR   | remote.screen | Kare yakalama hatası: Windows graphics function failed (no error provided): BitBlt
2026-05-04 22:02:22 | ERROR   | remote.screen | Kare yakalama hatası: Windows graphics function failed (no error provided): BitBlt
2026-05-04 22:02:23 | ERROR   | remote.screen | Kare yakalama hatası: Windows graphics function failed (no error provided): BitBlt
2026-05-04 22:02:23 | ERROR   | remote.screen | Kare yakalama hatası: Windows graphics function failed (no error provided): BitBlt
2026-05-04 22:02:24 | ERROR   | remote.screen | Kare yakalama hatası: Windows graphics function failed (no error provided): BitBlt
2026-05-04 22:02:24 | ERROR   | remote.screen | Kare yakalama hatası: Windows graphics function failed (no error provided): BitBlt
2026-05-04 22:02:25 | ERROR   | remote.screen | Kare yakalama hatası: Windows graphics function failed (no error provided): BitBlt
2026-05-04 22:02:25 | ERROR   | remote.screen | Kare yakalama hatası: Windows graphics function failed (no error provided): BitBlt
2026-05-04 22:02:26 | ERROR   | remote.screen | Kare yakalama hatası: Windows graphics function failed (no error provided): BitBlt
2026-05-04 22:02:26 | ERROR   | remote.screen | Kare yakalama hatası: Windows graphics function failed (no error provided): BitBlt
2026-05-04 22:02:27 | ERROR   | remote.screen | Kare yakalama hatası: Windows graphics function failed (no error provided): BitBlt
2026-05-04 22:02:27 | ERROR   | remote.screen | Kare yakalama hatası: Windows graphics function failed (no error provided): BitBlt
2026-05-04 22:02:28 | ERROR   | remote.screen | Kare yakalama hatası: Windows graphics function failed (no error provided): BitBlt
2026-05-04 22:02:28 | ERROR   | remote.screen | Kare yakalama hatası: Windows graphics function failed (no error provided): BitBlt
2026-05-04 22:02:29 | ERROR   | remote.screen | Kare yakalama hatası: Windows graphics function failed (no error provided): BitBlt
2026-05-04 22:02:29 | ERROR   | remote.screen | Kare yakalama hatası: Windows graphics function failed (no error provided): BitBlt
2026-05-04 22:02:30 | ERROR   | remote.screen | Kare yakalama hatası: Windows graphics function failed (no error provided): BitBlt
2026-05-04 22:02:30 | ERROR   | remote.screen | Kare yakalama hatası: Windows graphics function failed (no error provided): BitBlt
2026-05-04 22:02:31 | ERROR   | remote.screen | Kare yakalama hatası: Windows graphics function failed (no error provided): BitBlt
2026-05-04 22:02:31 | ERROR   | remote.screen | Kare yakalama hatası: Windows graphics function failed (no error provided): BitBlt
2026-05-04 22:02:32 | ERROR   | remote.screen | Kare yakalama hatası: Windows graphics function failed (no error provided): BitBlt
2026-05-04 22:02:32 | ERROR   | remote.screen | Kare yakalama hatası: Windows graphics function failed (no error provided): BitBlt
2026-05-04 22:02:33 | ERROR   | remote.screen | Kare yakalama hatası: Windows graphics function failed (no error provided): BitBlt
2026-05-04 22:02:33 | ERROR   | remote.screen | Kare yakalama hatası: Windows graphics function failed (no error provided): BitBlt
2026-05-04 22:02:34 | ERROR   | remote.screen | Kare yakalama hatası: Windows graphics function failed (no error provided): BitBlt
2026-05-04 22:02:34 | ERROR   | remote.screen | Kare yakalama hatası: Windows graphics function failed (no error provided): BitBlt
2026-05-04 22:02:35 | ERROR   | remote.screen | Kare yakalama hatası: Windows graphics function failed (no error provided): BitBlt
2026-05-04 22:02:35 | ERROR   | remote.screen | Kare yakalama hatası: Windows graphics function failed (no error provided): BitBlt
2026-05-04 22:02:36 | ERROR   | remote.screen | Kare yakalama hatası: Windows graphics function failed (no error provided): BitBlt
2026-05-04 22:02:36 | ERROR   | remote.screen | Kare yakalama hatası: Windows graphics function failed (no error provided): BitBlt
2026-05-04 22:02:37 | ERROR   | remote.screen | Kare yakalama hatası: Windows graphics function failed (no error provided): BitBlt
2026-05-04 22:02:37 | ERROR   | remote.screen | Kare yakalama hatası: Windows graphics function failed (no error provided): BitBlt
2026-05-04 22:02:38 | ERROR   | remote.screen | Kare yakalama hatası: Windows graphics function failed (no error provided): BitBlt
2026-05-04 22:02:38 | ERROR   | remote.screen | Kare yakalama hatası: Windows graphics function failed (no error provided): BitBlt
2026-05-04 22:02:39 | ERROR   | remote.screen | Kare yakalama hatası: Windows graphics function failed (no error provided): BitBlt
2026-05-04 22:02:39 | ERROR   | remote.screen | Kare yakalama hatası: Windows graphics function failed (no error provided): BitBlt
2026-05-04 22:02:40 | ERROR   | remote.screen | Kare yakalama hatası: Windows graphics function failed (no error provided): BitBlt
2026-05-04 22:02:40 | ERROR   | remote.screen | Kare yakalama hatası: Windows graphics function failed (no error provided): BitBlt
2026-05-04 22:02:41 | ERROR   | remote.screen | Kare yakalama hatası: Windows graphics function failed (no error provided): BitBlt
2026-05-04 22:02:41 | ERROR   | remote.screen | Kare yakalama hatası: Windows graphics function failed (no error provided): BitBlt
2026-05-04 22:02:42 | ERROR   | remote.screen | Kare yakalama hatası: Windows graphics function failed (no error provided): BitBlt
2026-05-04 22:02:42 | ERROR   | remote.screen | Kare yakalama hatası: Windows graphics function failed (no error provided): BitBlt
2026-05-04 22:02:43 | ERROR   | remote.screen | Kare yakalama hatası: Windows graphics function failed (no error provided): BitBlt
2026-05-04 22:02:43 | ERROR   | remote.screen | Kare yakalama hatası: Windows graphics function failed (no error provided): BitBlt
2026-05-04 22:02:44 | ERROR   | remote.screen | Kare yakalama hatası: Windows graphics function failed (no error provided): BitBlt
2026-05-04 22:02:44 | ERROR   | remote.screen | Kare yakalama hatası: Windows graphics function failed (no error provided): BitBlt
2026-05-04 22:02:45 | ERROR   | remote.screen | Kare yakalama hatası: Windows graphics function failed (no error provided): BitBlt
2026-05-04 22:02:45 | ERROR   | remote.screen | Kare yakalama hatası: Windows graphics function failed (no error provided): BitBlt
2026-05-04 22:02:46 | ERROR   | remote.screen | Kare yakalama hatası: Windows graphics function failed (no error provided): BitBlt
2026-05-04 22:02:46 | ERROR   | remote.screen | Kare yakalama hatası: Windows graphics function failed (no error provided): BitBlt
2026-05-04 22:02:47 | ERROR   | remote.screen | Kare yakalama hatası: Windows graphics function failed (no error provided): BitBlt
2026-05-04 22:02:47 | ERROR   | remote.screen | Kare yakalama hatası: Windows graphics function failed (no error provided): BitBlt
2026-05-04 22:02:48 | ERROR   | remote.screen | Kare yakalama hatası: Windows graphics function failed (no error provided): BitBlt
2026-05-04 22:02:48 | ERROR   | remote.screen | Kare yakalama hatası: Windows graphics function failed (no error provided): BitBlt
2026-05-04 22:02:49 | ERROR   | remote.screen | Kare yakalama hatası: Windows graphics function failed (no error provided): BitBlt
2026-05-04 22:02:49 | ERROR   | remote.screen | Kare yakalama hatası: Windows graphics function failed (no error provided): BitBlt
2026-05-04 22:02:50 | ERROR   | remote.screen | Kare yakalama hatası: Windows graphics function failed (no error provided): BitBlt
2026-05-04 22:02:50 | ERROR   | remote.screen | Kare yakalama hatası: Windows graphics function failed (no error provided): BitBlt
2026-05-04 22:02:51 | ERROR   | remote.screen | Kare yakalama hatası: Windows graphics function failed (no error provided): BitBlt
2026-05-04 22:02:51 | ERROR   | remote.screen | Kare yakalama hatası: Windows graphics function failed (no error provided): BitBlt
2026-05-04 22:02:52 | ERROR   | remote.screen | Kare yakalama hatası: Windows graphics function failed (no error provided): BitBlt
2026-05-04 22:02:52 | ERROR   | remote.screen | Kare yakalama hatası: Windows graphics function failed (no error provided): BitBlt
2026-05-04 22:02:53 | ERROR   | remote.screen | Kare yakalama hatası: Windows graphics function failed (no error provided): BitBlt
2026-05-04 22:02:53 | ERROR   | remote.screen | Kare yakalama hatası: Windows graphics function failed (no error provided): BitBlt
2026-05-04 22:02:54 | ERROR   | remote.screen | Kare yakalama hatası: Windows graphics function failed (no error provided): BitBlt
2026-05-04 22:02:54 | ERROR   | remote.screen | Kare yakalama hatası: Windows graphics function failed (no error provided): BitBlt
2026-05-04 22:02:55 | ERROR   | remote.screen | Kare yakalama hatası: Windows graphics function failed (no error provided): BitBlt
2026-05-04 22:02:55 | ERROR   | remote.screen | Kare yakalama hatası: Windows graphics function failed (no error provided): BitBlt
2026-05-04 22:02:56 | ERROR   | remote.screen | Kare yakalama hatası: Windows graphics function failed (no error provided): BitBlt
2026-05-04 22:02:56 | ERROR   | remote.screen | Kare yakalama hatası: Windows graphics function failed (no error provided): BitBlt
2026-05-04 22:02:57 | ERROR   | remote.screen | Kare yakalama hatası: Windows graphics function failed (no error provided): BitBlt
2026-05-04 22:02:57 | ERROR   | remote.screen | Kare yakalama hatası: Windows graphics function failed (no error provided): BitBlt
2026-05-04 22:02:58 | ERROR   | remote.screen | Kare yakalama hatası: Windows graphics function failed (no error provided): BitBlt
2026-05-04 22:02:58 | ERROR   | remote.screen | Kare yakalama hatası: Windows graphics function failed (no error provided): BitBlt
2026-05-04 22:02:59 | ERROR   | remote.screen | Kare yakalama hatası: Windows graphics function failed (no error provided): BitBlt
2026-05-04 22:02:59 | ERROR   | remote.screen | Kare yakalama hatası: Windows graphics function failed (no error provided): BitBlt
2026-05-04 22:03:00 | ERROR   | remote.screen | Kare yakalama hatası: Windows graphics function failed (no error provided): BitBlt
2026-05-04 22:03:00 | ERROR   | remote.screen | Kare yakalama hatası: Windows graphics function failed (no error provided): BitBlt
2026-05-04 22:03:01 | ERROR   | remote.screen | Kare yakalama hatası: Windows graphics function failed (no error provided): BitBlt
2026-05-04 22:03:01 | ERROR   | remote.screen | Kare yakalama hatası: Windows graphics function failed (no error provided): BitBlt
2026-05-04 22:03:02 | ERROR   | remote.screen | Kare yakalama hatası: Windows graphics function failed (no error provided): BitBlt
2026-05-04 22:03:02 | ERROR   | remote.screen | Kare yakalama hatası: Windows graphics function failed (no error provided): BitBlt
2026-05-04 22:03:03 | ERROR   | remote.screen | Kare yakalama hatası: Windows graphics function failed (no error provided): BitBlt
2026-05-04 22:03:03 | ERROR   | remote.screen | Kare yakalama hatası: Windows graphics function failed (no error provided): BitBlt
2026-05-04 22:03:04 | ERROR   | remote.screen | Kare yakalama hatası: Windows graphics function failed (no error provided): BitBlt
2026-05-04 22:03:04 | ERROR   | remote.screen | Kare yakalama hatası: Windows graphics function failed (no error provided): BitBlt
2026-05-04 22:03:05 | ERROR   | remote.screen | Kare yakalama hatası: Windows graphics function failed (no error provided): BitBlt
2026-05-04 22:03:05 | ERROR   | remote.screen | Kare yakalama hatası: Windows graphics function failed (no error provided): BitBlt
2026-05-04 22:03:06 | ERROR   | remote.screen | Kare yakalama hatası: Windows graphics function failed (no error provided): BitBlt
2026-05-04 22:03:06 | ERROR   | remote.screen | Kare yakalama hatası: Windows graphics function failed (no error provided): BitBlt
2026-05-04 22:03:07 | ERROR   | remote.screen | Kare yakalama hatası: Windows graphics function failed (no error provided): BitBlt
2026-05-04 22:03:07 | ERROR   | remote.screen | Kare yakalama hatası: Windows graphics function failed (no error provided): BitBlt
2026-05-04 22:03:08 | ERROR   | remote.screen | Kare yakalama hatası: Windows graphics function failed (no error provided): BitBlt
2026-05-04 22:03:08 | ERROR   | remote.screen | Kare yakalama hatası: Windows graphics function failed (no error provided): BitBlt
2026-05-04 22:03:09 | ERROR   | remote.screen | Kare yakalama hatası: Windows graphics function failed (no error provided): BitBlt
2026-05-04 22:03:09 | ERROR   | remote.screen | Kare yakalama hatası: Windows graphics function failed (no error provided): BitBlt
2026-05-04 22:03:10 | ERROR   | remote.screen | Kare yakalama hatası: Windows graphics function failed (no error provided): BitBlt
2026-05-04 22:03:10 | ERROR   | remote.screen | Kare yakalama hatası: Windows graphics function failed (no error provided): BitBlt
2026-05-04 22:03:11 | ERROR   | remote.screen | Kare yakalama hatası: Windows graphics function failed (no error provided): BitBlt
2026-05-04 22:03:11 | ERROR   | remote.screen | Kare yakalama hatası: Windows graphics function failed (no error provided): BitBlt
2026-05-04 22:03:12 | ERROR   | remote.screen | Kare yakalama hatası: Windows graphics function failed (no error provided): BitBlt
2026-05-04 22:03:12 | ERROR   | remote.screen | Kare yakalama hatası: Windows graphics function failed (no error provided): BitBlt
2026-05-04 22:03:13 | ERROR   | remote.screen | Kare yakalama hatası: Windows graphics function failed (no error provided): BitBlt
2026-05-04 22:03:13 | ERROR   | remote.screen | Kare yakalama hatası: Windows graphics function failed (no error provided): BitBlt
2026-05-04 22:03:14 | ERROR   | remote.screen | Kare yakalama hatası: Windows graphics function failed (no error provided): BitBlt
2026-05-04 22:03:14 | ERROR   | remote.screen | Kare yakalama hatası: Windows graphics function failed (no error provided): BitBlt
2026-05-04 22:03:15 | ERROR   | remote.screen | Kare yakalama hatası: Windows graphics function failed (no error provided): BitBlt
2026-05-04 22:03:15 | ERROR   | remote.screen | Kare yakalama hatası: Windows graphics function failed (no error provided): BitBlt
2026-05-04 22:03:16 | ERROR   | remote.screen | Kare yakalama hatası: Windows graphics function failed (no error provided): BitBlt
2026-05-04 22:03:16 | ERROR   | remote.screen | Kare yakalama hatası: Windows graphics function failed (no error provided): BitBlt
2026-05-04 22:03:17 | ERROR   | remote.screen | Kare yakalama hatası: Windows graphics function failed (no error provided): BitBlt
2026-05-04 22:03:17 | ERROR   | remote.screen | Kare yakalama hatası: Windows graphics function failed (no error provided): BitBlt
2026-05-04 22:03:18 | ERROR   | remote.screen | Kare yakalama hatası: Windows graphics function failed (no error provided): BitBlt
2026-05-04 22:03:18 | ERROR   | remote.screen | Kare yakalama hatası: Windows graphics function failed (no error provided): BitBlt
2026-05-04 22:03:19 | ERROR   | remote.screen | Kare yakalama hatası: Windows graphics function failed (no error provided): BitBlt
2026-05-04 22:03:19 | ERROR   | remote.screen | Kare yakalama hatası: Windows graphics function failed (no error provided): BitBlt
2026-05-04 22:03:20 | ERROR   | remote.screen | Kare yakalama hatası: Windows graphics function failed (no error provided): BitBlt
2026-05-04 22:03:44 | INFO    | remote       | ============================================================
2026-05-04 22:03:44 | INFO    | remote       |   JARVIS UZAKTAN KONTROL SISTEMI v1.0
2026-05-04 22:03:44 | INFO    | remote       | ============================================================
2026-05-04 22:03:44 | INFO    | remote       | Cihaz     : DESKTOP-H2DGAQ3
2026-05-04 22:03:44 | INFO    | remote       | Yerel IP  : 192.168.210.233
2026-05-04 22:03:44 | INFO    | remote       | Port      : 8765
2026-05-04 22:03:44 | INFO    | remote       | ntfy konu : jarvis-Web
2026-05-04 22:03:44 | INFO    | remote       | ============================================================
2026-05-04 22:03:44 | INFO    | remote.ntfy  | NtfyClient hazir -> https://ntfy.sh/jarvis-Web
2026-05-04 22:03:44 | INFO    | remote.auth  | Yeni oturum anahtarı oluşturuldu.
2026-05-04 22:03:44 | INFO    | remote       | Oturum anahtarı oluşturuldu: 1HHzsI_kXyP4NQGa…
2026-05-04 22:03:44 | INFO    | remote.ntfy  | Bildirim gönderildi (Giris Anahtari) [HTTP 200]
2026-05-04 22:04:14 | INFO    | remote       | ============================================================
2026-05-04 22:04:14 | INFO    | remote       |   JARVIS UZAKTAN KONTROL SISTEMI v1.0
2026-05-04 22:04:14 | INFO    | remote       | ============================================================
2026-05-04 22:04:14 | INFO    | remote       | Cihaz     : DESKTOP-H2DGAQ3
2026-05-04 22:04:14 | INFO    | remote       | Yerel IP  : 192.168.210.233
2026-05-04 22:04:14 | INFO    | remote       | Port      : 8765
2026-05-04 22:04:14 | INFO    | remote       | ntfy konu : jarvis-Web
2026-05-04 22:04:14 | INFO    | remote       | ============================================================
2026-05-04 22:04:14 | INFO    | remote.ntfy  | NtfyClient hazir -> https://ntfy.sh/jarvis-Web
2026-05-04 22:04:14 | INFO    | remote.auth  | Yeni oturum anahtarı oluşturuldu.
2026-05-04 22:04:14 | INFO    | remote       | Oturum anahtarı oluşturuldu: OW77lHmeeRnMulki…
2026-05-04 22:04:15 | INFO    | remote.ntfy  | Bildirim gönderildi (Giris Anahtari) [HTTP 200]
2026-05-04 22:04:15 | INFO    | remote.terminal | Terminal hazir (Gemini API)
2026-05-04 22:04:15 | INFO    | remote.cloudflare | cloudflared baslatiliyor: C:\Users\Berat\AppData\Local\Microsoft\WinGet\Links\cloudflared.exe tunnel --url http://localhost:8765
2026-05-04 22:04:15 | INFO    | remote.cloudflare | Tünel yöneticisi başlatıldı (port=8765)
2026-05-04 22:04:15 | INFO    | remote.security | MAC tarayıcı başlatıldı — Hedef: fe:84:34:6f:d8:10, Aralık: 60s
2026-05-04 22:04:15 | INFO    | remote.security | Ilk tarama: Guvenilir cihaz agda bulunamadi (5 cihaz tespit edildi)
2026-05-04 22:04:15 | INFO    | remote       | FastAPI sunucusu baslatiliyor -> http://localhost:8765
2026-05-04 22:04:15 | INFO    | remote.ntfy  | Bildirim gönderildi (Guvenlik Uyarisi) [HTTP 200]
2026-05-04 22:04:21 | INFO    | remote.cloudflare | Tünel URL: https://lonely-replacing-nasa-agents.trycloudflare.com
2026-05-04 22:04:21 | INFO    | remote       | Tunel hazir: https://lonely-replacing-nasa-agents.trycloudflare.com
2026-05-04 22:04:21 | INFO    | remote.auth  | Yeni oturum anahtarı oluşturuldu.
2026-05-04 22:04:21 | INFO    | remote.ntfy  | Bildirim gönderildi (Tunel Hazir) [HTTP 200]
2026-05-04 22:04:22 | INFO    | remote.ntfy  | Bildirim gönderildi (Giris Anahtari) [HTTP 200]
2026-05-04 22:04:22 | INFO    | remote       | Yeni oturum anahtari gonderildi.
2026-05-04 22:04:37 | WARNING | remote.auth  | Hatalı oturum anahtarı: 5.229.80.227
2026-05-04 22:05:07 | INFO    | remote.auth  | Oturum anahtarı doğrulandı: 5.229.80.227
2026-05-04 22:05:07 | INFO    | remote.auth  | Yeni OTP oluşturuldu.
2026-05-04 22:05:07 | INFO    | remote.ntfy  | Bildirim gönderildi (OTP Dogrulama) [HTTP 200]
2026-05-04 22:05:16 | INFO    | remote.auth  | OTP doğrulandı: 5.229.80.227
2026-05-04 22:05:16 | INFO    | remote.auth  | Oturum oluşturuldu: DCMnykrOhk3i… [5.229.80.227]
2026-05-04 22:05:18 | INFO    | remote.screen | Ekran istemcisi bağlandı (toplam: 1)
2026-05-04 22:05:18 | INFO    | remote.screen | Ekran istemcisi ayrıldı (kalan: 0)
2026-05-04 22:05:34 | INFO    | remote.screen | Ekran istemcisi bağlandı (toplam: 1)
2026-05-04 22:05:34 | INFO    | remote.screen | Ekran istemcisi ayrıldı (kalan: 0)
2026-05-04 22:05:47 | INFO    | remote.autostart | VBS launcher oluşturuldu: C:\Users\Berat\Downloads\Mark-XXXIX-main - Kopya\Mark-XXXIX-main\start_remote_hidden.vbs
2026-05-04 22:05:47 | INFO    | remote.autostart | Otomatik baslatma kuruldu: JarvisRemoteControl
2026-05-04 22:12:08 | INFO    | remote       | ============================================================
2026-05-04 22:12:08 | INFO    | remote       |   JARVIS UZAKTAN KONTROL SISTEMI v1.0
2026-05-04 22:12:08 | INFO    | remote       | ============================================================
2026-05-04 22:12:08 | INFO    | remote       | Cihaz     : DESKTOP-H2DGAQ3
2026-05-04 22:12:08 | INFO    | remote       | Yerel IP  : 192.168.210.233
2026-05-04 22:12:08 | INFO    | remote       | Port      : 8765
2026-05-04 22:12:08 | INFO    | remote       | ntfy konu : jarvis-Web
2026-05-04 22:12:08 | INFO    | remote       | ============================================================
2026-05-04 22:12:08 | INFO    | remote.ntfy  | NtfyClient hazir -> https://ntfy.sh/jarvis-Web
2026-05-04 22:12:08 | INFO    | remote.auth  | Yeni oturum anahtarı oluşturuldu.
2026-05-04 22:12:08 | INFO    | remote       | Oturum anahtarı oluşturuldu: tVsdzA4FDEsKYl0b…
2026-05-04 22:12:08 | INFO    | remote.terminal | Terminal araci baslatildi (Masaustu Jarvis ile iletisim kurulacak)
2026-05-04 22:12:08 | INFO    | remote.cloudflare | cloudflared baslatiliyor: C:\Users\Berat\AppData\Local\Microsoft\WinGet\Links\cloudflared.exe tunnel --url http://localhost:8765
2026-05-04 22:12:08 | INFO    | remote.cloudflare | Tünel yöneticisi başlatıldı (port=8765)
2026-05-04 22:12:08 | INFO    | remote.security | MAC tarayıcı başlatıldı — Hedef: fe:84:34:6f:d8:10, Aralık: 60s
2026-05-04 22:12:08 | INFO    | remote.security | Ilk tarama: Guvenilir cihaz agda bulunamadi (5 cihaz tespit edildi)
2026-05-04 22:12:08 | INFO    | remote       | FastAPI sunucusu baslatiliyor -> http://localhost:8765
2026-05-04 22:12:10 | INFO    | remote.ntfy  | Bildirim gönderildi (Guvenlik Uyarisi) [HTTP 200]
2026-05-04 22:12:14 | INFO    | remote.cloudflare | Tünel URL: https://rare-vpn-realized-developers.trycloudflare.com
2026-05-04 22:12:14 | INFO    | remote       | Tunel hazir: https://rare-vpn-realized-developers.trycloudflare.com
2026-05-04 22:12:14 | INFO    | remote.auth  | Yeni oturum anahtarı oluşturuldu.
2026-05-04 22:12:15 | INFO    | remote.ntfy  | Bildirim gönderildi (Tunel Hazir) [HTTP 200]
2026-05-04 22:12:15 | INFO    | remote.ntfy  | Bildirim gönderildi (Giris Anahtari) [HTTP 200]
2026-05-04 22:12:15 | INFO    | remote       | Yeni oturum anahtari gonderildi.
2026-05-04 22:12:43 | INFO    | remote.auth  | Oturum anahtarı doğrulandı: 5.229.80.227
2026-05-04 22:12:43 | INFO    | remote.auth  | Yeni OTP oluşturuldu.
2026-05-04 22:12:43 | INFO    | remote.ntfy  | Bildirim gönderildi (OTP Dogrulama) [HTTP 200]
2026-05-04 22:12:50 | INFO    | remote.auth  | OTP doğrulandı: 5.229.80.227
2026-05-04 22:12:50 | INFO    | remote.auth  | Oturum oluşturuldu: rHM9m3B4itDU… [5.229.80.227]
2026-05-04 22:14:53 | INFO    | remote.audio | Ses seviyesi: 50%
2026-05-04 22:14:54 | INFO    | remote.audio | Ses seviyesi: 100%
2026-05-04 22:14:56 | INFO    | remote.audio | Ses seviyesi: 100%
2026-05-04 22:15:34 | INFO    | remote.server | Masaustu UI baslatildi.
2026-05-04 22:19:41 | INFO    | remote       | ============================================================
2026-05-04 22:19:41 | INFO    | remote       |   JARVIS UZAKTAN KONTROL SISTEMI v1.0
2026-05-04 22:19:41 | INFO    | remote       | ============================================================
2026-05-04 22:19:41 | INFO    | remote       | Cihaz     : DESKTOP-H2DGAQ3
2026-05-04 22:19:41 | INFO    | remote       | Yerel IP  : 192.168.210.233
2026-05-04 22:19:41 | INFO    | remote       | Port      : 8765
2026-05-04 22:19:41 | INFO    | remote       | ntfy konu : jarvis-Web
2026-05-04 22:19:41 | INFO    | remote       | ============================================================
2026-05-04 22:19:41 | INFO    | remote.ntfy  | NtfyClient hazir -> https://ntfy.sh/jarvis-Web
2026-05-04 22:19:41 | INFO    | remote.auth  | Yeni oturum anahtarı oluşturuldu.
2026-05-04 22:19:41 | INFO    | remote       | Oturum anahtarı oluşturuldu: SU2oi8srf0rH1ahH…
2026-05-04 22:19:41 | INFO    | remote.terminal | Terminal araci baslatildi (Masaustu Jarvis ile iletisim kurulacak)
2026-05-04 22:19:41 | INFO    | remote.cloudflare | cloudflared baslatiliyor: C:\Users\Berat\AppData\Local\Microsoft\WinGet\Links\cloudflared.exe tunnel --url http://localhost:8765
2026-05-04 22:19:41 | INFO    | remote.cloudflare | Tünel yöneticisi başlatıldı (port=8765)
2026-05-04 22:19:41 | INFO    | remote.security | MAC tarayıcı başlatıldı — Hedef: fe:84:34:6f:d8:10, Aralık: 60s
2026-05-04 22:19:41 | INFO    | remote.security | Ilk tarama: Guvenilir cihaz agda bulunamadi (5 cihaz tespit edildi)
2026-05-04 22:19:41 | INFO    | remote       | FastAPI sunucusu baslatiliyor -> http://localhost:8765
2026-05-04 22:19:43 | INFO    | remote.ntfy  | Bildirim gönderildi (Guvenlik Uyarisi) [HTTP 200]
2026-05-04 22:19:47 | INFO    | remote.cloudflare | Tünel URL: https://advertise-side-advocacy-recovered.trycloudflare.com
2026-05-04 22:19:47 | INFO    | remote       | Tunel hazir: https://advertise-side-advocacy-recovered.trycloudflare.com
2026-05-04 22:19:47 | INFO    | remote.auth  | Yeni oturum anahtarı oluşturuldu.
2026-05-04 22:19:47 | INFO    | remote.ntfy  | Bildirim gönderildi (Tunel Hazir) [HTTP 200]
2026-05-04 22:19:47 | INFO    | remote.ntfy  | Bildirim gönderildi (Giris Anahtari) [HTTP 200]
2026-05-04 22:19:47 | INFO    | remote       | Yeni oturum anahtari gonderildi.
2026-05-04 22:20:07 | INFO    | remote.auth  | Oturum anahtarı doğrulandı: 5.229.80.227
2026-05-04 22:20:07 | INFO    | remote.auth  | Yeni OTP oluşturuldu.
2026-05-04 22:20:07 | INFO    | remote.ntfy  | Bildirim gönderildi (OTP Dogrulama) [HTTP 200]
2026-05-04 22:20:14 | INFO    | remote.auth  | OTP doğrulandı: 5.229.80.227
2026-05-04 22:20:14 | INFO    | remote.auth  | Oturum oluşturuldu: RKYur9SeMi0Y… [5.229.80.227]
2026-05-04 22:20:45 | INFO    | remote.audio | Ses seviyesi: 82%
2026-05-04 22:20:49 | INFO    | remote.audio | Ses seviyesi: 100%
2026-05-04 22:20:51 | INFO    | remote.audio | Ses seviyesi: 100%
2026-05-04 22:25:16 | INFO    | remote       | ============================================================
2026-05-04 22:25:16 | INFO    | remote       |   JARVIS UZAKTAN KONTROL SISTEMI v1.0
2026-05-04 22:25:16 | INFO    | remote       | ============================================================
2026-05-04 22:25:16 | INFO    | remote       | Cihaz     : DESKTOP-H2DGAQ3
2026-05-04 22:25:16 | INFO    | remote       | Yerel IP  : 192.168.210.233
2026-05-04 22:25:16 | INFO    | remote       | Port      : 8765
2026-05-04 22:25:16 | INFO    | remote       | ntfy konu : jarvis-Web
2026-05-04 22:25:16 | INFO    | remote       | ============================================================
2026-05-04 22:25:16 | INFO    | remote.ntfy  | NtfyClient hazir -> https://ntfy.sh/jarvis-Web
2026-05-04 22:25:16 | INFO    | remote.auth  | Yeni oturum anahtarı oluşturuldu.
2026-05-04 22:25:16 | INFO    | remote       | Oturum anahtarı oluşturuldu: vkazv1O5YNtR5lte…
2026-05-04 22:25:16 | INFO    | remote.terminal | Terminal araci baslatildi (Masaustu Jarvis ile iletisim kurulacak)
2026-05-04 22:25:16 | INFO    | remote.cloudflare | cloudflared baslatiliyor: C:\Users\Berat\AppData\Local\Microsoft\WinGet\Links\cloudflared.exe tunnel --url http://localhost:8765
2026-05-04 22:25:16 | INFO    | remote.cloudflare | Tünel yöneticisi başlatıldı (port=8765)
2026-05-04 22:25:16 | INFO    | remote.security | MAC tarayıcı başlatıldı — Hedef: fe:84:34:6f:d8:10, Aralık: 60s
2026-05-04 22:25:16 | INFO    | remote.security | Ilk tarama: Güvenilir cihaz agda bulunamadi (5 cihaz tespit edildi)
2026-05-04 22:25:16 | ERROR   | remote.security | MAC tarama hatası: name 'body' is not defined
2026-05-04 22:25:16 | INFO    | remote       | FastAPI sunucusu baslatiliyor -> http://localhost:8765
2026-05-04 22:25:22 | INFO    | remote.cloudflare | Tünel URL: https://exceptional-hosting-munich-crm.trycloudflare.com
2026-05-04 22:25:22 | INFO    | remote       | Tunel hazir: https://exceptional-hosting-munich-crm.trycloudflare.com
2026-05-04 22:25:22 | INFO    | remote.auth  | Yeni oturum anahtarı oluşturuldu.
2026-05-04 22:25:22 | ERROR   | remote.cloudflare | on_url_ready callback hatası: name 'body' is not defined
2026-05-04 22:29:19 | INFO    | remote       | ============================================================
2026-05-04 22:29:19 | INFO    | remote       |   JARVIS UZAKTAN KONTROL SISTEMI v1.0
2026-05-04 22:29:19 | INFO    | remote       | ============================================================
2026-05-04 22:29:19 | INFO    | remote       | Cihaz     : DESKTOP-H2DGAQ3
2026-05-04 22:29:19 | INFO    | remote       | Yerel IP  : 192.168.210.233
2026-05-04 22:29:19 | INFO    | remote       | Port      : 8765
2026-05-04 22:29:19 | INFO    | remote       | ntfy konu : jarvis-Web
2026-05-04 22:29:19 | INFO    | remote       | ============================================================
2026-05-04 22:29:19 | INFO    | remote.ntfy  | NtfyClient hazir -> https://ntfy.sh/jarvis-Web
2026-05-04 22:29:19 | INFO    | remote.auth  | Yeni oturum anahtarı oluşturuldu.
2026-05-04 22:29:19 | INFO    | remote       | Oturum anahtarı oluşturuldu: w-smY6RZ07ql8yQC…
2026-05-04 22:29:19 | INFO    | remote.terminal | Terminal araci baslatildi (Masaustu Jarvis ile iletisim kurulacak)
2026-05-04 22:29:19 | INFO    | remote.cloudflare | cloudflared baslatiliyor: C:\Users\Berat\AppData\Local\Microsoft\WinGet\Links\cloudflared.exe tunnel --url http://localhost:8765
2026-05-04 22:29:19 | INFO    | remote.cloudflare | Tünel yöneticisi başlatıldı (port=8765)
2026-05-04 22:29:19 | INFO    | remote.security | MAC tarayıcı başlatıldı — Hedef: fe:84:34:6f:d8:10, Aralık: 60s
2026-05-04 22:29:19 | INFO    | remote.security | Ilk tarama: Güvenilir cihaz agda bulunamadi (5 cihaz tespit edildi)
2026-05-04 22:29:19 | INFO    | remote       | FastAPI sunucusu baslatiliyor -> http://localhost:8765
2026-05-04 22:29:19 | INFO    | remote.ntfy  | Bildirim gönderildi (Guvenlik Uyarisi) [HTTP 200]
2026-05-04 22:29:24 | INFO    | remote.cloudflare | Tünel URL: https://schemes-retail-democracy-bufing.trycloudflare.com
2026-05-04 22:29:24 | INFO    | remote       | Tunel hazir: https://schemes-retail-democracy-bufing.trycloudflare.com
2026-05-04 22:29:24 | INFO    | remote.auth  | Yeni oturum anahtarı oluşturuldu.
2026-05-04 22:29:24 | INFO    | remote.ntfy  | Bildirim gönderildi (Tunel Hazir) [HTTP 200]
2026-05-04 22:29:24 | INFO    | remote.ntfy  | Bildirim gönderildi (Giris Anahtari) [HTTP 200]
2026-05-04 22:29:24 | INFO    | remote       | Yeni oturum anahtari gonderildi.
2026-05-04 22:30:00 | INFO    | remote.auth  | Oturum anahtarı doğrulandı: 5.229.80.227
2026-05-04 22:30:00 | INFO    | remote.auth  | Yeni OTP oluşturuldu.
2026-05-04 22:30:00 | INFO    | remote.ntfy  | Bildirim gönderildi (OTP Dogrulama) [HTTP 200]
2026-05-04 22:30:06 | INFO    | remote.auth  | OTP doğrulandı: 5.229.80.227
2026-05-04 22:30:06 | INFO    | remote.auth  | Oturum oluşturuldu: Lxj85kfKUYH3… [5.229.80.227]
2026-05-04 22:30:54 | INFO    | remote.terminal | Terminal gecmisi temizlendi.
2026-05-04 22:30:56 | INFO    | remote.terminal | Terminal gecmisi temizlendi.
2026-05-04 22:31:00 | INFO    | remote.autostart | Otomatik baslatma kaldirildi.
2026-05-04 22:31:11 | INFO    | remote.autostart | VBS launcher oluşturuldu: C:\Users\Berat\Downloads\Mark-XXXIX-main - Kopya\Mark-XXXIX-main\start_remote_hidden.vbs
2026-05-04 22:31:11 | INFO    | remote.autostart | Otomatik baslatma kuruldu: JarvisRemoteControl
2026-05-05 14:04:08 | INFO    | remote       | ============================================================
2026-05-05 14:04:08 | INFO    | remote       |   JARVIS UZAKTAN KONTROL SISTEMI v1.0
2026-05-05 14:04:08 | INFO    | remote       | ============================================================
2026-05-05 14:04:08 | INFO    | remote       | Cihaz     : DESKTOP-H2DGAQ3
2026-05-05 14:04:08 | INFO    | remote       | Yerel IP  : 127.0.0.1
2026-05-05 14:04:08 | INFO    | remote       | Port      : 8765
2026-05-05 14:04:08 | INFO    | remote       | ntfy konu : jarvis-Web
2026-05-05 14:04:08 | INFO    | remote       | ============================================================
2026-05-05 14:04:08 | INFO    | remote.ntfy  | NtfyClient hazir -> https://ntfy.sh/jarvis-Web
2026-05-05 14:04:08 | INFO    | remote.auth  | Yeni oturum anahtarı oluşturuldu.
2026-05-05 14:04:08 | INFO    | remote       | Oturum anahtarı oluşturuldu: K374FKudE2B2CZlz…
2026-05-05 14:04:08 | INFO    | remote.terminal | Terminal araci baslatildi (Masaustu Jarvis ile iletisim kurulacak)
2026-05-05 14:04:08 | INFO    | remote.cloudflare | cloudflared baslatiliyor: C:\Users\Berat\AppData\Local\Microsoft\WinGet\Links\cloudflared.EXE tunnel --url http://localhost:8765
2026-05-05 14:04:08 | INFO    | remote.cloudflare | Tünel yöneticisi başlatıldı (port=8765)
2026-05-05 14:04:08 | INFO    | remote.security | MAC tarayıcı başlatıldı — Hedef: fe:84:34:6f:d8:10, Aralık: 60s
2026-05-05 14:04:08 | INFO    | remote.security | Ilk tarama: Güvenilir cihaz agda bulunamadi (0 cihaz tespit edildi)
2026-05-05 14:04:08 | WARNING | remote.ntfy  | Bildirim başarısız (deneme 1/3): HTTPSConnectionPool(host='ntfy.sh', port=443): Max retries exceeded with url: /jarvis-Web (Caused by NameResolutionError("HTTPSConnection(host='ntfy.sh', port=443): Failed to resolve 'ntfy.sh' ([Errno 11001] getaddrinfo failed)"))
2026-05-05 14:04:08 | INFO    | remote.cloudflare | Tünel URL: https://api.trycloudflare.com
2026-05-05 14:04:08 | INFO    | remote       | Tunel hazir: https://api.trycloudflare.com
2026-05-05 14:04:08 | INFO    | remote.auth  | Yeni oturum anahtarı oluşturuldu.
2026-05-05 14:04:08 | WARNING | remote.ntfy  | Bildirim başarısız (deneme 1/3): HTTPSConnectionPool(host='ntfy.sh', port=443): Max retries exceeded with url: /jarvis-Web (Caused by NameResolutionError("HTTPSConnection(host='ntfy.sh', port=443): Failed to resolve 'ntfy.sh' ([Errno 11001] getaddrinfo failed)"))
2026-05-05 14:04:08 | INFO    | remote       | FastAPI sunucusu baslatiliyor -> http://localhost:8765
2026-05-05 16:11:22 | INFO    | remote       | ============================================================
2026-05-05 16:11:22 | INFO    | remote       |   JARVIS UZAKTAN KONTROL SISTEMI v1.0
2026-05-05 16:11:22 | INFO    | remote       | ============================================================
2026-05-05 16:11:22 | INFO    | remote       | Cihaz     : DESKTOP-H2DGAQ3
2026-05-05 16:11:22 | INFO    | remote       | Yerel IP  : 192.168.1.165
2026-05-05 16:11:22 | INFO    | remote       | Port      : 8765
2026-05-05 16:11:22 | INFO    | remote       | ntfy konu : jarvis-Web
2026-05-05 16:11:22 | INFO    | remote       | ============================================================
2026-05-05 16:11:22 | INFO    | remote.ntfy  | NtfyClient hazir -> https://ntfy.sh/jarvis-Web
2026-05-05 16:11:22 | INFO    | remote.auth  | Yeni oturum anahtarı oluşturuldu.
2026-05-05 16:11:22 | INFO    | remote       | Oturum anahtarı oluşturuldu: V6mHAKmaMeJB8r0X…
2026-05-05 16:11:22 | INFO    | remote.terminal | Terminal araci baslatildi (Masaustu Jarvis ile iletisim kurulacak)
2026-05-05 16:11:22 | INFO    | remote.cloudflare | cloudflared baslatiliyor: C:\Users\Berat\AppData\Local\Microsoft\WinGet\Links\cloudflared.EXE tunnel --url http://localhost:8765
2026-05-05 16:11:22 | INFO    | remote.cloudflare | Tünel yöneticisi başlatıldı (port=8765)
2026-05-05 16:11:22 | INFO    | remote.security | MAC tarayıcı başlatıldı — Hedef: fe:84:34:6f:d8:10, Aralık: 60s
2026-05-05 16:11:22 | INFO    | remote.security | Ilk tarama: Güvenilir cihaz agda bulunamadi (5 cihaz tespit edildi)
2026-05-05 16:11:23 | INFO    | remote       | FastAPI sunucusu baslatiliyor -> http://localhost:8765
2026-05-05 21:18:49 | INFO    | remote       | ============================================================
2026-05-05 21:18:49 | INFO    | remote       |   JARVIS UZAKTAN KONTROL SISTEMI v1.0
2026-05-05 21:18:49 | INFO    | remote       | ============================================================
2026-05-05 21:18:49 | INFO    | remote       | Cihaz     : DESKTOP-H2DGAQ3
2026-05-05 21:18:49 | INFO    | remote       | Yerel IP  : 192.168.1.165
2026-05-05 21:18:49 | INFO    | remote       | Port      : 8765
2026-05-05 21:18:49 | INFO    | remote       | ntfy konu : jarvis-Web
2026-05-05 21:18:49 | INFO    | remote       | ============================================================
2026-05-05 21:18:49 | INFO    | remote.ntfy  | NtfyClient hazir -> https://ntfy.sh/jarvis-Web
2026-05-05 21:18:49 | INFO    | remote.auth  | Yeni oturum anahtarı oluşturuldu.
2026-05-05 21:18:49 | INFO    | remote       | Oturum anahtarı oluşturuldu: 86UfHkXJqd69PVQ-…
2026-05-05 21:18:49 | INFO    | remote.terminal | Terminal araci baslatildi (Masaustu Jarvis ile iletisim kurulacak)
2026-05-05 21:18:49 | INFO    | remote.cloudflare | cloudflared baslatiliyor: cloudflared tunnel --url http://localhost:8765
2026-05-05 21:18:49 | INFO    | remote.cloudflare | Tünel yöneticisi başlatıldı (port=8765)
2026-05-05 21:18:49 | INFO    | remote.security | MAC tarayıcı başlatıldı — Hedef: fe:84:34:6f:d8:10, Aralık: 60s
2026-05-05 21:18:49 | ERROR   | remote.cloudflare | Tunel hatasi: [WinError 2] Sistem belirtilen dosyayı bulamıyor
Traceback (most recent call last):
  File "C:\Users\Berat\Downloads\Mark-XXXIX-main - Kopya\Mark-XXXIX-main\remote\cloudflare.py", line 108, in _run_loop
    self._launch()
  File "C:\Users\Berat\Downloads\Mark-XXXIX-main - Kopya\Mark-XXXIX-main\remote\cloudflare.py", line 173, in _launch
    self._process = subprocess.Popen(
                    ^^^^^^^^^^^^^^^^^
  File "C:\Users\Berat\AppData\Local\Programs\Python\Python311\Lib\subprocess.py", line 1026, in __init__
    self._execute_child(args, executable, preexec_fn, close_fds,
  File "C:\Users\Berat\AppData\Local\Programs\Python\Python311\Lib\subprocess.py", line 1538, in _execute_child
    hp, ht, pid, tid = _winapi.CreateProcess(executable, args,
                       ^^^^^^^^^^^^^^^^^^^^^^^^^^^^^^^^^^^^^^^
FileNotFoundError: [WinError 2] Sistem belirtilen dosyayı bulamıyor
2026-05-05 21:18:49 | INFO    | remote.cloudflare | Yeniden baslatma 1/10 - 2s bekleniyor...
2026-05-05 21:18:49 | INFO    | remote.security | Ilk tarama: Güvenilir cihaz agda bulunamadi (6 cihaz tespit edildi)
2026-05-05 21:18:49 | INFO    | remote       | FastAPI sunucusu baslatiliyor -> http://localhost:8765
2026-05-05 21:18:50 | INFO    | remote.ntfy  | Bildirim gönderildi (Guvenlik Uyarisi) [HTTP 200]
2026-05-05 21:18:51 | INFO    | remote.cloudflare | cloudflared baslatiliyor: cloudflared tunnel --url http://localhost:8765
2026-05-05 21:18:51 | ERROR   | remote.cloudflare | Tunel hatasi: [WinError 2] Sistem belirtilen dosyayı bulamıyor
Traceback (most recent call last):
  File "C:\Users\Berat\Downloads\Mark-XXXIX-main - Kopya\Mark-XXXIX-main\remote\cloudflare.py", line 108, in _run_loop
    self._launch()
  File "C:\Users\Berat\Downloads\Mark-XXXIX-main - Kopya\Mark-XXXIX-main\remote\cloudflare.py", line 173, in _launch
    self._process = subprocess.Popen(
                    ^^^^^^^^^^^^^^^^^
  File "C:\Users\Berat\AppData\Local\Programs\Python\Python311\Lib\subprocess.py", line 1026, in __init__
    self._execute_child(args, executable, preexec_fn, close_fds,
  File "C:\Users\Berat\AppData\Local\Programs\Python\Python311\Lib\subprocess.py", line 1538, in _execute_child
    hp, ht, pid, tid = _winapi.CreateProcess(executable, args,
                       ^^^^^^^^^^^^^^^^^^^^^^^^^^^^^^^^^^^^^^^
FileNotFoundError: [WinError 2] Sistem belirtilen dosyayı bulamıyor
2026-05-05 21:18:51 | INFO    | remote.cloudflare | Yeniden baslatma 2/10 - 4s bekleniyor...
2026-05-05 21:18:55 | INFO    | remote.cloudflare | cloudflared baslatiliyor: cloudflared tunnel --url http://localhost:8765
2026-05-05 21:18:55 | ERROR   | remote.cloudflare | Tunel hatasi: [WinError 2] Sistem belirtilen dosyayı bulamıyor
Traceback (most recent call last):
  File "C:\Users\Berat\Downloads\Mark-XXXIX-main - Kopya\Mark-XXXIX-main\remote\cloudflare.py", line 108, in _run_loop
    self._launch()
  File "C:\Users\Berat\Downloads\Mark-XXXIX-main - Kopya\Mark-XXXIX-main\remote\cloudflare.py", line 173, in _launch
    self._process = subprocess.Popen(
                    ^^^^^^^^^^^^^^^^^
  File "C:\Users\Berat\AppData\Local\Programs\Python\Python311\Lib\subprocess.py", line 1026, in __init__
    self._execute_child(args, executable, preexec_fn, close_fds,
  File "C:\Users\Berat\AppData\Local\Programs\Python\Python311\Lib\subprocess.py", line 1538, in _execute_child
    hp, ht, pid, tid = _winapi.CreateProcess(executable, args,
                       ^^^^^^^^^^^^^^^^^^^^^^^^^^^^^^^^^^^^^^^
FileNotFoundError: [WinError 2] Sistem belirtilen dosyayı bulamıyor
2026-05-05 21:18:55 | INFO    | remote.cloudflare | Yeniden baslatma 3/10 - 8s bekleniyor...
2026-05-05 21:19:03 | INFO    | remote.cloudflare | cloudflared baslatiliyor: cloudflared tunnel --url http://localhost:8765
2026-05-05 21:19:03 | ERROR   | remote.cloudflare | Tunel hatasi: [WinError 2] Sistem belirtilen dosyayı bulamıyor
Traceback (most recent call last):
  File "C:\Users\Berat\Downloads\Mark-XXXIX-main - Kopya\Mark-XXXIX-main\remote\cloudflare.py", line 108, in _run_loop
    self._launch()
  File "C:\Users\Berat\Downloads\Mark-XXXIX-main - Kopya\Mark-XXXIX-main\remote\cloudflare.py", line 173, in _launch
    self._process = subprocess.Popen(
                    ^^^^^^^^^^^^^^^^^
  File "C:\Users\Berat\AppData\Local\Programs\Python\Python311\Lib\subprocess.py", line 1026, in __init__
    self._execute_child(args, executable, preexec_fn, close_fds,
  File "C:\Users\Berat\AppData\Local\Programs\Python\Python311\Lib\subprocess.py", line 1538, in _execute_child
    hp, ht, pid, tid = _winapi.CreateProcess(executable, args,
                       ^^^^^^^^^^^^^^^^^^^^^^^^^^^^^^^^^^^^^^^
FileNotFoundError: [WinError 2] Sistem belirtilen dosyayı bulamıyor
2026-05-05 21:19:03 | INFO    | remote.cloudflare | Yeniden baslatma 4/10 - 16s bekleniyor...
2026-05-05 21:19:19 | INFO    | remote.cloudflare | cloudflared baslatiliyor: cloudflared tunnel --url http://localhost:8765
2026-05-05 21:19:19 | ERROR   | remote.cloudflare | Tunel hatasi: [WinError 2] Sistem belirtilen dosyayı bulamıyor
Traceback (most recent call last):
  File "C:\Users\Berat\Downloads\Mark-XXXIX-main - Kopya\Mark-XXXIX-main\remote\cloudflare.py", line 108, in _run_loop
    self._launch()
  File "C:\Users\Berat\Downloads\Mark-XXXIX-main - Kopya\Mark-XXXIX-main\remote\cloudflare.py", line 173, in _launch
    self._process = subprocess.Popen(
                    ^^^^^^^^^^^^^^^^^
  File "C:\Users\Berat\AppData\Local\Programs\Python\Python311\Lib\subprocess.py", line 1026, in __init__
    self._execute_child(args, executable, preexec_fn, close_fds,
  File "C:\Users\Berat\AppData\Local\Programs\Python\Python311\Lib\subprocess.py", line 1538, in _execute_child
    hp, ht, pid, tid = _winapi.CreateProcess(executable, args,
                       ^^^^^^^^^^^^^^^^^^^^^^^^^^^^^^^^^^^^^^^
FileNotFoundError: [WinError 2] Sistem belirtilen dosyayı bulamıyor
2026-05-05 21:19:19 | INFO    | remote.cloudflare | Yeniden baslatma 5/10 - 32s bekleniyor...
2026-05-05 21:19:51 | INFO    | remote.cloudflare | cloudflared baslatiliyor: cloudflared tunnel --url http://localhost:8765
2026-05-05 21:19:51 | ERROR   | remote.cloudflare | Tunel hatasi: [WinError 2] Sistem belirtilen dosyayı bulamıyor
Traceback (most recent call last):
  File "C:\Users\Berat\Downloads\Mark-XXXIX-main - Kopya\Mark-XXXIX-main\remote\cloudflare.py", line 108, in _run_loop
    self._launch()
  File "C:\Users\Berat\Downloads\Mark-XXXIX-main - Kopya\Mark-XXXIX-main\remote\cloudflare.py", line 173, in _launch
    self._process = subprocess.Popen(
                    ^^^^^^^^^^^^^^^^^
  File "C:\Users\Berat\AppData\Local\Programs\Python\Python311\Lib\subprocess.py", line 1026, in __init__
    self._execute_child(args, executable, preexec_fn, close_fds,
  File "C:\Users\Berat\AppData\Local\Programs\Python\Python311\Lib\subprocess.py", line 1538, in _execute_child
    hp, ht, pid, tid = _winapi.CreateProcess(executable, args,
                       ^^^^^^^^^^^^^^^^^^^^^^^^^^^^^^^^^^^^^^^
FileNotFoundError: [WinError 2] Sistem belirtilen dosyayı bulamıyor
2026-05-05 21:19:51 | INFO    | remote.cloudflare | Yeniden baslatma 6/10 - 60s bekleniyor...
2026-05-05 21:20:51 | INFO    | remote.cloudflare | cloudflared baslatiliyor: cloudflared tunnel --url http://localhost:8765
2026-05-05 21:20:51 | ERROR   | remote.cloudflare | Tunel hatasi: [WinError 2] Sistem belirtilen dosyayı bulamıyor
Traceback (most recent call last):
  File "C:\Users\Berat\Downloads\Mark-XXXIX-main - Kopya\Mark-XXXIX-main\remote\cloudflare.py", line 108, in _run_loop
    self._launch()
  File "C:\Users\Berat\Downloads\Mark-XXXIX-main - Kopya\Mark-XXXIX-main\remote\cloudflare.py", line 173, in _launch
    self._process = subprocess.Popen(
                    ^^^^^^^^^^^^^^^^^
  File "C:\Users\Berat\AppData\Local\Programs\Python\Python311\Lib\subprocess.py", line 1026, in __init__
    self._execute_child(args, executable, preexec_fn, close_fds,
  File "C:\Users\Berat\AppData\Local\Programs\Python\Python311\Lib\subprocess.py", line 1538, in _execute_child
    hp, ht, pid, tid = _winapi.CreateProcess(executable, args,
                       ^^^^^^^^^^^^^^^^^^^^^^^^^^^^^^^^^^^^^^^
FileNotFoundError: [WinError 2] Sistem belirtilen dosyayı bulamıyor
2026-05-05 21:20:51 | INFO    | remote.cloudflare | Yeniden baslatma 7/10 - 60s bekleniyor...
2026-05-05 21:21:05 | INFO    | remote       | ============================================================
2026-05-05 21:21:05 | INFO    | remote       |   JARVIS UZAKTAN KONTROL SISTEMI v1.0
2026-05-05 21:21:05 | INFO    | remote       | ============================================================
2026-05-05 21:21:05 | INFO    | remote       | Cihaz     : DESKTOP-H2DGAQ3
2026-05-05 21:21:05 | INFO    | remote       | Yerel IP  : 192.168.1.165
2026-05-05 21:21:05 | INFO    | remote       | Port      : 8765
2026-05-05 21:21:05 | INFO    | remote       | ntfy konu : jarvis-Web
2026-05-05 21:21:05 | INFO    | remote       | ============================================================
2026-05-05 21:21:05 | INFO    | remote.ntfy  | NtfyClient hazir -> https://ntfy.sh/jarvis-Web
2026-05-05 21:21:05 | INFO    | remote.auth  | Yeni oturum anahtarı oluşturuldu.
2026-05-05 21:21:05 | INFO    | remote       | Oturum anahtarı oluşturuldu: fntgu1izRB5sgRp4…
2026-05-05 21:21:05 | INFO    | remote.terminal | Terminal araci baslatildi (Masaustu Jarvis ile iletisim kurulacak)
2026-05-05 21:21:05 | INFO    | remote.cloudflare | cloudflared baslatiliyor: C:\Users\Berat\AppData\Local\Microsoft\WinGet\Links\cloudflared.exe tunnel --url http://localhost:8765
2026-05-05 21:21:05 | INFO    | remote.cloudflare | Tünel yöneticisi başlatıldı (port=8765)
2026-05-05 21:21:05 | INFO    | remote.security | MAC tarayıcı başlatıldı — Hedef: fe:84:34:6f:d8:10, Aralık: 60s
2026-05-05 21:21:05 | INFO    | remote.security | Ilk tarama: Güvenilir cihaz agda bulunamadi (6 cihaz tespit edildi)
2026-05-05 21:21:05 | INFO    | remote       | FastAPI sunucusu baslatiliyor -> http://localhost:8765
2026-05-05 21:21:28 | INFO    | remote       | ============================================================
2026-05-05 21:21:28 | INFO    | remote       |   JARVIS UZAKTAN KONTROL SISTEMI v1.0
2026-05-05 21:21:28 | INFO    | remote       | ============================================================
2026-05-05 21:21:28 | INFO    | remote       | Cihaz     : DESKTOP-H2DGAQ3
2026-05-05 21:21:28 | INFO    | remote       | Yerel IP  : 192.168.1.165
2026-05-05 21:21:28 | INFO    | remote       | Port      : 8765
2026-05-05 21:21:28 | INFO    | remote       | ntfy konu : jarvis-Web
2026-05-05 21:21:28 | INFO    | remote       | ============================================================
2026-05-05 21:21:28 | INFO    | remote.ntfy  | NtfyClient hazir -> https://ntfy.sh/jarvis-Web
2026-05-05 21:21:28 | INFO    | remote.auth  | Yeni oturum anahtarı oluşturuldu.
2026-05-05 21:21:28 | INFO    | remote       | Oturum anahtarı oluşturuldu: 8UumCmskVVc16zc8…
2026-05-05 21:21:28 | INFO    | remote.terminal | Terminal araci baslatildi (Masaustu Jarvis ile iletisim kurulacak)
2026-05-05 21:21:28 | INFO    | remote.cloudflare | cloudflared baslatiliyor: C:\Users\Berat\AppData\Local\Microsoft\WinGet\Links\cloudflared.exe tunnel --url http://localhost:8765
2026-05-05 21:21:28 | INFO    | remote.cloudflare | Tünel yöneticisi başlatıldı (port=8765)
2026-05-05 21:21:28 | INFO    | remote.security | MAC tarayıcı başlatıldı — Hedef: fe:84:34:6f:d8:10, Aralık: 60s
2026-05-05 21:21:28 | INFO    | remote.security | Ilk tarama: Güvenilir cihaz agda bulunamadi (6 cihaz tespit edildi)
2026-05-05 21:21:28 | INFO    | remote       | FastAPI sunucusu baslatiliyor -> http://localhost:8765
2026-05-05 21:21:29 | INFO    | remote.ntfy  | Bildirim gönderildi (Guvenlik Uyarisi) [HTTP 200]
2026-05-05 21:21:34 | INFO    | remote.cloudflare | Tünel URL: https://referred-seasons-queue-balanced.trycloudflare.com
2026-05-05 21:21:34 | INFO    | remote       | Tunel hazir: https://referred-seasons-queue-balanced.trycloudflare.com
2026-05-05 21:21:34 | INFO    | remote.auth  | Yeni oturum anahtarı oluşturuldu.
2026-05-05 21:21:34 | INFO    | remote.ntfy  | Bildirim gönderildi (Tunel Hazir) [HTTP 200]
2026-05-05 21:21:34 | INFO    | remote.ntfy  | Bildirim gönderildi (Giris Anahtari) [HTTP 200]
2026-05-05 21:21:34 | INFO    | remote       | Yeni oturum anahtari gonderildi.
2026-05-05 21:35:17 | INFO    | remote.auth  | Oturum anahtarı doğrulandı: 5.229.80.223
2026-05-05 21:35:17 | INFO    | remote.auth  | Yeni OTP oluşturuldu.
2026-05-05 21:35:18 | INFO    | remote.ntfy  | Bildirim gönderildi (OTP Dogrulama) [HTTP 200]
2026-05-05 21:35:24 | INFO    | remote.auth  | OTP doğrulandı: 5.229.80.223
2026-05-05 21:35:24 | INFO    | remote.auth  | Oturum oluşturuldu: VtVOanTTN0Wt… [5.229.80.223]
2026-05-05 21:46:09 | INFO    | remote       | ============================================================
2026-05-05 21:46:09 | INFO    | remote       |   JARVIS UZAKTAN KONTROL SISTEMI v1.0
2026-05-05 21:46:09 | INFO    | remote       | ============================================================
2026-05-05 21:46:09 | INFO    | remote       | Cihaz     : DESKTOP-H2DGAQ3
2026-05-05 21:46:09 | INFO    | remote       | Yerel IP  : 192.168.1.165
2026-05-05 21:46:09 | INFO    | remote       | Port      : 8765
2026-05-05 21:46:09 | INFO    | remote       | ntfy konu : jarvis-Web
2026-05-05 21:46:09 | INFO    | remote       | ============================================================
2026-05-05 21:46:09 | INFO    | remote.ntfy  | NtfyClient hazir -> https://ntfy.sh/jarvis-Web
2026-05-05 21:46:09 | INFO    | remote.auth  | Yeni oturum anahtarı oluşturuldu.
2026-05-05 21:46:09 | INFO    | remote       | Oturum anahtarı oluşturuldu: 5nQsxxrMy1L9AQQT…
2026-05-05 21:46:09 | INFO    | remote.terminal | Terminal araci baslatildi (Masaustu Jarvis ile iletisim kurulacak)
2026-05-05 21:46:09 | INFO    | remote.cloudflare | cloudflared baslatiliyor: C:\Users\Berat\AppData\Local\Microsoft\WinGet\Links\cloudflared.exe tunnel --url http://localhost:8765
2026-05-05 21:46:09 | INFO    | remote.cloudflare | Tünel yöneticisi başlatıldı (port=8765)
2026-05-05 21:46:09 | INFO    | remote.security | MAC tarayıcı başlatıldı — Hedef: fe:84:34:6f:d8:10, Aralık: 60s
2026-05-05 21:46:09 | INFO    | remote.security | Ilk tarama: Güvenilir cihaz agda bulunamadi (6 cihaz tespit edildi)
2026-05-05 21:46:09 | INFO    | remote       | FastAPI sunucusu baslatiliyor -> http://localhost:8765
2026-05-05 21:46:26 | INFO    | remote       | ============================================================
2026-05-05 21:46:26 | INFO    | remote       |   JARVIS UZAKTAN KONTROL SISTEMI v1.0
2026-05-05 21:46:26 | INFO    | remote       | ============================================================
2026-05-05 21:46:26 | INFO    | remote       | Cihaz     : DESKTOP-H2DGAQ3
2026-05-05 21:46:26 | INFO    | remote       | Yerel IP  : 192.168.1.165
2026-05-05 21:46:26 | INFO    | remote       | Port      : 8765
2026-05-05 21:46:26 | INFO    | remote       | ntfy konu : jarvis-Web
2026-05-05 21:46:26 | INFO    | remote       | ============================================================
2026-05-05 21:46:26 | INFO    | remote.ntfy  | NtfyClient hazir -> https://ntfy.sh/jarvis-Web
2026-05-05 21:46:26 | INFO    | remote.auth  | Yeni oturum anahtarı oluşturuldu.
2026-05-05 21:46:26 | INFO    | remote       | Oturum anahtarı oluşturuldu: PdNm13f2LzUibyO-…
2026-05-05 21:46:26 | INFO    | remote.terminal | Terminal araci baslatildi (Masaustu Jarvis ile iletisim kurulacak)
2026-05-05 21:46:26 | INFO    | remote.cloudflare | cloudflared baslatiliyor: C:\Users\Berat\AppData\Local\Microsoft\WinGet\Links\cloudflared.exe tunnel --url http://localhost:8765
2026-05-05 21:46:26 | INFO    | remote.cloudflare | Tünel yöneticisi başlatıldı (port=8765)
2026-05-05 21:46:26 | INFO    | remote.security | MAC tarayıcı başlatıldı — Hedef: fe:84:34:6f:d8:10, Aralık: 60s
2026-05-05 21:46:26 | INFO    | remote.security | Ilk tarama: Güvenilir cihaz agda bulunamadi (6 cihaz tespit edildi)
2026-05-05 21:46:26 | INFO    | remote       | FastAPI sunucusu baslatiliyor -> http://localhost:8765
2026-05-05 21:46:26 | INFO    | remote.ntfy  | Bildirim gönderildi (Guvenlik Uyarisi) [HTTP 200]
2026-05-05 21:46:31 | INFO    | remote.cloudflare | Tünel URL: https://born-commissioner-courses-flip.trycloudflare.com
2026-05-05 21:46:31 | INFO    | remote       | Tunel hazir: https://born-commissioner-courses-flip.trycloudflare.com
2026-05-05 21:46:31 | INFO    | remote.auth  | Yeni oturum anahtarı oluşturuldu.
2026-05-05 21:46:31 | INFO    | remote.ntfy  | Bildirim gönderildi (Tunel Hazir) [HTTP 200]
2026-05-05 21:46:31 | INFO    | remote.ntfy  | Bildirim gönderildi (Giris Anahtari) [HTTP 200]
2026-05-05 21:46:31 | INFO    | remote       | Yeni oturum anahtari gonderildi.
2026-05-05 21:49:53 | INFO    | remote       | ============================================================
2026-05-05 21:49:53 | INFO    | remote       |   JARVIS UZAKTAN KONTROL SISTEMI v1.0
2026-05-05 21:49:53 | INFO    | remote       | ============================================================
2026-05-05 21:49:53 | INFO    | remote       | Cihaz     : DESKTOP-H2DGAQ3
2026-05-05 21:49:53 | INFO    | remote       | Yerel IP  : 192.168.1.165
2026-05-05 21:49:53 | INFO    | remote       | Port      : 8765
2026-05-05 21:49:53 | INFO    | remote       | ntfy konu : jarvis-Web
2026-05-05 21:49:53 | INFO    | remote       | ============================================================
2026-05-05 21:49:53 | INFO    | remote.ntfy  | NtfyClient hazir -> https://ntfy.sh/jarvis-Web
2026-05-05 21:49:53 | INFO    | remote.auth  | Yeni oturum anahtarı oluşturuldu.
2026-05-05 21:49:53 | INFO    | remote       | Oturum anahtarı oluşturuldu: UBo3fEGBgMVkpeq0…
2026-05-05 21:49:53 | INFO    | remote.terminal | Terminal araci baslatildi (Masaustu Jarvis ile iletisim kurulacak)
2026-05-05 21:49:53 | INFO    | remote.cloudflare | cloudflared baslatiliyor: C:\Users\Berat\AppData\Local\Microsoft\WinGet\Links\cloudflared.EXE tunnel --url http://localhost:8765
2026-05-05 21:49:53 | INFO    | remote.cloudflare | Tünel yöneticisi başlatıldı (port=8765)
2026-05-05 21:49:53 | INFO    | remote.security | MAC tarayıcı başlatıldı — Hedef: fe:84:34:6f:d8:10, Aralık: 60s
2026-05-05 21:49:53 | INFO    | remote.security | Ilk tarama: Güvenilir cihaz agda bulunamadi (6 cihaz tespit edildi)
2026-05-05 21:49:53 | INFO    | remote       | FastAPI sunucusu baslatiliyor -> http://localhost:8765
2026-05-05 21:52:22 | WARNING | remote.auth  | Hatalı oturum anahtarı: 127.0.0.1
2026-05-05 21:52:43 | WARNING | remote.auth  | Hatalı oturum anahtarı: 127.0.0.1
2026-05-05 21:54:17 | INFO    | remote       | ============================================================
2026-05-05 21:54:17 | INFO    | remote       |   JARVIS UZAKTAN KONTROL SISTEMI v1.0
2026-05-05 21:54:17 | INFO    | remote       | ============================================================
2026-05-05 21:54:17 | INFO    | remote       | Cihaz     : DESKTOP-H2DGAQ3
2026-05-05 21:54:17 | INFO    | remote       | Yerel IP  : 192.168.1.165
2026-05-05 21:54:17 | INFO    | remote       | Port      : 8765
2026-05-05 21:54:17 | INFO    | remote       | ntfy konu : jarvis-Web
2026-05-05 21:54:17 | INFO    | remote       | ============================================================
2026-05-05 21:54:17 | INFO    | remote.ntfy  | NtfyClient hazir -> https://ntfy.sh/jarvis-Web
2026-05-05 21:54:17 | INFO    | remote.auth  | Yeni oturum anahtarı oluşturuldu.
2026-05-05 21:54:17 | INFO    | remote       | Oturum anahtarı oluşturuldu: rPlR170KR_VxJTdi…
2026-05-05 21:54:17 | INFO    | remote.terminal | Terminal araci baslatildi (Masaustu Jarvis ile iletisim kurulacak)
2026-05-05 21:54:17 | INFO    | remote.cloudflare | cloudflared baslatiliyor: C:\Users\Berat\AppData\Local\Microsoft\WinGet\Links\cloudflared.exe tunnel --url http://localhost:8765
2026-05-05 21:54:17 | INFO    | remote.cloudflare | Tünel yöneticisi başlatıldı (port=8765)
2026-05-05 21:54:17 | INFO    | remote.security | MAC tarayıcı başlatıldı — Hedef: fe:84:34:6f:d8:10, Aralık: 60s
2026-05-05 21:54:17 | INFO    | remote.security | Ilk tarama: Güvenilir cihaz agda bulunamadi (6 cihaz tespit edildi)
2026-05-05 21:54:17 | INFO    | remote       | FastAPI sunucusu baslatiliyor -> http://localhost:8765
2026-05-05 21:54:18 | INFO    | remote.ntfy  | Bildirim gönderildi (Guvenlik Uyarisi) [HTTP 200]
2026-05-05 21:54:22 | INFO    | remote.cloudflare | Tünel URL: https://offset-commodity-limitations-efficiently.trycloudflare.com
2026-05-05 21:54:22 | INFO    | remote       | Tunel hazir: https://offset-commodity-limitations-efficiently.trycloudflare.com
2026-05-05 21:54:22 | INFO    | remote.auth  | Yeni oturum anahtarı oluşturuldu.
2026-05-05 21:54:22 | INFO    | remote.ntfy  | Bildirim gönderildi (Tunel Hazir) [HTTP 200]
2026-05-05 21:54:22 | INFO    | remote.ntfy  | Bildirim gönderildi (Giris Anahtari) [HTTP 200]
2026-05-05 21:54:22 | INFO    | remote       | Yeni oturum anahtari gonderildi.
2026-05-05 21:55:34 | WARNING | remote.auth  | Hatalı oturum anahtarı: 127.0.0.1
2026-05-05 21:56:10 | INFO    | remote.auth  | Oturum anahtarı doğrulandı: 127.0.0.1
2026-05-05 21:56:10 | INFO    | remote.auth  | Yeni OTP oluşturuldu.
2026-05-05 21:56:11 | INFO    | remote.ntfy  | Bildirim gönderildi (OTP Dogrulama) [HTTP 200]
2026-05-05 21:56:20 | INFO    | remote.auth  | OTP doğrulandı: 127.0.0.1
2026-05-05 21:56:20 | INFO    | remote.auth  | Oturum oluşturuldu: emFUF0BbNfdX… [127.0.0.1]
2026-05-05 21:56:21 | ERROR   | remote.audio | Ses seviyesi okunamadi: 'AudioDevice' object has no attribute 'Activate'
2026-05-05 21:57:24 | ERROR   | remote.audio | Ses ayarlanamadi: 'AudioDevice' object has no attribute 'Activate'
2026-05-05 21:57:24 | ERROR   | remote.audio | Yedek ses kontrol yontemi de basarisiz.
2026-05-05 21:57:32 | ERROR   | remote.audio | Ses ayarlanamadi: 'AudioDevice' object has no attribute 'Activate'
2026-05-05 21:57:32 | ERROR   | remote.audio | Yedek ses kontrol yontemi de basarisiz.
2026-05-05 22:00:06 | ERROR   | remote.audio | Ses ayarlanamadi: 'AudioDevice' object has no attribute 'Activate'
2026-05-05 22:00:06 | ERROR   | remote.audio | Yedek ses kontrol yontemi de basarisiz.
2026-05-05 22:00:09 | ERROR   | remote.audio | Ses seviyesi okunamadi: 'AudioDevice' object has no attribute 'Activate'
2026-05-05 22:00:11 | ERROR   | remote.audio | Ses ayarlanamadi: 'AudioDevice' object has no attribute 'Activate'
2026-05-05 22:00:11 | ERROR   | remote.audio | Yedek ses kontrol yontemi de basarisiz.
2026-05-05 22:00:16 | ERROR   | remote.audio | Ses ayarlanamadi: 'AudioDevice' object has no attribute 'Activate'
2026-05-05 22:00:16 | ERROR   | remote.audio | Yedek ses kontrol yontemi de basarisiz.
2026-05-05 22:00:16 | ERROR   | remote.audio | Ses ayarlanamadi: 'AudioDevice' object has no attribute 'Activate'
2026-05-05 22:00:16 | ERROR   | remote.audio | Yedek ses kontrol yontemi de basarisiz.
2026-05-05 22:00:17 | ERROR   | remote.audio | Ses ayarlanamadi: 'AudioDevice' object has no attribute 'Activate'
2026-05-05 22:00:17 | ERROR   | remote.audio | Yedek ses kontrol yontemi de basarisiz.
2026-05-05 22:00:19 | ERROR   | remote.audio | Ses ayarlanamadi: 'AudioDevice' object has no attribute 'Activate'
2026-05-05 22:00:19 | ERROR   | remote.audio | Yedek ses kontrol yontemi de basarisiz.
2026-05-05 22:00:35 | INFO    | remote       | ============================================================
2026-05-05 22:00:35 | INFO    | remote       |   JARVIS UZAKTAN KONTROL SISTEMI v1.0
2026-05-05 22:00:35 | INFO    | remote       | ============================================================
2026-05-05 22:00:35 | INFO    | remote       | Cihaz     : DESKTOP-H2DGAQ3
2026-05-05 22:00:35 | INFO    | remote       | Yerel IP  : 192.168.1.165
2026-05-05 22:00:35 | INFO    | remote       | Port      : 8765
2026-05-05 22:00:35 | INFO    | remote       | ntfy konu : jarvis-Web
2026-05-05 22:00:35 | INFO    | remote       | ============================================================
2026-05-05 22:00:35 | INFO    | remote.ntfy  | NtfyClient hazir -> https://ntfy.sh/jarvis-Web
2026-05-05 22:00:35 | INFO    | remote.auth  | Yeni oturum anahtarı oluşturuldu.
2026-05-05 22:00:35 | INFO    | remote       | Oturum anahtarı oluşturuldu: tsbLu_QJrfVdRkuz…
2026-05-05 22:00:35 | INFO    | remote.terminal | Terminal araci baslatildi (Masaustu Jarvis ile iletisim kurulacak)
2026-05-05 22:00:35 | INFO    | remote.cloudflare | cloudflared baslatiliyor: C:\Users\Berat\AppData\Local\Microsoft\WinGet\Links\cloudflared.exe tunnel --url http://localhost:8765
2026-05-05 22:00:35 | INFO    | remote.cloudflare | Tünel yöneticisi başlatıldı (port=8765)
2026-05-05 22:00:35 | INFO    | remote.security | MAC tarayıcı başlatıldı — Hedef: fe:84:34:6f:d8:10, Aralık: 60s
2026-05-05 22:00:35 | INFO    | remote.security | Ilk tarama: Güvenilir cihaz agda bulunamadi (6 cihaz tespit edildi)
2026-05-05 22:00:35 | INFO    | remote       | FastAPI sunucusu baslatiliyor -> http://localhost:8765
2026-05-05 22:00:36 | INFO    | remote.ntfy  | Bildirim gönderildi (Guvenlik Uyarisi) [HTTP 200]
2026-05-05 22:00:40 | INFO    | remote.cloudflare | Tünel URL: https://refers-repeated-wednesday-approximate.trycloudflare.com
2026-05-05 22:00:40 | INFO    | remote       | Tunel hazir: https://refers-repeated-wednesday-approximate.trycloudflare.com
2026-05-05 22:00:40 | INFO    | remote.auth  | Yeni oturum anahtarı oluşturuldu.
2026-05-05 22:00:40 | INFO    | remote.ntfy  | Bildirim gönderildi (Tunel Hazir) [HTTP 200]
2026-05-05 22:00:40 | INFO    | remote.ntfy  | Bildirim gönderildi (Giris Anahtari) [HTTP 200]
2026-05-05 22:00:40 | INFO    | remote       | Yeni oturum anahtari gonderildi.
2026-05-05 22:05:20 | INFO    | remote.auth  | Oturum anahtarı doğrulandı: 127.0.0.1
2026-05-05 22:05:20 | INFO    | remote.auth  | Yeni OTP oluşturuldu.
2026-05-05 22:05:20 | INFO    | remote.ntfy  | Bildirim gönderildi (OTP Dogrulama) [HTTP 200]
2026-05-05 22:05:27 | INFO    | remote.auth  | OTP doğrulandı: 127.0.0.1
2026-05-05 22:05:27 | INFO    | remote.auth  | Oturum oluşturuldu: 3IzjxFrHMpc5… [127.0.0.1]
2026-05-05 22:22:18 | INFO    | remote       | ============================================================
2026-05-05 22:22:18 | INFO    | remote       |   JARVIS UZAKTAN KONTROL SISTEMI v1.0
2026-05-05 22:22:18 | INFO    | remote       | ============================================================
2026-05-05 22:22:18 | INFO    | remote       | Cihaz     : DESKTOP-H2DGAQ3
2026-05-05 22:22:18 | INFO    | remote       | Yerel IP  : 192.168.1.165
2026-05-05 22:22:18 | INFO    | remote       | Port      : 8765
2026-05-05 22:22:18 | INFO    | remote       | ntfy konu : jarvis-Web
2026-05-05 22:22:18 | INFO    | remote       | ============================================================
2026-05-05 22:22:18 | INFO    | remote.ntfy  | NtfyClient hazir -> https://ntfy.sh/jarvis-Web
2026-05-05 22:22:18 | INFO    | remote.auth  | Yeni oturum anahtarı oluşturuldu.
2026-05-05 22:22:18 | INFO    | remote       | Oturum anahtarı oluşturuldu: segvFQsVYCNv2Kk4…
2026-05-05 22:22:18 | INFO    | remote.terminal | Terminal araci baslatildi (Masaustu Jarvis ile iletisim kurulacak)
2026-05-05 22:22:18 | INFO    | remote.cloudflare | cloudflared baslatiliyor: C:\Users\Berat\AppData\Local\Microsoft\WinGet\Links\cloudflared.exe tunnel --url http://localhost:8765
2026-05-05 22:22:18 | INFO    | remote.cloudflare | Tünel yöneticisi başlatıldı (port=8765)
2026-05-05 22:22:18 | INFO    | remote.security | MAC tarayıcı başlatıldı — Hedef: fe:84:34:6f:d8:10, Aralık: 60s
2026-05-05 22:22:18 | INFO    | remote.security | Ilk tarama: Güvenilir cihaz agda bulunamadi (6 cihaz tespit edildi)
2026-05-05 22:22:18 | INFO    | remote       | FastAPI sunucusu baslatiliyor -> http://localhost:8765
2026-05-05 22:22:19 | INFO    | remote.ntfy  | Bildirim gönderildi (Guvenlik Uyarisi) [HTTP 200]
2026-05-05 22:22:23 | INFO    | remote.cloudflare | Tünel URL: https://everything-determination-presented-realtors.trycloudflare.com
2026-05-05 22:22:23 | INFO    | remote       | Tunel hazir: https://everything-determination-presented-realtors.trycloudflare.com
2026-05-05 22:22:23 | INFO    | remote.auth  | Yeni oturum anahtarı oluşturuldu.
2026-05-05 22:22:23 | INFO    | remote.ntfy  | Bildirim gönderildi (Tunel Hazir) [HTTP 200]
2026-05-05 22:22:24 | INFO    | remote.ntfy  | Bildirim gönderildi (Giris Anahtari) [HTTP 200]
2026-05-05 22:22:24 | INFO    | remote       | Yeni oturum anahtari gonderildi.
2026-05-05 22:26:00 | INFO    | remote.auth  | Oturum anahtarı doğrulandı: 5.229.80.223
2026-05-05 22:26:00 | INFO    | remote.auth  | Yeni OTP oluşturuldu.
2026-05-05 22:26:01 | INFO    | remote.ntfy  | Bildirim gönderildi (OTP Dogrulama) [HTTP 200]
2026-05-05 22:26:09 | INFO    | remote.auth  | OTP doğrulandı: 5.229.80.223
2026-05-05 22:26:09 | INFO    | remote.auth  | Oturum oluşturuldu: oclNUhw0mPao… [5.229.80.223]
2026-05-05 22:26:38 | ERROR   | remote.security | Acil kilit şifresi ayarlanamadı: None
2026-05-05 22:31:03 | INFO    | remote       | ============================================================
2026-05-05 22:31:03 | INFO    | remote       |   JARVIS UZAKTAN KONTROL SISTEMI v1.0
2026-05-05 22:31:03 | INFO    | remote       | ============================================================
2026-05-05 22:31:03 | INFO    | remote       | Cihaz     : DESKTOP-H2DGAQ3
2026-05-05 22:31:03 | INFO    | remote       | Yerel IP  : 192.168.1.165
2026-05-05 22:31:03 | INFO    | remote       | Port      : 8765
2026-05-05 22:31:03 | INFO    | remote       | ntfy konu : jarvis-Web
2026-05-05 22:31:03 | INFO    | remote       | ============================================================
2026-05-05 22:31:03 | INFO    | remote.ntfy  | NtfyClient hazir -> https://ntfy.sh/jarvis-Web
2026-05-05 22:31:03 | INFO    | remote.auth  | Yeni oturum anahtarı oluşturuldu.
2026-05-05 22:31:03 | INFO    | remote       | Oturum anahtarı oluşturuldu: pSPl75yONR6vz7Mm…
2026-05-05 22:31:03 | INFO    | remote.terminal | Terminal araci baslatildi (Masaustu Jarvis ile iletisim kurulacak)
2026-05-05 22:31:03 | INFO    | remote.cloudflare | cloudflared baslatiliyor: C:\Users\Berat\AppData\Local\Microsoft\WinGet\Links\cloudflared.exe tunnel --url http://localhost:8765
2026-05-05 22:31:03 | INFO    | remote.cloudflare | Tünel yöneticisi başlatıldı (port=8765)
2026-05-05 22:31:03 | INFO    | remote.security | MAC tarayıcı başlatıldı — Hedef: fe:84:34:6f:d8:10, Aralık: 60s
2026-05-05 22:31:03 | INFO    | remote.security | Ilk tarama: Güvenilir cihaz agda bulunamadi (6 cihaz tespit edildi)
2026-05-05 22:31:03 | INFO    | remote       | FastAPI sunucusu baslatiliyor -> http://localhost:8765
2026-05-05 22:31:03 | INFO    | remote.ntfy  | Bildirim gönderildi (Guvenlik Uyarisi) [HTTP 200]
2026-05-05 22:31:08 | INFO    | remote.cloudflare | Tünel URL: https://pie-mothers-costs-choosing.trycloudflare.com
2026-05-05 22:31:08 | INFO    | remote       | Tunel hazir: https://pie-mothers-costs-choosing.trycloudflare.com
2026-05-05 22:31:08 | INFO    | remote.auth  | Yeni oturum anahtarı oluşturuldu.
2026-05-05 22:31:09 | INFO    | remote.ntfy  | Bildirim gönderildi (Tunel Hazir) [HTTP 200]
2026-05-05 22:31:09 | INFO    | remote.ntfy  | Bildirim gönderildi (Giris Anahtari) [HTTP 200]
2026-05-05 22:31:09 | INFO    | remote       | Yeni oturum anahtari gonderildi.
2026-05-05 22:38:49 | INFO    | remote.auth  | Oturum anahtarı doğrulandı: 85.106.157.114
2026-05-05 22:38:49 | INFO    | remote.auth  | Yeni OTP oluşturuldu.
2026-05-05 22:38:50 | INFO    | remote.ntfy  | Bildirim gönderildi (OTP Dogrulama) [HTTP 200]
2026-05-05 22:38:56 | INFO    | remote.auth  | OTP doğrulandı: 85.106.157.114
2026-05-05 22:38:56 | INFO    | remote.auth  | Oturum oluşturuldu: _TzTXq23vbwZ… [85.106.157.114]
2026-05-05 22:39:04 | INFO    | remote.security | Acil kilit aktifleştirildi. Geçici şifre atandı: JRV-GWA
2026-05-05 22:39:08 | INFO    | remote.security | Fiziksel ekran kilidinin açıldığı tespit edildi.
2026-05-05 22:39:08 | INFO    | remote.security | Acil kilit devreden çıkarıldı. Şifre temizlendi.
2026-05-05 22:39:26 | INFO    | remote.security | Acil kilit aktifleştirildi. Geçici şifre atandı: JRV-KTD
2026-05-05 22:39:42 | INFO    | remote.security | Fiziksel ekran kilidinin açıldığı tespit edildi.
2026-05-05 22:39:42 | INFO    | remote.security | Acil kilit devreden çıkarıldı. Şifre temizlendi.
2026-05-05 22:39:45 | INFO    | remote.security | Acil kilit aktifleştirildi. Geçici şifre atandı: JRV-GOB
2026-05-05 22:39:49 | INFO    | remote.security | Fiziksel ekran kilidinin açıldığı tespit edildi.
2026-05-05 22:39:50 | INFO    | remote.security | Acil kilit devreden çıkarıldı. Şifre temizlendi.
2026-05-05 22:40:07 | INFO    | remote.security | Acil kilit aktifleştirildi. Geçici şifre atandı: JRV-4OU
2026-05-05 22:40:15 | INFO    | remote.security | Fiziksel ekran kilidinin açıldığı tespit edildi.
2026-05-05 22:40:16 | INFO    | remote.security | Acil kilit devreden çıkarıldı. Şifre temizlendi.
2026-05-05 22:44:39 | INFO    | remote       | ============================================================
2026-05-05 22:44:39 | INFO    | remote       |   JARVIS UZAKTAN KONTROL SISTEMI v1.0
2026-05-05 22:44:39 | INFO    | remote       | ============================================================
2026-05-05 22:44:39 | INFO    | remote       | Cihaz     : DESKTOP-H2DGAQ3
2026-05-05 22:44:39 | INFO    | remote       | Yerel IP  : 192.168.1.165
2026-05-05 22:44:39 | INFO    | remote       | Port      : 8765
2026-05-05 22:44:39 | INFO    | remote       | ntfy konu : jarvis-Web
2026-05-05 22:44:39 | INFO    | remote       | ============================================================
2026-05-05 22:44:39 | INFO    | remote.ntfy  | NtfyClient hazir -> https://ntfy.sh/jarvis-Web
2026-05-05 22:44:39 | INFO    | remote.auth  | Yeni oturum anahtarı oluşturuldu.
2026-05-05 22:44:39 | INFO    | remote       | Oturum anahtarı oluşturuldu: NWgzEWJVmmBXkU_q…
2026-05-05 22:44:39 | INFO    | remote.terminal | Terminal araci baslatildi (Masaustu Jarvis ile iletisim kurulacak)
2026-05-05 22:44:39 | INFO    | remote.cloudflare | cloudflared baslatiliyor: C:\Users\Berat\AppData\Local\Microsoft\WinGet\Links\cloudflared.exe tunnel --url http://localhost:8765
2026-05-05 22:44:39 | INFO    | remote.cloudflare | Tünel yöneticisi başlatıldı (port=8765)
2026-05-05 22:44:39 | INFO    | remote.security | MAC tarayıcı başlatıldı — Hedef: fe:84:34:6f:d8:10, Aralık: 60s
2026-05-05 22:44:39 | INFO    | remote.security | Ilk tarama: Güvenilir cihaz agda bulunamadi (6 cihaz tespit edildi)
2026-05-05 22:44:39 | INFO    | remote       | FastAPI sunucusu baslatiliyor -> http://localhost:8765
2026-05-05 22:44:40 | INFO    | remote.ntfy  | Bildirim gönderildi (Guvenlik Uyarisi) [HTTP 200]
2026-05-05 22:44:43 | INFO    | remote.cloudflare | Tünel URL: https://clinical-notices-rna-leo.trycloudflare.com
2026-05-05 22:44:43 | INFO    | remote       | Tunel hazir: https://clinical-notices-rna-leo.trycloudflare.com
2026-05-05 22:44:43 | INFO    | remote.auth  | Yeni oturum anahtarı oluşturuldu.
2026-05-05 22:44:43 | INFO    | remote.ntfy  | Bildirim gönderildi (Tunel Hazir) [HTTP 200]
2026-05-05 22:44:43 | INFO    | remote.ntfy  | Bildirim gönderildi (Giris Anahtari) [HTTP 200]
2026-05-05 22:44:43 | INFO    | remote       | Yeni oturum anahtari gonderildi.
2026-05-05 22:45:46 | INFO    | remote.auth  | Oturum anahtarı doğrulandı: 85.106.157.114
2026-05-05 22:45:46 | INFO    | remote.auth  | Yeni OTP oluşturuldu.
2026-05-05 22:45:46 | INFO    | remote.ntfy  | Bildirim gönderildi (OTP Dogrulama) [HTTP 200]
2026-05-05 22:45:52 | INFO    | remote.auth  | OTP doğrulandı: 85.106.157.114
2026-05-05 22:45:52 | INFO    | remote.auth  | Oturum oluşturuldu: EVY-HlHDRYQ8… [85.106.157.114]
2026-05-05 22:46:01 | INFO    | remote.security | Acil kilit aktifleştirildi. Geçici şifre atandı: JRV-8AA
2026-05-05 22:46:01 | INFO    | remote.ntfy  | Bildirim gönderildi (Guvenlik Uyarisi) [HTTP 200]
2026-05-05 22:46:08 | INFO    | remote.security | Acil kilit devreden çıkarıldı. Şifre temizlendi.
2026-05-05 22:46:08 | INFO    | remote.ntfy  | Bildirim gönderildi (Sistem Durumu) [HTTP 200]
2026-05-05 22:46:17 | INFO    | remote.security | Acil kilit aktifleştirildi. Geçici şifre atandı: JRV-IC9
2026-05-05 22:46:17 | INFO    | remote.ntfy  | Bildirim gönderildi (Guvenlik Uyarisi) [HTTP 200]
2026-05-05 22:46:35 | INFO    | remote.security | Fiziksel ekran kilidinin kalıcı olarak açıldığı tespit edildi.
2026-05-05 22:46:35 | INFO    | remote.security | Acil kilit devreden çıkarıldı. Şifre temizlendi.
2026-05-06 17:52:21 | INFO    | remote       | ============================================================
2026-05-06 17:52:21 | INFO    | remote       |   JARVIS UZAKTAN KONTROL SISTEMI v1.0
2026-05-06 17:52:21 | INFO    | remote       | ============================================================
2026-05-06 17:52:21 | INFO    | remote       | Cihaz     : DESKTOP-H2DGAQ3
2026-05-06 17:52:21 | INFO    | remote       | Yerel IP  : 192.168.1.165
2026-05-06 17:52:21 | INFO    | remote       | Port      : 8765
2026-05-06 17:52:21 | INFO    | remote       | ntfy konu : jarvis-Web
2026-05-06 17:52:21 | INFO    | remote       | ============================================================
2026-05-06 17:52:21 | INFO    | remote.ntfy  | NtfyClient hazir -> https://ntfy.sh/jarvis-Web
2026-05-06 17:52:21 | INFO    | remote.auth  | Yeni oturum anahtarı oluşturuldu.
2026-05-06 17:52:21 | INFO    | remote       | Oturum anahtarı oluşturuldu: FX0AWNmdZpIqS19-…
2026-05-06 17:52:21 | INFO    | remote.terminal | Terminal araci baslatildi (Masaustu Jarvis ile iletisim kurulacak)
2026-05-06 17:52:22 | INFO    | remote.cloudflare | cloudflared baslatiliyor: C:\Users\Berat\AppData\Local\Microsoft\WinGet\Links\cloudflared.EXE tunnel --url http://localhost:8765
2026-05-06 17:52:22 | INFO    | remote.cloudflare | Tünel yöneticisi başlatıldı (port=8765)
2026-05-06 17:52:22 | INFO    | remote.security | MAC tarayıcı başlatıldı — Hedef: fe:84:34:6f:d8:10, Aralık: 60s
2026-05-06 17:52:22 | INFO    | remote.security | Ilk tarama: Güvenilir cihaz agda bulunamadi (5 cihaz tespit edildi)
2026-05-06 17:52:22 | INFO    | remote       | FastAPI sunucusu baslatiliyor -> http://localhost:8765
2026-05-06 17:52:22 | INFO    | remote       | ============================================================
2026-05-06 17:52:22 | INFO    | remote       |   JARVIS UZAKTAN KONTROL SISTEMI v1.0
2026-05-06 17:52:22 | INFO    | remote       | ============================================================
2026-05-06 17:52:22 | INFO    | remote       | Cihaz     : DESKTOP-H2DGAQ3
2026-05-06 17:52:22 | INFO    | remote       | Yerel IP  : 192.168.1.165
2026-05-06 17:52:22 | INFO    | remote       | Port      : 8765
2026-05-06 17:52:22 | INFO    | remote       | ntfy konu : jarvis-Web
2026-05-06 17:52:22 | INFO    | remote       | ============================================================
2026-05-06 17:52:22 | INFO    | remote.ntfy  | NtfyClient hazir -> https://ntfy.sh/jarvis-Web
2026-05-06 17:52:22 | INFO    | remote.auth  | Yeni oturum anahtarı oluşturuldu.
2026-05-06 17:52:22 | INFO    | remote       | Oturum anahtarı oluşturuldu: W7nLU3_-YAz41_7h…
2026-05-06 17:52:22 | INFO    | remote.terminal | Terminal araci baslatildi (Masaustu Jarvis ile iletisim kurulacak)
2026-05-06 17:52:22 | INFO    | remote.cloudflare | cloudflared baslatiliyor: C:\Users\Berat\AppData\Local\Microsoft\WinGet\Links\cloudflared.EXE tunnel --url http://localhost:8765
2026-05-06 17:52:22 | INFO    | remote.cloudflare | Tünel yöneticisi başlatıldı (port=8765)
2026-05-06 17:52:22 | INFO    | remote.security | MAC tarayıcı başlatıldı — Hedef: fe:84:34:6f:d8:10, Aralık: 60s
2026-05-06 17:52:22 | INFO    | remote.security | Ilk tarama: Güvenilir cihaz agda bulunamadi (5 cihaz tespit edildi)
2026-05-06 17:52:22 | INFO    | remote       | FastAPI sunucusu baslatiliyor -> http://localhost:8765
2026-05-06 19:37:48 | INFO    | remote       | ============================================================
2026-05-06 19:37:48 | INFO    | remote       |   JARVIS UZAKTAN KONTROL SISTEMI v1.0
2026-05-06 19:37:48 | INFO    | remote       | ============================================================
2026-05-06 19:37:48 | INFO    | remote       | Cihaz     : DESKTOP-H2DGAQ3
2026-05-06 19:37:48 | INFO    | remote       | Yerel IP  : 192.168.1.165
2026-05-06 19:37:48 | INFO    | remote       | Port      : 8765
2026-05-06 19:37:48 | INFO    | remote       | ntfy konu : jarvis-Web
2026-05-06 19:37:48 | INFO    | remote       | ============================================================
2026-05-06 19:37:48 | INFO    | remote.ntfy  | NtfyClient hazir -> https://ntfy.sh/jarvis-Web
2026-05-06 19:37:48 | INFO    | remote.auth  | Yeni oturum anahtarı oluşturuldu.
2026-05-06 19:37:48 | INFO    | remote       | Oturum anahtarı oluşturuldu: AuyO50vzdUN4sbc8…
2026-05-06 19:37:48 | INFO    | remote.terminal | Terminal araci baslatildi (Masaustu Jarvis ile iletisim kurulacak)
2026-05-06 19:37:48 | INFO    | remote.cloudflare | cloudflared baslatiliyor: C:\Users\Berat\AppData\Local\Microsoft\WinGet\Links\cloudflared.EXE tunnel --url http://localhost:8765
2026-05-06 19:37:48 | INFO    | remote.cloudflare | Tünel yöneticisi başlatıldı (port=8765)
2026-05-06 19:37:48 | INFO    | remote.security | MAC tarayıcı başlatıldı — Hedef: fe:84:34:6f:d8:10, Aralık: 60s
2026-05-06 19:37:48 | INFO    | remote.security | Ilk tarama: Güvenilir cihaz agda bulunamadi (7 cihaz tespit edildi)
2026-05-06 19:37:48 | INFO    | remote       | FastAPI sunucusu baslatiliyor -> http://localhost:8765
2026-05-06 19:37:49 | INFO    | remote.ntfy  | Bildirim gönderildi (Guvenlik Uyarisi) [HTTP 200]
2026-05-06 19:37:54 | INFO    | remote.cloudflare | Tünel URL: https://automotive-falling-minnesota-scores.trycloudflare.com
2026-05-06 19:37:54 | INFO    | remote       | Tunel hazir: https://automotive-falling-minnesota-scores.trycloudflare.com
2026-05-06 19:37:54 | ERROR   | remote.cloudflare | on_url_ready callback hatası: name 'time' is not defined
2026-05-06 19:45:56 | INFO    | remote       | ============================================================
2026-05-06 19:45:56 | INFO    | remote       |   JARVIS UZAKTAN KONTROL SISTEMI v1.0
2026-05-06 19:45:56 | INFO    | remote       | ============================================================
2026-05-06 19:45:56 | INFO    | remote       | Cihaz     : DESKTOP-H2DGAQ3
2026-05-06 19:45:56 | INFO    | remote       | Yerel IP  : 192.168.1.165
2026-05-06 19:45:56 | INFO    | remote       | Port      : 8765
2026-05-06 19:45:56 | INFO    | remote       | ntfy konu : jarvis-Web
2026-05-06 19:45:56 | INFO    | remote       | ============================================================
2026-05-06 19:45:56 | INFO    | remote.ntfy  | NtfyClient hazir -> https://ntfy.sh/jarvis-Web
2026-05-06 19:45:56 | INFO    | remote.auth  | Yeni oturum anahtarı oluşturuldu.
2026-05-06 19:45:56 | INFO    | remote       | Oturum anahtarı oluşturuldu: m39FuLLp9s1Yejgk…
2026-05-06 19:45:56 | INFO    | remote.terminal | Terminal araci baslatildi (Masaustu Jarvis ile iletisim kurulacak)
2026-05-06 19:45:56 | INFO    | remote.cloudflare | cloudflared baslatiliyor: C:\Users\Berat\AppData\Local\Microsoft\WinGet\Links\cloudflared.EXE tunnel --url http://localhost:8765
2026-05-06 19:45:56 | INFO    | remote.cloudflare | Tünel yöneticisi başlatıldı (port=8765)
2026-05-06 19:45:56 | INFO    | remote.security | MAC tarayıcı başlatıldı — Hedef: fe:84:34:6f:d8:10, Aralık: 60s
2026-05-06 19:45:56 | INFO    | remote.security | Ilk tarama: Güvenilir cihaz agda bulunamadi (5 cihaz tespit edildi)
2026-05-06 19:45:56 | INFO    | remote       | FastAPI sunucusu baslatiliyor -> http://localhost:8765
2026-05-06 19:53:57 | INFO    | remote       | ============================================================
2026-05-06 19:53:57 | INFO    | remote       |   JARVIS UZAKTAN KONTROL SISTEMI v1.0
2026-05-06 19:53:57 | INFO    | remote       | ============================================================
2026-05-06 19:53:57 | INFO    | remote       | Cihaz     : DESKTOP-H2DGAQ3
2026-05-06 19:53:57 | INFO    | remote       | Yerel IP  : 192.168.1.165
2026-05-06 19:53:57 | INFO    | remote       | Port      : 8765
2026-05-06 19:53:57 | INFO    | remote       | ntfy konu : jarvis-Web
2026-05-06 19:53:57 | INFO    | remote       | ============================================================
2026-05-06 19:53:57 | INFO    | remote.ntfy  | NtfyClient hazir -> https://ntfy.sh/jarvis-Web
2026-05-06 19:53:57 | INFO    | remote.auth  | Yeni oturum anahtarı oluşturuldu.
2026-05-06 19:53:57 | INFO    | remote       | Oturum anahtarı oluşturuldu: 0LDZtgsUWCi8TuKw…
2026-05-06 19:53:57 | INFO    | remote.terminal | Terminal araci baslatildi (Masaustu Jarvis ile iletisim kurulacak)
2026-05-06 19:53:57 | INFO    | remote.cloudflare | cloudflared baslatiliyor: C:\Users\Berat\AppData\Local\Microsoft\WinGet\Links\cloudflared.EXE tunnel --url http://localhost:8765
2026-05-06 19:53:57 | INFO    | remote.cloudflare | Tünel yöneticisi başlatıldı (port=8765)
2026-05-06 19:53:57 | INFO    | remote.security | MAC tarayıcı başlatıldı — Hedef: fe:84:34:6f:d8:10, Aralık: 60s
2026-05-06 19:53:57 | INFO    | remote.security | Ilk tarama: Güvenilir cihaz agda bulunamadi (5 cihaz tespit edildi)
2026-05-06 19:53:57 | INFO    | remote       | FastAPI sunucusu baslatiliyor -> http://localhost:8765
2026-05-06 20:39:22 | INFO    | remote       | ============================================================
2026-05-06 20:39:22 | INFO    | remote       |   JARVIS UZAKTAN KONTROL SISTEMI v1.0
2026-05-06 20:39:22 | INFO    | remote       | ============================================================
2026-05-06 20:39:22 | INFO    | remote       | Cihaz     : DESKTOP-H2DGAQ3
2026-05-06 20:39:22 | INFO    | remote       | Yerel IP  : 192.168.1.165
2026-05-06 20:39:22 | INFO    | remote       | Port      : 8765
2026-05-06 20:39:22 | INFO    | remote       | ntfy konu : jarvis-Web
2026-05-06 20:39:22 | INFO    | remote       | ============================================================
2026-05-06 20:39:22 | INFO    | remote.ntfy  | NtfyClient hazir -> https://ntfy.sh/jarvis-Web
2026-05-06 20:39:22 | INFO    | remote.auth  | Yeni oturum anahtarı oluşturuldu.
2026-05-06 20:39:22 | INFO    | remote       | Oturum anahtarı oluşturuldu: SBeCPHR1nmuqmBCt…
2026-05-06 20:39:22 | INFO    | remote.terminal | Terminal araci baslatildi (Masaustu Jarvis ile iletisim kurulacak)
2026-05-06 20:39:22 | INFO    | remote.cloudflare | cloudflared baslatiliyor: C:\Users\Berat\AppData\Local\Microsoft\WinGet\Links\cloudflared.EXE tunnel --url http://localhost:8765
2026-05-06 20:39:22 | INFO    | remote.cloudflare | Tünel yöneticisi başlatıldı (port=8765)
2026-05-06 20:39:22 | INFO    | remote.security | MAC tarayıcı başlatıldı — Hedef: fe:84:34:6f:d8:10, Aralık: 60s
2026-05-06 20:39:22 | INFO    | remote.tray  | Sistem tepsisi (tray) simgesi başlatıldı.
2026-05-06 20:39:22 | INFO    | remote.security | Ilk tarama: Güvenilir cihaz agda bulunamadi (6 cihaz tespit edildi)
2026-05-06 20:39:22 | INFO    | remote       | FastAPI sunucusu baslatiliyor -> http://localhost:8765
2026-05-06 20:39:23 | INFO    | remote.ntfy  | Bildirim gönderildi (Guvenlik Uyarisi) [HTTP 200]
2026-05-06 20:39:28 | INFO    | remote.cloudflare | Tünel URL: https://slowly-hispanic-improvement-separated.trycloudflare.com
2026-05-06 20:39:28 | INFO    | remote       | Tunel hazir: https://slowly-hispanic-improvement-separated.trycloudflare.com
2026-05-06 20:39:31 | INFO    | remote.auth  | Yeni oturum anahtarı oluşturuldu.
2026-05-06 20:39:31 | INFO    | remote.ntfy  | Bildirim gönderildi (Tunel Hazir) [HTTP 200]
2026-05-06 20:39:31 | INFO    | remote.ntfy  | Bildirim gönderildi (Giris Anahtari) [HTTP 200]
2026-05-06 20:39:31 | INFO    | remote       | Yeni oturum anahtari gonderildi.
2026-05-06 20:40:34 | INFO    | remote.auth  | Oturum anahtarı doğrulandı: 85.106.157.114
2026-05-06 20:40:34 | INFO    | remote.auth  | Yeni OTP oluşturuldu.
2026-05-06 20:40:34 | INFO    | remote.ntfy  | Bildirim gönderildi (OTP Dogrulama) [HTTP 200]
2026-05-06 20:40:41 | INFO    | remote.auth  | OTP doğrulandı: 85.106.157.114
2026-05-06 20:40:41 | INFO    | remote.auth  | Oturum oluşturuldu: J3UyNNnqQ4c0… [85.106.157.114]
2026-05-06 21:13:14 | INFO    | remote       | ============================================================
2026-05-06 21:13:14 | INFO    | remote       |   JARVIS UZAKTAN KONTROL SISTEMI v1.0
2026-05-06 21:13:14 | INFO    | remote       | ============================================================
2026-05-06 21:13:14 | INFO    | remote       | Cihaz     : DESKTOP-H2DGAQ3
2026-05-06 21:13:14 | INFO    | remote       | Yerel IP  : 192.168.1.165
2026-05-06 21:13:14 | INFO    | remote       | Port      : 8765
2026-05-06 21:13:14 | INFO    | remote       | ntfy konu : jarvis-Web
2026-05-06 21:13:14 | INFO    | remote       | ============================================================
2026-05-06 21:13:14 | INFO    | remote.ntfy  | NtfyClient hazir -> https://ntfy.sh/jarvis-Web
2026-05-06 21:13:14 | INFO    | remote.auth  | Yeni oturum anahtarı oluşturuldu.
2026-05-06 21:13:14 | INFO    | remote       | Oturum anahtarı oluşturuldu: nO7yoDrrwfhhEkXe…
2026-05-06 21:13:14 | INFO    | remote.terminal | Terminal araci baslatildi (Masaustu Jarvis ile iletisim kurulacak)
2026-05-06 21:13:14 | INFO    | remote.cloudflare | cloudflared baslatiliyor: C:\Users\Berat\AppData\Local\Microsoft\WinGet\Links\cloudflared.EXE tunnel --url http://localhost:8765
2026-05-06 21:13:14 | INFO    | remote.cloudflare | Tünel yöneticisi başlatıldı (port=8765)
2026-05-06 21:13:14 | INFO    | remote.security | MAC tarayıcı başlatıldı — Hedef: fe:84:34:6f:d8:10, Aralık: 60s
2026-05-06 21:13:14 | INFO    | remote.tray  | Sistem tepsisi (tray) simgesi başlatıldı.
2026-05-06 21:13:14 | INFO    | remote.security | Ilk tarama: Güvenilir cihaz agda bulunamadi (5 cihaz tespit edildi)
2026-05-06 21:13:14 | INFO    | remote       | FastAPI sunucusu baslatiliyor -> http://localhost:8765
2026-05-06 21:27:01 | INFO    | remote       | ============================================================
2026-05-06 21:27:01 | INFO    | remote       |   JARVIS UZAKTAN KONTROL SISTEMI v1.0
2026-05-06 21:27:01 | INFO    | remote       | ============================================================
2026-05-06 21:27:01 | INFO    | remote       | Cihaz     : DESKTOP-H2DGAQ3
2026-05-06 21:27:01 | INFO    | remote       | Yerel IP  : 192.168.1.165
2026-05-06 21:27:01 | INFO    | remote       | Port      : 8765
2026-05-06 21:27:01 | INFO    | remote       | ntfy konu : jarvis-Web
2026-05-06 21:27:01 | INFO    | remote       | ============================================================
2026-05-06 21:27:01 | INFO    | remote.ntfy  | NtfyClient hazir -> https://ntfy.sh/jarvis-Web
2026-05-06 21:27:01 | INFO    | remote.auth  | Yeni oturum anahtarı oluşturuldu.
2026-05-06 21:27:01 | INFO    | remote       | Oturum anahtarı oluşturuldu: 19IihyPbyOE0FsXF…
2026-05-06 21:27:01 | INFO    | remote.terminal | Terminal araci baslatildi (Masaustu Jarvis ile iletisim kurulacak)
2026-05-06 21:27:01 | INFO    | remote.cloudflare | cloudflared baslatiliyor: C:\Users\Berat\AppData\Local\Microsoft\WinGet\Links\cloudflared.EXE tunnel --url http://localhost:8765
2026-05-06 21:27:01 | INFO    | remote.cloudflare | Tünel yöneticisi başlatıldı (port=8765)
2026-05-06 21:27:01 | INFO    | remote.security | MAC tarayıcı başlatıldı — Hedef: fe:84:34:6f:d8:10, Aralık: 60s
2026-05-06 21:27:01 | INFO    | remote.tray  | Sistem tepsisi (tray) simgesi başlatıldı.
2026-05-06 21:27:01 | INFO    | remote.security | Ilk tarama: Güvenilir cihaz agda bulunamadi (6 cihaz tespit edildi)
2026-05-06 21:27:01 | INFO    | remote       | FastAPI sunucusu baslatiliyor -> http://localhost:8765
2026-05-06 21:27:02 | INFO    | remote.ntfy  | Bildirim gönderildi (Guvenlik Uyarisi) [HTTP 200]
2026-05-06 21:27:06 | INFO    | remote.cloudflare | Tünel URL: https://periodic-felt-apparently-avon.trycloudflare.com
2026-05-06 21:27:06 | INFO    | remote       | Tunel hazir: https://periodic-felt-apparently-avon.trycloudflare.com
2026-05-06 21:27:09 | INFO    | remote.auth  | Yeni oturum anahtarı oluşturuldu.
2026-05-06 21:27:09 | INFO    | remote.ntfy  | Bildirim gönderildi (Tunel Hazir) [HTTP 200]
2026-05-06 21:27:10 | INFO    | remote.ntfy  | Bildirim gönderildi (Giris Anahtari) [HTTP 200]
2026-05-06 21:27:10 | INFO    | remote       | Yeni oturum anahtari gonderildi.
2026-05-06 21:28:04 | INFO    | remote.tray  | Kullanıcı tray üzerinden bildirim gönderimi talep etti.
2026-05-06 21:28:04 | INFO    | remote       | Tunel hazir: https://periodic-felt-apparently-avon.trycloudflare.com
2026-05-06 21:28:07 | INFO    | remote.auth  | Yeni oturum anahtarı oluşturuldu.
2026-05-06 21:28:07 | INFO    | remote.ntfy  | Bildirim gönderildi (Tunel Hazir) [HTTP 200]
2026-05-06 21:28:07 | INFO    | remote.ntfy  | Bildirim gönderildi (Giris Anahtari) [HTTP 200]
2026-05-06 21:28:07 | INFO    | remote       | Yeni oturum anahtari gonderildi.
2026-05-06 21:36:08 | INFO    | remote.tray  | Kullanıcı tray üzerinden bildirim gönderimi talep etti.
2026-05-06 21:36:08 | INFO    | remote       | Tunel hazir: https://periodic-felt-apparently-avon.trycloudflare.com
2026-05-06 21:36:11 | INFO    | remote.auth  | Yeni oturum anahtarı oluşturuldu.
2026-05-06 21:36:12 | INFO    | remote.ntfy  | Bildirim gönderildi (Tunel Hazir) [HTTP 200]
2026-05-06 21:36:12 | INFO    | remote.ntfy  | Bildirim gönderildi (Giris Anahtari) [HTTP 200]
2026-05-06 21:36:12 | INFO    | remote       | Yeni oturum anahtari gonderildi.
2026-05-06 21:37:16 | INFO    | remote.tray  | Kullanıcı tray üzerinden bildirim gönderimi talep etti.
2026-05-06 21:37:16 | INFO    | remote       | Tunel hazir: https://periodic-felt-apparently-avon.trycloudflare.com
2026-05-06 21:37:19 | INFO    | remote.auth  | Yeni oturum anahtarı oluşturuldu.
2026-05-06 21:37:20 | INFO    | remote.ntfy  | Bildirim gönderildi (Tunel Hazir) [HTTP 200]
2026-05-06 21:37:20 | INFO    | remote.ntfy  | Bildirim gönderildi (Giris Anahtari) [HTTP 200]
2026-05-06 21:37:20 | INFO    | remote       | Yeni oturum anahtari gonderildi.
2026-05-06 21:40:39 | INFO    | remote.tray  | Kullanıcı tray üzerinden çıkış talep etti.
2026-05-06 21:40:39 | INFO    | remote       | Sistem kapatiliyor...
2026-05-06 21:40:39 | INFO    | remote.cloudflare | Tünel durduruldu.
2026-05-06 21:40:39 | INFO    | remote.security | MAC tarayıcı durduruldu.
2026-05-06 21:40:39 | INFO    | remote       | Gule gule!
2026-05-06 21:41:52 | INFO    | remote       | ============================================================
2026-05-06 21:41:52 | INFO    | remote       |   JARVIS UZAKTAN KONTROL SISTEMI v1.0
2026-05-06 21:41:52 | INFO    | remote       | ============================================================
2026-05-06 21:41:52 | INFO    | remote       | Cihaz     : DESKTOP-H2DGAQ3
2026-05-06 21:41:52 | INFO    | remote       | Yerel IP  : 192.168.1.165
2026-05-06 21:41:52 | INFO    | remote       | Port      : 8765
2026-05-06 21:41:52 | INFO    | remote       | ntfy konu : jarvis-Web
2026-05-06 21:41:52 | INFO    | remote       | ============================================================
2026-05-06 21:41:52 | INFO    | remote.ntfy  | NtfyClient hazir -> https://ntfy.sh/jarvis-Web
2026-05-06 21:41:52 | INFO    | remote.auth  | Yeni oturum anahtarı oluşturuldu.
2026-05-06 21:41:52 | INFO    | remote       | Oturum anahtarı oluşturuldu: Q-tvd5-vAoqxpoeg…
2026-05-06 21:41:52 | INFO    | remote.terminal | Terminal araci baslatildi (Masaustu Jarvis ile iletisim kurulacak)
2026-05-06 21:41:52 | INFO    | remote.security | MAC tarayıcı başlatıldı — Hedef: fe:84:34:6f:d8:10, Aralık: 60s
2026-05-06 21:41:52 | INFO    | remote       | Sunucunun tamamen hazir olmasi icin 5 saniye bekleniyor...
2026-05-06 21:41:52 | INFO    | remote.tray  | Sistem tepsisi (tray) simgesi başlatıldı.
2026-05-06 21:41:52 | INFO    | remote.security | Ilk tarama: Güvenilir cihaz agda bulunamadi (6 cihaz tespit edildi)
2026-05-06 21:41:52 | INFO    | remote       | FastAPI sunucusu baslatiliyor -> http://127.0.0.1:8765
2026-05-06 21:41:52 | INFO    | remote.ntfy  | Bildirim gönderildi (Guvenlik Uyarisi) [HTTP 200]
2026-05-06 21:41:57 | INFO    | remote.cloudflare | cloudflared baslatiliyor: C:\Users\Berat\AppData\Local\Microsoft\WinGet\Links\cloudflared.EXE tunnel --url http://127.0.0.1:8765
2026-05-06 21:41:57 | INFO    | remote.cloudflare | Tünel yöneticisi başlatıldı (port=8765)
2026-05-06 21:42:02 | INFO    | remote.cloudflare | Tünel URL: https://philip-everywhere-faculty-recently.trycloudflare.com
2026-05-06 21:42:02 | INFO    | remote       | Tunel hazir: https://philip-everywhere-faculty-recently.trycloudflare.com
2026-05-06 21:42:05 | INFO    | remote.auth  | Yeni oturum anahtarı oluşturuldu.
2026-05-06 21:42:05 | INFO    | remote.ntfy  | Bildirim gönderildi (Tunel Hazir) [HTTP 200]
2026-05-06 21:42:05 | INFO    | remote.ntfy  | Bildirim gönderildi (Giris Anahtari) [HTTP 200]
2026-05-06 21:42:05 | INFO    | remote       | Yeni oturum anahtari gonderildi.
2026-05-06 21:44:28 | INFO    | remote.tray  | Kullanıcı tray üzerinden çıkış talep etti.
2026-05-06 21:44:28 | INFO    | remote       | Sistem kapatiliyor...
2026-05-06 21:44:28 | INFO    | remote.cloudflare | Tünel durduruldu.
2026-05-06 21:44:28 | INFO    | remote.security | MAC tarayıcı durduruldu.
2026-05-06 21:44:28 | INFO    | remote       | Gule gule!
2026-05-06 21:44:31 | INFO    | remote       | ============================================================
2026-05-06 21:44:31 | INFO    | remote       |   JARVIS UZAKTAN KONTROL SISTEMI v1.0
2026-05-06 21:44:31 | INFO    | remote       | ============================================================
2026-05-06 21:44:31 | INFO    | remote       | Cihaz     : DESKTOP-H2DGAQ3
2026-05-06 21:44:31 | INFO    | remote       | Yerel IP  : 192.168.1.165
2026-05-06 21:44:31 | INFO    | remote       | Port      : 8765
2026-05-06 21:44:31 | INFO    | remote       | ntfy konu : jarvis-Web
2026-05-06 21:44:31 | INFO    | remote       | ============================================================
2026-05-06 21:44:31 | INFO    | remote.ntfy  | NtfyClient hazir -> https://ntfy.sh/jarvis-Web
2026-05-06 21:44:31 | INFO    | remote.auth  | Yeni oturum anahtarı oluşturuldu.
2026-05-06 21:44:31 | INFO    | remote       | Oturum anahtarı oluşturuldu: iP80TxK-SSQvNSUa…
2026-05-06 21:44:31 | INFO    | remote.terminal | Terminal araci baslatildi (Masaustu Jarvis ile iletisim kurulacak)
2026-05-06 21:44:31 | INFO    | remote.security | MAC tarayıcı başlatıldı — Hedef: fe:84:34:6f:d8:10, Aralık: 60s
2026-05-06 21:44:31 | INFO    | remote       | Sunucunun tamamen hazir olmasi icin 5 saniye bekleniyor...
2026-05-06 21:44:31 | INFO    | remote.tray  | Sistem tepsisi (tray) simgesi başlatıldı.
2026-05-06 21:44:31 | INFO    | remote.security | Ilk tarama: Güvenilir cihaz agda bulunamadi (6 cihaz tespit edildi)
2026-05-06 21:44:31 | INFO    | remote       | FastAPI sunucusu baslatiliyor -> http://127.0.0.1:8765
2026-05-06 21:44:31 | ERROR   | remote       | FastAPI sunucusu beklenmedik bir hata ile durdu: Unable to configure formatter 'default'
Traceback (most recent call last):
  File "C:\Users\Berat\AppData\Local\Programs\Python\Python311\Lib\logging\config.py", line 552, in configure
    formatters[name] = self.configure_formatter(
                       ^^^^^^^^^^^^^^^^^^^^^^^^^
  File "C:\Users\Berat\AppData\Local\Programs\Python\Python311\Lib\logging\config.py", line 664, in configure_formatter
    result = self.configure_custom(config)
             ^^^^^^^^^^^^^^^^^^^^^^^^^^^^^
  File "C:\Users\Berat\AppData\Local\Programs\Python\Python311\Lib\logging\config.py", line 482, in configure_custom
    result = c(**kwargs)
             ^^^^^^^^^^^
  File "C:\Users\Berat\Downloads\Mark-XXXIX-main - Kopya\Mark-XXXIX-main\venv\Lib\site-packages\uvicorn\logging.py", line 42, in __init__
    self.use_colors = sys.stdout.isatty()
                      ^^^^^^^^^^^^^^^^^
AttributeError: 'NoneType' object has no attribute 'isatty'

The above exception was the direct cause of the following exception:

Traceback (most recent call last):
  File "c:\Users\Berat\Downloads\Mark-XXXIX-main - Kopya\Mark-XXXIX-main\remote.py", line 204, in main
    uvicorn.run(
  File "C:\Users\Berat\Downloads\Mark-XXXIX-main - Kopya\Mark-XXXIX-main\venv\Lib\site-packages\uvicorn\main.py", line 551, in run
    config = Config(
             ^^^^^^^
  File "C:\Users\Berat\Downloads\Mark-XXXIX-main - Kopya\Mark-XXXIX-main\venv\Lib\site-packages\uvicorn\config.py", line 282, in __init__
    self.configure_logging()
  File "C:\Users\Berat\Downloads\Mark-XXXIX-main - Kopya\Mark-XXXIX-main\venv\Lib\site-packages\uvicorn\config.py", line 377, in configure_logging
    logging.config.dictConfig(self.log_config)
  File "C:\Users\Berat\AppData\Local\Programs\Python\Python311\Lib\logging\config.py", line 823, in dictConfig
    dictConfigClass(config).configure()
  File "C:\Users\Berat\AppData\Local\Programs\Python\Python311\Lib\logging\config.py", line 555, in configure
    raise ValueError('Unable to configure '
ValueError: Unable to configure formatter 'default'
2026-05-06 21:44:31 | INFO    | remote.ntfy  | Bildirim gönderildi (Guvenlik Uyarisi) [HTTP 200]
2026-05-06 21:44:36 | INFO    | remote.cloudflare | cloudflared baslatiliyor: C:\Users\Berat\AppData\Local\Microsoft\WinGet\Links\cloudflared.EXE tunnel --url http://127.0.0.1:8765
2026-05-06 21:44:36 | INFO    | remote.cloudflare | Tünel yöneticisi başlatıldı (port=8765)
2026-05-06 21:44:41 | INFO    | remote.cloudflare | Tünel URL: https://perl-implied-focuses-sphere.trycloudflare.com
2026-05-06 21:44:41 | INFO    | remote       | Tunel hazir: https://perl-implied-focuses-sphere.trycloudflare.com
2026-05-06 21:44:44 | INFO    | remote.auth  | Yeni oturum anahtarı oluşturuldu.
2026-05-06 21:44:44 | INFO    | remote.ntfy  | Bildirim gönderildi (Tunel Hazir) [HTTP 200]
2026-05-06 21:44:44 | INFO    | remote.ntfy  | Bildirim gönderildi (Giris Anahtari) [HTTP 200]
2026-05-06 21:44:44 | INFO    | remote       | Yeni oturum anahtari gonderildi.
2026-05-06 21:46:16 | WARNING | remote.cloudflare | cloudflared beklenmedik şekilde kapandı (code=1)
2026-05-06 21:46:16 | INFO    | remote.cloudflare | Yeniden baslatma 1/10 - 2s bekleniyor...
2026-05-06 21:46:19 | INFO    | remote.cloudflare | cloudflared baslatiliyor: C:\Users\Berat\AppData\Local\Microsoft\WinGet\Links\cloudflared.EXE tunnel --url http://127.0.0.1:8765
2026-05-06 21:46:24 | INFO    | remote.cloudflare | Tünel URL: https://bind-galleries-oils-date.trycloudflare.com
2026-05-06 21:46:24 | INFO    | remote       | Tunel hazir: https://bind-galleries-oils-date.trycloudflare.com
2026-05-06 21:46:27 | INFO    | remote.auth  | Yeni oturum anahtarı oluşturuldu.
2026-05-06 21:46:28 | INFO    | remote.ntfy  | Bildirim gönderildi (Tunel Hazir) [HTTP 200]
2026-05-06 21:46:28 | INFO    | remote.ntfy  | Bildirim gönderildi (Giris Anahtari) [HTTP 200]
2026-05-06 21:46:28 | INFO    | remote       | Yeni oturum anahtari gonderildi.
2026-05-06 21:46:45 | INFO    | remote       | ============================================================
2026-05-06 21:46:45 | INFO    | remote       |   JARVIS UZAKTAN KONTROL SISTEMI v1.0
2026-05-06 21:46:45 | INFO    | remote       | ============================================================
2026-05-06 21:46:45 | INFO    | remote       | Cihaz     : DESKTOP-H2DGAQ3
2026-05-06 21:46:45 | INFO    | remote       | Yerel IP  : 192.168.1.165
2026-05-06 21:46:45 | INFO    | remote       | Port      : 8765
2026-05-06 21:46:45 | INFO    | remote       | ntfy konu : jarvis-Web
2026-05-06 21:46:45 | INFO    | remote       | ============================================================
2026-05-06 21:46:45 | INFO    | remote.ntfy  | NtfyClient hazir -> https://ntfy.sh/jarvis-Web
2026-05-06 21:46:45 | INFO    | remote.auth  | Yeni oturum anahtarı oluşturuldu.
2026-05-06 21:46:45 | INFO    | remote       | Oturum anahtarı oluşturuldu: NmFVtWu48Tc1O4-3…
2026-05-06 21:46:45 | INFO    | remote.terminal | Terminal araci baslatildi (Masaustu Jarvis ile iletisim kurulacak)
2026-05-06 21:46:45 | INFO    | remote.security | MAC tarayıcı başlatıldı — Hedef: fe:84:34:6f:d8:10, Aralık: 60s
2026-05-06 21:46:45 | INFO    | remote       | Sunucunun tamamen hazir olmasi icin 5 saniye bekleniyor...
2026-05-06 21:46:45 | INFO    | remote.tray  | Sistem tepsisi (tray) simgesi başlatıldı.
2026-05-06 21:46:45 | INFO    | remote.security | Ilk tarama: Güvenilir cihaz agda bulunamadi (6 cihaz tespit edildi)
2026-05-06 21:46:45 | INFO    | remote       | FastAPI sunucusu baslatiliyor -> http://127.0.0.1:8765
2026-05-06 21:46:46 | INFO    | remote.ntfy  | Bildirim gönderildi (Guvenlik Uyarisi) [HTTP 200]
2026-05-06 21:46:50 | INFO    | remote.cloudflare | cloudflared baslatiliyor: C:\Users\Berat\AppData\Local\Microsoft\WinGet\Links\cloudflared.EXE tunnel --url http://127.0.0.1:8765
2026-05-06 21:46:50 | INFO    | remote.cloudflare | Tünel yöneticisi başlatıldı (port=8765)
2026-05-06 21:46:56 | INFO    | remote.cloudflare | Tünel URL: https://providence-nebraska-conflicts-thumbs.trycloudflare.com
2026-05-06 21:46:56 | INFO    | remote       | Tunel hazir: https://providence-nebraska-conflicts-thumbs.trycloudflare.com
2026-05-06 21:46:59 | INFO    | remote.auth  | Yeni oturum anahtarı oluşturuldu.
2026-05-06 21:46:59 | INFO    | remote.ntfy  | Bildirim gönderildi (Tunel Hazir) [HTTP 200]
2026-05-06 21:46:59 | INFO    | remote.ntfy  | Bildirim gönderildi (Giris Anahtari) [HTTP 200]
2026-05-06 21:46:59 | INFO    | remote       | Yeni oturum anahtari gonderildi.
2026-05-06 21:48:50 | INFO    | remote       | ============================================================
2026-05-06 21:48:50 | INFO    | remote       |   JARVIS UZAKTAN KONTROL SISTEMI v1.0
2026-05-06 21:48:50 | INFO    | remote       | ============================================================
2026-05-06 21:48:50 | INFO    | remote       | Cihaz     : DESKTOP-H2DGAQ3
2026-05-06 21:48:50 | INFO    | remote       | Yerel IP  : 192.168.1.165
2026-05-06 21:48:50 | INFO    | remote       | Port      : 8765
2026-05-06 21:48:50 | INFO    | remote       | ntfy konu : jarvis-Web
2026-05-06 21:48:50 | INFO    | remote       | ============================================================
2026-05-06 21:48:50 | INFO    | remote.ntfy  | NtfyClient hazir -> https://ntfy.sh/jarvis-Web
2026-05-06 21:48:50 | INFO    | remote.auth  | Yeni oturum anahtarı oluşturuldu.
2026-05-06 21:48:50 | INFO    | remote       | Oturum anahtarı oluşturuldu: FnGwfr3tYeLw3Mfv…
2026-05-06 21:48:50 | INFO    | remote.terminal | Terminal araci baslatildi (Masaustu Jarvis ile iletisim kurulacak)
2026-05-06 21:48:50 | INFO    | remote.security | MAC tarayıcı başlatıldı — Hedef: fe:84:34:6f:d8:10, Aralık: 60s
2026-05-06 21:48:50 | INFO    | remote       | Sunucunun tamamen hazir olmasi icin 5 saniye bekleniyor...
2026-05-06 21:48:50 | INFO    | remote.tray  | Sistem tepsisi (tray) simgesi başlatıldı.
2026-05-06 21:48:50 | INFO    | remote.security | Ilk tarama: Güvenilir cihaz agda bulunamadi (6 cihaz tespit edildi)
2026-05-06 21:48:50 | INFO    | remote       | FastAPI sunucusu baslatiliyor -> http://127.0.0.1:8765
2026-05-06 21:48:50,539 | INFO    | uvicorn.error | Started server process [4456]
2026-05-06 21:48:50,539 | INFO    | uvicorn.error | Waiting for application startup.
2026-05-06 21:48:50,539 | INFO    | uvicorn.error | Application startup complete.
2026-05-06 21:48:50,539 | ERROR   | uvicorn.error | [Errno 10048] error while attempting to bind on address ('127.0.0.1', 8765): normal olarak her yuva adresi (iletişim kuralı/ağ adresi/bağlantı noktası) için yalnızca bir kullanıma izin veriliyor
2026-05-06 21:48:50,539 | INFO    | uvicorn.error | Waiting for application shutdown.
2026-05-06 21:48:50,539 | INFO    | uvicorn.error | Application shutdown complete.
2026-05-06 21:48:51 | INFO    | remote.ntfy  | Bildirim gönderildi (Guvenlik Uyarisi) [HTTP 200]
2026-05-06 21:48:55 | INFO    | remote.cloudflare | cloudflared baslatiliyor: C:\Users\Berat\AppData\Local\Microsoft\WinGet\Links\cloudflared.EXE tunnel --url http://127.0.0.1:8765
2026-05-06 21:48:55 | INFO    | remote.cloudflare | Tünel yöneticisi başlatıldı (port=8765)
2026-05-06 21:49:00 | INFO    | remote.cloudflare | Tünel URL: https://reduction-divx-ban-triangle.trycloudflare.com
2026-05-06 21:49:00 | INFO    | remote       | Tunel hazir: https://reduction-divx-ban-triangle.trycloudflare.com
2026-05-06 21:49:03 | INFO    | remote.auth  | Yeni oturum anahtarı oluşturuldu.
2026-05-06 21:49:03 | INFO    | remote.ntfy  | Bildirim gönderildi (Tunel Hazir) [HTTP 200]
2026-05-06 21:49:03 | INFO    | remote.ntfy  | Bildirim gönderildi (Giris Anahtari) [HTTP 200]
2026-05-06 21:49:03 | INFO    | remote       | Yeni oturum anahtari gonderildi.
2026-05-06 21:50:14 | INFO    | remote       | ============================================================
2026-05-06 21:50:14 | INFO    | remote       |   JARVIS UZAKTAN KONTROL SISTEMI v1.0
2026-05-06 21:50:14 | INFO    | remote       | ============================================================
2026-05-06 21:50:14 | INFO    | remote       | Cihaz     : DESKTOP-H2DGAQ3
2026-05-06 21:50:14 | INFO    | remote       | Yerel IP  : 192.168.1.165
2026-05-06 21:50:14 | INFO    | remote       | Port      : 8765
2026-05-06 21:50:14 | INFO    | remote       | ntfy konu : jarvis-Web
2026-05-06 21:50:14 | INFO    | remote       | ============================================================
2026-05-06 21:50:14 | INFO    | remote.ntfy  | NtfyClient hazir -> https://ntfy.sh/jarvis-Web
2026-05-06 21:50:14 | INFO    | remote.auth  | Yeni oturum anahtarı oluşturuldu.
2026-05-06 21:50:14 | INFO    | remote       | Oturum anahtarı oluşturuldu: FbbQ5q524-mwc6pX…
2026-05-06 21:50:14 | INFO    | remote.terminal | Terminal araci baslatildi (Masaustu Jarvis ile iletisim kurulacak)
2026-05-06 21:50:14 | INFO    | remote.security | MAC tarayıcı başlatıldı — Hedef: fe:84:34:6f:d8:10, Aralık: 60s
2026-05-06 21:50:14 | INFO    | remote       | Sunucunun tamamen hazir olmasi icin 5 saniye bekleniyor...
2026-05-06 21:50:14 | INFO    | remote.tray  | Sistem tepsisi (tray) simgesi başlatıldı.
2026-05-06 21:50:14 | INFO    | remote.security | Ilk tarama: Güvenilir cihaz agda bulunamadi (6 cihaz tespit edildi)
2026-05-06 21:50:14 | INFO    | remote       | FastAPI sunucusu baslatiliyor -> http://127.0.0.1:8765
2026-05-06 21:50:14,563 | INFO    | uvicorn.error | Started server process [6696]
2026-05-06 21:50:14,563 | INFO    | uvicorn.error | Waiting for application startup.
2026-05-06 21:50:14,563 | INFO    | uvicorn.error | Application startup complete.
2026-05-06 21:50:14,563 | INFO    | uvicorn.error | Uvicorn running on http://127.0.0.1:8765 (Press CTRL+C to quit)
2026-05-06 21:50:15 | INFO    | remote.ntfy  | Bildirim gönderildi (Guvenlik Uyarisi) [HTTP 200]
2026-05-06 21:50:19 | INFO    | remote.cloudflare | cloudflared baslatiliyor: C:\Users\Berat\AppData\Local\Microsoft\WinGet\Links\cloudflared.EXE tunnel --url http://127.0.0.1:8765
2026-05-06 21:50:19 | INFO    | remote.cloudflare | Tünel yöneticisi başlatıldı (port=8765)
2026-05-06 21:50:24 | INFO    | remote.cloudflare | Tünel URL: https://operate-sugar-search-several.trycloudflare.com
2026-05-06 21:50:24 | INFO    | remote       | Tunel hazir: https://operate-sugar-search-several.trycloudflare.com
2026-05-06 21:50:27 | INFO    | remote.auth  | Yeni oturum anahtarı oluşturuldu.
2026-05-06 21:50:27 | INFO    | remote.ntfy  | Bildirim gönderildi (Tunel Hazir) [HTTP 200]
2026-05-06 21:50:27 | INFO    | remote.ntfy  | Bildirim gönderildi (Giris Anahtari) [HTTP 200]
2026-05-06 21:50:27 | INFO    | remote       | Yeni oturum anahtari gonderildi.
2026-05-07 18:09:27 | INFO    | remote       | ============================================================
2026-05-07 18:09:27 | INFO    | remote       |   JARVIS UZAKTAN KONTROL SISTEMI v1.0
2026-05-07 18:09:27 | INFO    | remote       | ============================================================
2026-05-07 18:09:27 | INFO    | remote       | Cihaz     : DESKTOP-H2DGAQ3
2026-05-07 18:09:27 | INFO    | remote       | Yerel IP  : 192.168.1.165
2026-05-07 18:09:27 | INFO    | remote       | Port      : 8765
2026-05-07 18:09:27 | INFO    | remote       | ntfy konu : jarvis-Web
2026-05-07 18:09:27 | INFO    | remote       | ============================================================
2026-05-07 18:09:27 | INFO    | remote.ntfy  | NtfyClient hazir -> https://ntfy.sh/jarvis-Web
2026-05-07 18:09:27 | INFO    | remote.auth  | Yeni oturum anahtarı oluşturuldu.
2026-05-07 18:09:27 | INFO    | remote       | Oturum anahtarı oluşturuldu: YK2s5dy8VPLD-lqF…
2026-05-07 18:09:27 | INFO    | remote.terminal | Terminal araci baslatildi (Masaustu Jarvis ile iletisim kurulacak)
2026-05-07 18:09:27 | INFO    | remote.security | MAC tarayıcı başlatıldı — Hedef: fe:84:34:6f:d8:10, Aralık: 60s
2026-05-07 18:09:27 | INFO    | remote       | Sunucunun tamamen hazir olmasi icin 5 saniye bekleniyor...
2026-05-07 18:09:27 | INFO    | remote.tray  | Sistem tepsisi (tray) simgesi başlatıldı.
2026-05-07 18:09:27 | INFO    | remote.security | Ilk tarama: Güvenilir cihaz agda bulunamadi (6 cihaz tespit edildi)
2026-05-07 18:09:28 | INFO    | remote       | FastAPI sunucusu baslatiliyor -> http://127.0.0.1:8765
2026-05-07 18:09:28,306 | INFO    | uvicorn.error | Started server process [3748]
2026-05-07 18:09:28,307 | INFO    | uvicorn.error | Waiting for application startup.
2026-05-07 18:09:28,307 | INFO    | uvicorn.error | Application startup complete.
2026-05-07 18:09:28,308 | INFO    | uvicorn.error | Uvicorn running on http://127.0.0.1:8765 (Press CTRL+C to quit)
2026-05-07 18:09:28 | INFO    | remote.ntfy  | Bildirim gönderildi (Guvenlik Uyarisi) [HTTP 200]
2026-05-07 18:09:32 | INFO    | remote.cloudflare | cloudflared baslatiliyor: C:\Users\Berat\AppData\Local\Microsoft\WinGet\Links\cloudflared.EXE tunnel --url http://127.0.0.1:8765
2026-05-07 18:09:32 | INFO    | remote.cloudflare | Tünel yöneticisi başlatıldı (port=8765)
2026-05-07 18:09:38 | INFO    | remote.cloudflare | Tünel URL: https://scout-banner-convertible-founder.trycloudflare.com
2026-05-07 18:09:38 | INFO    | remote       | Tunel hazir: https://scout-banner-convertible-founder.trycloudflare.com
2026-05-07 18:09:41 | INFO    | remote.auth  | Yeni oturum anahtarı oluşturuldu.
2026-05-07 18:09:41 | INFO    | remote.ntfy  | Bildirim gönderildi (Tunel Hazir) [HTTP 200]
2026-05-07 18:09:41 | INFO    | remote.ntfy  | Bildirim gönderildi (Giris Anahtari) [HTTP 200]
2026-05-07 18:09:41 | INFO    | remote       | Yeni oturum anahtari gonderildi.
2026-05-07 18:21:44 | INFO    | remote.server | Login sayfasi talep edildi. IP: 5.229.80.34
2026-05-07 18:21:44,846 | INFO    | uvicorn.access | 5.229.80.34:0 - "GET / HTTP/1.1" 200
2026-05-07 18:21:46,239 | INFO    | uvicorn.access | 5.229.80.34:0 - "GET /static/style.css HTTP/1.1" 200
2026-05-07 18:21:49,317 | INFO    | uvicorn.access | 5.229.80.34:0 - "GET /api/auth/status HTTP/1.1" 200
2026-05-07 18:21:53 | WARNING | remote.auth  | Hatalı oturum anahtarı: 5.229.80.34
2026-05-07 18:21:53,986 | INFO    | uvicorn.access | 5.229.80.34:0 - "POST /api/auth/token HTTP/1.1" 401
2026-05-07 18:22:03 | INFO    | remote.auth  | Oturum anahtarı doğrulandı: 5.229.80.34
2026-05-07 18:22:03 | INFO    | remote.auth  | Yeni OTP oluşturuldu.
2026-05-07 18:22:04 | INFO    | remote.ntfy  | Bildirim gönderildi (OTP Dogrulama) [HTTP 200]
2026-05-07 18:22:04,059 | INFO    | uvicorn.access | 5.229.80.34:0 - "POST /api/auth/token HTTP/1.1" 200
2026-05-07 18:22:12 | INFO    | remote.auth  | OTP doğrulandı: 5.229.80.34
2026-05-07 18:22:12 | INFO    | remote.auth  | Oturum oluşturuldu: BWqSCzGQQq0S… [5.229.80.34]
2026-05-07 18:22:12,187 | INFO    | uvicorn.access | 5.229.80.34:0 - "POST /api/auth/otp HTTP/1.1" 200
2026-05-07 18:22:13,455 | INFO    | uvicorn.access | 5.229.80.34:0 - "GET /dashboard HTTP/1.1" 200
2026-05-07 18:22:13,695 | INFO    | uvicorn.access | 5.229.80.34:0 - "GET /static/app.js HTTP/1.1" 200
2026-05-07 18:22:14,145 | INFO    | uvicorn.access | 5.229.80.34:0 - "GET /api/audio/volume HTTP/1.1" 200
2026-05-07 18:22:14,153 | INFO    | uvicorn.access | 5.229.80.34:0 - "GET /api/system/status HTTP/1.1" 200
2026-05-07 18:22:14,154 | INFO    | uvicorn.access | 5.229.80.34:0 - "GET /api/autostart/status HTTP/1.1" 200
2026-05-07 18:22:14,156 | INFO    | uvicorn.access | 5.229.80.34:0 - "GET /api/security/status HTTP/1.1" 200
2026-05-07 18:22:14,157 | INFO    | uvicorn.error | 5.229.80.34:0 - "WebSocket /api/screen/ws" [accepted]
2026-05-07 18:22:14,162 | INFO    | uvicorn.access | 5.229.80.34:0 - "GET /api/terminal/history HTTP/1.1" 200
2026-05-07 18:22:14,163 | INFO    | uvicorn.error | connection open
2026-05-07 18:22:16,960 | INFO    | uvicorn.access | 5.229.80.34:0 - "GET /api/terminal/history HTTP/1.1" 200
2026-05-07 18:22:18,968 | INFO    | uvicorn.access | 5.229.80.34:0 - "GET /api/system/status HTTP/1.1" 200
2026-05-07 18:22:18,969 | INFO    | uvicorn.access | 5.229.80.34:0 - "GET /api/security/status HTTP/1.1" 200
2026-05-07 18:22:19,988 | INFO    | uvicorn.access | 5.229.80.34:0 - "GET /api/terminal/history HTTP/1.1" 200
2026-05-07 18:22:21,642 | INFO    | uvicorn.access | 5.229.80.34:0 - "POST /api/audio/volume HTTP/1.1" 200
2026-05-07 18:22:22,961 | INFO    | uvicorn.access | 5.229.80.34:0 - "GET /api/terminal/history HTTP/1.1" 200
2026-05-07 18:22:23,987 | INFO    | uvicorn.access | 5.229.80.34:0 - "GET /api/system/status HTTP/1.1" 200
2026-05-07 18:22:24,007 | INFO    | uvicorn.access | 5.229.80.34:0 - "GET /api/security/status HTTP/1.1" 200
2026-05-07 18:22:24,124 | INFO    | uvicorn.access | 5.229.80.34:0 - "POST /api/audio/volume HTTP/1.1" 200
2026-05-07 18:22:26,156 | INFO    | uvicorn.access | 5.229.80.34:0 - "POST /api/audio/volume HTTP/1.1" 200
2026-05-07 18:22:26,157 | INFO    | uvicorn.access | 5.229.80.34:0 - "GET /api/terminal/history HTTP/1.1" 200
2026-05-07 18:22:27,405 | INFO    | uvicorn.access | 5.229.80.34:0 - "POST /api/audio/volume HTTP/1.1" 200
2026-05-07 18:22:28,367 | INFO    | uvicorn.access | 5.229.80.34:0 - "POST /api/audio/volume HTTP/1.1" 200
2026-05-07 18:22:28,975 | INFO    | uvicorn.access | 5.229.80.34:0 - "GET /api/system/status HTTP/1.1" 200
2026-05-07 18:22:28,976 | INFO    | uvicorn.access | 5.229.80.34:0 - "GET /api/security/status HTTP/1.1" 200
2026-05-07 18:22:28,976 | INFO    | uvicorn.access | 5.229.80.34:0 - "GET /api/terminal/history HTTP/1.1" 200
2026-05-07 18:22:29,504 | INFO    | uvicorn.access | 5.229.80.34:0 - "POST /api/audio/volume HTTP/1.1" 200
2026-05-07 18:22:30,817 | INFO    | uvicorn.access | 5.229.80.34:0 - "POST /api/audio/volume HTTP/1.1" 200
2026-05-07 18:22:31,619 | INFO    | uvicorn.access | 5.229.80.34:0 - "POST /api/audio/mute HTTP/1.1" 200
2026-05-07 18:22:31,961 | INFO    | uvicorn.access | 5.229.80.34:0 - "GET /api/terminal/history HTTP/1.1" 200
2026-05-07 18:22:33,731 | INFO    | uvicorn.access | 5.229.80.34:0 - "POST /api/audio/volume HTTP/1.1" 200
2026-05-07 18:22:33,958 | INFO    | uvicorn.access | 5.229.80.34:0 - "GET /api/system/status HTTP/1.1" 200
2026-05-07 18:22:33,958 | INFO    | uvicorn.access | 5.229.80.34:0 - "GET /api/security/status HTTP/1.1" 200
2026-05-07 18:22:34,968 | INFO    | uvicorn.access | 5.229.80.34:0 - "GET /api/terminal/history HTTP/1.1" 200
2026-05-07 18:22:35,780 | INFO    | uvicorn.access | 5.229.80.34:0 - "POST /api/audio/volume HTTP/1.1" 200
2026-05-07 18:22:37,058 | INFO    | uvicorn.access | 5.229.80.34:0 - "POST /api/audio/volume HTTP/1.1" 200
2026-05-07 18:22:37,857 | INFO    | uvicorn.access | 5.229.80.34:0 - "POST /api/audio/mute HTTP/1.1" 200
2026-05-07 18:22:38,048 | INFO    | uvicorn.access | 5.229.80.34:0 - "GET /api/terminal/history HTTP/1.1" 200
2026-05-07 18:22:38,966 | INFO    | uvicorn.access | 5.229.80.34:0 - "GET /api/system/status HTTP/1.1" 200
2026-05-07 18:22:38,967 | INFO    | uvicorn.access | 5.229.80.34:0 - "GET /api/security/status HTTP/1.1" 200
2026-05-07 18:22:39,201 | INFO    | uvicorn.access | 5.229.80.34:0 - "POST /api/audio/volume HTTP/1.1" 200
2026-05-07 18:22:40,986 | INFO    | uvicorn.access | 5.229.80.34:0 - "GET /api/terminal/history HTTP/1.1" 200
2026-05-07 18:22:44,137 | INFO    | uvicorn.access | 5.229.80.34:0 - "GET /api/terminal/history HTTP/1.1" 200
2026-05-07 18:22:44,138 | INFO    | uvicorn.access | 5.229.80.34:0 - "GET /api/security/status HTTP/1.1" 200
2026-05-07 18:22:44,138 | INFO    | uvicorn.access | 5.229.80.34:0 - "GET /api/system/status HTTP/1.1" 200
2026-05-07 18:22:47,038 | INFO    | uvicorn.access | 5.229.80.34:0 - "GET /api/terminal/history HTTP/1.1" 200
2026-05-07 18:22:49,017 | INFO    | uvicorn.access | 5.229.80.34:0 - "GET /api/system/status HTTP/1.1" 200
2026-05-07 18:22:49,046 | INFO    | uvicorn.access | 5.229.80.34:0 - "GET /api/security/status HTTP/1.1" 200
2026-05-07 18:22:49,995 | INFO    | uvicorn.access | 5.229.80.34:0 - "GET /api/terminal/history HTTP/1.1" 200
2026-05-07 18:22:52 | INFO    | remote.server | Masaustu UI baslatildi.
2026-05-07 18:22:52,839 | INFO    | uvicorn.access | 5.229.80.34:0 - "POST /api/ui/launch HTTP/1.1" 200
2026-05-07 18:22:52,969 | INFO    | uvicorn.access | 5.229.80.34:0 - "GET /api/terminal/history HTTP/1.1" 200
2026-05-07 18:22:53,937 | INFO    | uvicorn.access | 5.229.80.34:0 - "GET /api/system/status HTTP/1.1" 200
2026-05-07 18:22:53,951 | INFO    | uvicorn.access | 5.229.80.34:0 - "GET /api/security/status HTTP/1.1" 200
2026-05-07 18:22:55,981 | INFO    | uvicorn.access | 5.229.80.34:0 - "GET /api/terminal/history HTTP/1.1" 200
2026-05-07 18:22:58,965 | INFO    | uvicorn.access | 5.229.80.34:0 - "GET /api/system/status HTTP/1.1" 200
2026-05-07 18:22:58,966 | INFO    | uvicorn.access | 5.229.80.34:0 - "GET /api/security/status HTTP/1.1" 200
2026-05-07 18:22:58,967 | INFO    | uvicorn.access | 5.229.80.34:0 - "GET /api/terminal/history HTTP/1.1" 200
2026-05-07 18:23:01,986 | INFO    | uvicorn.access | 5.229.80.34:0 - "GET /api/terminal/history HTTP/1.1" 200
2026-05-07 18:23:03,952 | INFO    | uvicorn.access | 5.229.80.34:0 - "GET /api/system/status HTTP/1.1" 200
2026-05-07 18:23:03,972 | INFO    | uvicorn.access | 5.229.80.34:0 - "GET /api/security/status HTTP/1.1" 200
2026-05-07 18:23:04,957 | INFO    | uvicorn.access | 5.229.80.34:0 - "GET /api/terminal/history HTTP/1.1" 200
2026-05-07 18:23:06 | INFO    | remote.server | Masaustu UI baslatildi.
2026-05-07 18:23:06,525 | INFO    | uvicorn.access | 5.229.80.34:0 - "POST /api/ui/launch HTTP/1.1" 200
2026-05-07 18:23:07,958 | INFO    | uvicorn.access | 5.229.80.34:0 - "GET /api/terminal/history HTTP/1.1" 200
2026-05-07 18:23:08,992 | INFO    | uvicorn.access | 5.229.80.34:0 - "GET /api/system/status HTTP/1.1" 200
2026-05-07 18:23:08,994 | INFO    | uvicorn.access | 5.229.80.34:0 - "GET /api/security/status HTTP/1.1" 200
2026-05-07 18:23:10,978 | INFO    | uvicorn.access | 5.229.80.34:0 - "GET /api/terminal/history HTTP/1.1" 200
2026-05-07 18:23:14,186 | INFO    | uvicorn.access | 5.229.80.34:0 - "GET /api/system/status HTTP/1.1" 200
2026-05-07 18:23:14,187 | INFO    | uvicorn.access | 5.229.80.34:0 - "GET /api/security/status HTTP/1.1" 200
2026-05-07 18:23:14,188 | INFO    | uvicorn.access | 5.229.80.34:0 - "GET /api/terminal/history HTTP/1.1" 200
2026-05-07 18:23:16,941 | INFO    | uvicorn.access | 5.229.80.34:0 - "GET /api/terminal/history HTTP/1.1" 200
2026-05-07 18:23:19,252 | INFO    | uvicorn.access | 5.229.80.34:0 - "GET /api/system/status HTTP/1.1" 200
2026-05-07 18:23:19,253 | INFO    | uvicorn.access | 5.229.80.34:0 - "GET /api/security/status HTTP/1.1" 200
2026-05-07 18:23:19,939 | INFO    | uvicorn.access | 5.229.80.34:0 - "GET /api/terminal/history HTTP/1.1" 200
2026-05-07 18:23:23,007 | INFO    | uvicorn.access | 5.229.80.34:0 - "GET /api/terminal/history HTTP/1.1" 200
2026-05-07 18:23:23,969 | INFO    | uvicorn.access | 5.229.80.34:0 - "GET /api/system/status HTTP/1.1" 200
2026-05-07 18:23:24,001 | INFO    | uvicorn.access | 5.229.80.34:0 - "GET /api/security/status HTTP/1.1" 200
2026-05-07 18:23:25 | INFO    | remote.autostart | VBS launcher oluşturuldu: C:\Users\Berat\Downloads\Mark-XXXIX-main - Kopya\Mark-XXXIX-main\start_remote_hidden.vbs
2026-05-07 18:23:25 | INFO    | remote.autostart | Otomatik baslatma kuruldu: JarvisRemoteControl
2026-05-07 18:23:25,056 | INFO    | uvicorn.access | 5.229.80.34:0 - "POST /api/autostart/install HTTP/1.1" 200
2026-05-07 18:23:25,171 | INFO    | uvicorn.access | 5.229.80.34:0 - "GET /api/autostart/status HTTP/1.1" 200
2026-05-07 18:23:25,975 | INFO    | uvicorn.access | 5.229.80.34:0 - "GET /api/terminal/history HTTP/1.1" 200
2026-05-07 18:23:28,989 | INFO    | uvicorn.access | 5.229.80.34:0 - "GET /api/system/status HTTP/1.1" 200
2026-05-07 18:23:29,007 | INFO    | uvicorn.access | 5.229.80.34:0 - "GET /api/security/status HTTP/1.1" 200
2026-05-07 18:23:29,009 | INFO    | uvicorn.access | 5.229.80.34:0 - "GET /api/terminal/history HTTP/1.1" 200
2026-05-07 18:23:31,938 | INFO    | uvicorn.access | 5.229.80.34:0 - "GET /api/terminal/history HTTP/1.1" 200
2026-05-07 18:23:34,027 | INFO    | uvicorn.access | 5.229.80.34:0 - "GET /api/system/status HTTP/1.1" 200
2026-05-07 18:23:34,048 | INFO    | uvicorn.access | 5.229.80.34:0 - "GET /api/security/status HTTP/1.1" 200
2026-05-07 18:23:34,960 | INFO    | uvicorn.access | 5.229.80.34:0 - "GET /api/terminal/history HTTP/1.1" 200
2026-05-07 18:23:37,988 | INFO    | uvicorn.access | 5.229.80.34:0 - "GET /api/terminal/history HTTP/1.1" 200
2026-05-07 18:23:38,941 | INFO    | uvicorn.access | 5.229.80.34:0 - "GET /api/system/status HTTP/1.1" 200
2026-05-07 18:23:39,045 | INFO    | uvicorn.access | 5.229.80.34:0 - "GET /api/security/status HTTP/1.1" 200
2026-05-07 18:23:40,983 | INFO    | uvicorn.access | 5.229.80.34:0 - "GET /api/terminal/history HTTP/1.1" 200
2026-05-07 18:23:43,108 | INFO    | uvicorn.access | 5.229.80.34:0 - "POST /api/terminal/send HTTP/1.1" 200
2026-05-07 18:23:44,010 | INFO    | uvicorn.access | 5.229.80.34:0 - "GET /api/system/status HTTP/1.1" 200
2026-05-07 18:23:44,036 | INFO    | uvicorn.access | 5.229.80.34:0 - "GET /api/terminal/history HTTP/1.1" 200
2026-05-07 18:23:44,037 | INFO    | uvicorn.access | 5.229.80.34:0 - "GET /api/security/status HTTP/1.1" 200
2026-05-07 18:23:46,978 | INFO    | uvicorn.access | 5.229.80.34:0 - "GET /api/terminal/history HTTP/1.1" 200
2026-05-07 18:23:48,947 | INFO    | uvicorn.access | 5.229.80.34:0 - "GET /api/system/status HTTP/1.1" 200
2026-05-07 18:23:48,980 | INFO    | uvicorn.access | 5.229.80.34:0 - "GET /api/security/status HTTP/1.1" 200
2026-05-07 18:23:49,955 | INFO    | uvicorn.access | 5.229.80.34:0 - "GET /api/terminal/history HTTP/1.1" 200
2026-05-07 18:23:52,945 | INFO    | uvicorn.access | 5.229.80.34:0 - "GET /api/terminal/history HTTP/1.1" 200
2026-05-07 18:23:54,008 | INFO    | uvicorn.access | 5.229.80.34:0 - "GET /api/system/status HTTP/1.1" 200
2026-05-07 18:23:54,027 | INFO    | uvicorn.access | 5.229.80.34:0 - "GET /api/security/status HTTP/1.1" 200
2026-05-07 18:23:55,970 | INFO    | uvicorn.access | 5.229.80.34:0 - "GET /api/terminal/history HTTP/1.1" 200
2026-05-07 18:23:59,012 | INFO    | uvicorn.access | 5.229.80.34:0 - "GET /api/system/status HTTP/1.1" 200
2026-05-07 18:23:59,026 | INFO    | uvicorn.access | 5.229.80.34:0 - "GET /api/security/status HTTP/1.1" 200
2026-05-07 18:23:59,027 | INFO    | uvicorn.access | 5.229.80.34:0 - "GET /api/terminal/history HTTP/1.1" 200
2026-05-07 18:24:01,944 | INFO    | uvicorn.access | 5.229.80.34:0 - "GET /api/terminal/history HTTP/1.1" 200
2026-05-07 18:24:03,976 | INFO    | uvicorn.access | 5.229.80.34:0 - "GET /api/system/status HTTP/1.1" 200
2026-05-07 18:24:04,003 | INFO    | uvicorn.access | 5.229.80.34:0 - "GET /api/security/status HTTP/1.1" 200
2026-05-07 18:24:05,030 | INFO    | uvicorn.access | 5.229.80.34:0 - "GET /api/terminal/history HTTP/1.1" 200
2026-05-07 18:24:07,976 | INFO    | uvicorn.access | 5.229.80.34:0 - "GET /api/terminal/history HTTP/1.1" 200
2026-05-07 18:24:09,000 | INFO    | uvicorn.access | 5.229.80.34:0 - "GET /api/system/status HTTP/1.1" 200
2026-05-07 18:24:09,003 | INFO    | uvicorn.access | 5.229.80.34:0 - "GET /api/security/status HTTP/1.1" 200
2026-05-07 18:24:11,007 | INFO    | uvicorn.access | 5.229.80.34:0 - "GET /api/terminal/history HTTP/1.1" 200
2026-05-07 18:24:14,010 | INFO    | uvicorn.access | 5.229.80.34:0 - "GET /api/system/status HTTP/1.1" 200
2026-05-07 18:24:14,017 | INFO    | uvicorn.access | 5.229.80.34:0 - "GET /api/security/status HTTP/1.1" 200
2026-05-07 18:24:14,019 | INFO    | uvicorn.access | 5.229.80.34:0 - "GET /api/terminal/history HTTP/1.1" 200
2026-05-07 18:24:16,976 | INFO    | uvicorn.access | 5.229.80.34:0 - "GET /api/terminal/history HTTP/1.1" 200
2026-05-07 18:24:18,974 | INFO    | uvicorn.access | 5.229.80.34:0 - "GET /api/system/status HTTP/1.1" 200
2026-05-07 18:24:18,979 | INFO    | uvicorn.access | 5.229.80.34:0 - "GET /api/security/status HTTP/1.1" 200
2026-05-07 18:24:19,976 | INFO    | uvicorn.access | 5.229.80.34:0 - "GET /api/terminal/history HTTP/1.1" 200
2026-05-07 18:24:22,984 | INFO    | uvicorn.access | 5.229.80.34:0 - "GET /api/terminal/history HTTP/1.1" 200
2026-05-07 18:24:24,016 | INFO    | uvicorn.access | 5.229.80.34:0 - "GET /api/system/status HTTP/1.1" 200
2026-05-07 18:24:24,020 | INFO    | uvicorn.access | 5.229.80.34:0 - "GET /api/security/status HTTP/1.1" 200
2026-05-07 18:24:25,964 | INFO    | uvicorn.access | 5.229.80.34:0 - "GET /api/terminal/history HTTP/1.1" 200
2026-05-07 18:24:29,179 | INFO    | uvicorn.access | 5.229.80.34:0 - "GET /api/security/status HTTP/1.1" 200
2026-05-07 18:24:29,180 | INFO    | uvicorn.access | 5.229.80.34:0 - "GET /api/system/status HTTP/1.1" 200
2026-05-07 18:24:29,180 | INFO    | uvicorn.access | 5.229.80.34:0 - "GET /api/terminal/history HTTP/1.1" 200
2026-05-07 18:24:34,385 | INFO    | uvicorn.access | 5.229.80.34:0 - "GET /api/terminal/history HTTP/1.1" 200
2026-05-07 18:24:35,459 | INFO    | uvicorn.access | 5.229.80.34:0 - "GET /api/security/status HTTP/1.1" 200
2026-05-07 18:24:35,461 | INFO    | uvicorn.access | 5.229.80.34:0 - "GET /api/system/status HTTP/1.1" 200
2026-05-07 18:24:35,636 | INFO    | uvicorn.access | 5.229.80.34:0 - "GET /api/terminal/history HTTP/1.1" 200
2026-05-07 18:24:38,007 | INFO    | uvicorn.access | 5.229.80.34:0 - "GET /api/terminal/history HTTP/1.1" 200
2026-05-07 18:24:39,122 | INFO    | uvicorn.access | 5.229.80.34:0 - "GET /api/system/status HTTP/1.1" 200
2026-05-07 18:24:39,125 | INFO    | uvicorn.access | 5.229.80.34:0 - "GET /api/security/status HTTP/1.1" 200
2026-05-07 18:24:41,103 | INFO    | uvicorn.access | 5.229.80.34:0 - "GET /api/terminal/history HTTP/1.1" 200
2026-05-07 18:24:44,085 | INFO    | uvicorn.access | 5.229.80.34:0 - "GET /api/system/status HTTP/1.1" 200
2026-05-07 18:24:44,284 | INFO    | uvicorn.access | 5.229.80.34:0 - "GET /api/security/status HTTP/1.1" 200
2026-05-07 18:24:44,322 | INFO    | uvicorn.access | 5.229.80.34:0 - "GET /api/terminal/history HTTP/1.1" 200
2026-05-07 18:24:47,010 | INFO    | uvicorn.access | 5.229.80.34:0 - "GET /api/terminal/history HTTP/1.1" 200
2026-05-07 18:24:48,965 | INFO    | uvicorn.access | 5.229.80.34:0 - "GET /api/system/status HTTP/1.1" 200
2026-05-07 18:24:48,988 | INFO    | uvicorn.access | 5.229.80.34:0 - "GET /api/security/status HTTP/1.1" 200
2026-05-07 18:24:50,053 | INFO    | uvicorn.access | 5.229.80.34:0 - "GET /api/terminal/history HTTP/1.1" 200
2026-05-07 18:24:52,964 | INFO    | uvicorn.access | 5.229.80.34:0 - "GET /api/terminal/history HTTP/1.1" 200
2026-05-07 18:24:53,965 | INFO    | uvicorn.access | 5.229.80.34:0 - "GET /api/system/status HTTP/1.1" 200
2026-05-07 18:24:53,994 | INFO    | uvicorn.access | 5.229.80.34:0 - "GET /api/security/status HTTP/1.1" 200
2026-05-07 18:24:55,958 | INFO    | uvicorn.access | 5.229.80.34:0 - "GET /api/terminal/history HTTP/1.1" 200
2026-05-07 18:24:58,977 | INFO    | uvicorn.access | 5.229.80.34:0 - "GET /api/system/status HTTP/1.1" 200
2026-05-07 18:24:58,982 | INFO    | uvicorn.access | 5.229.80.34:0 - "GET /api/terminal/history HTTP/1.1" 200
2026-05-07 18:24:58,987 | INFO    | uvicorn.access | 5.229.80.34:0 - "GET /api/security/status HTTP/1.1" 200
2026-05-07 18:25:01,934 | INFO    | uvicorn.access | 5.229.80.34:0 - "GET /api/terminal/history HTTP/1.1" 200
2026-05-07 18:25:03,970 | INFO    | uvicorn.access | 5.229.80.34:0 - "GET /api/system/status HTTP/1.1" 200
2026-05-07 18:25:03,989 | INFO    | uvicorn.access | 5.229.80.34:0 - "GET /api/security/status HTTP/1.1" 200
2026-05-07 18:25:05,019 | INFO    | uvicorn.access | 5.229.80.34:0 - "GET /api/terminal/history HTTP/1.1" 200
2026-05-07 18:25:07,971 | INFO    | uvicorn.access | 5.229.80.34:0 - "GET /api/terminal/history HTTP/1.1" 200
2026-05-07 18:25:08,963 | INFO    | uvicorn.access | 5.229.80.34:0 - "GET /api/system/status HTTP/1.1" 200
2026-05-07 18:25:08,964 | INFO    | uvicorn.access | 5.229.80.34:0 - "GET /api/security/status HTTP/1.1" 200
2026-05-07 18:25:10,967 | INFO    | uvicorn.access | 5.229.80.34:0 - "GET /api/terminal/history HTTP/1.1" 200
2026-05-07 18:25:13,951 | INFO    | uvicorn.access | 5.229.80.34:0 - "GET /api/system/status HTTP/1.1" 200
2026-05-07 18:25:13,968 | INFO    | uvicorn.access | 5.229.80.34:0 - "GET /api/security/status HTTP/1.1" 200
2026-05-07 18:25:13,974 | INFO    | uvicorn.access | 5.229.80.34:0 - "GET /api/terminal/history HTTP/1.1" 200
2026-05-07 18:25:16,997 | INFO    | uvicorn.access | 5.229.80.34:0 - "GET /api/terminal/history HTTP/1.1" 200
2026-05-07 18:25:18,973 | INFO    | uvicorn.access | 5.229.80.34:0 - "GET /api/system/status HTTP/1.1" 200
2026-05-07 18:25:18,979 | INFO    | uvicorn.access | 5.229.80.34:0 - "GET /api/security/status HTTP/1.1" 200
2026-05-07 18:25:19,976 | INFO    | uvicorn.access | 5.229.80.34:0 - "GET /api/terminal/history HTTP/1.1" 200
2026-05-07 18:25:22,982 | INFO    | uvicorn.access | 5.229.80.34:0 - "GET /api/terminal/history HTTP/1.1" 200
2026-05-07 18:25:23,982 | INFO    | uvicorn.access | 5.229.80.34:0 - "GET /api/security/status HTTP/1.1" 200
2026-05-07 18:25:23,984 | INFO    | uvicorn.access | 5.229.80.34:0 - "GET /api/system/status HTTP/1.1" 200
2026-05-07 18:25:26,011 | INFO    | uvicorn.access | 5.229.80.34:0 - "GET /api/terminal/history HTTP/1.1" 200
2026-05-07 18:25:28,967 | INFO    | uvicorn.access | 5.229.80.34:0 - "GET /api/system/status HTTP/1.1" 200
2026-05-07 18:25:28,970 | INFO    | uvicorn.access | 5.229.80.34:0 - "GET /api/security/status HTTP/1.1" 200
2026-05-07 18:25:28,971 | INFO    | uvicorn.access | 5.229.80.34:0 - "GET /api/terminal/history HTTP/1.1" 200
2026-05-07 18:25:31,942 | INFO    | uvicorn.access | 5.229.80.34:0 - "GET /api/terminal/history HTTP/1.1" 200
2026-05-07 18:25:33,973 | INFO    | uvicorn.access | 5.229.80.34:0 - "GET /api/system/status HTTP/1.1" 200
2026-05-07 18:25:34,045 | INFO    | uvicorn.access | 5.229.80.34:0 - "GET /api/security/status HTTP/1.1" 200
2026-05-07 18:25:34,967 | INFO    | uvicorn.access | 5.229.80.34:0 - "GET /api/terminal/history HTTP/1.1" 200
2026-05-07 18:25:37,981 | INFO    | uvicorn.access | 5.229.80.34:0 - "GET /api/terminal/history HTTP/1.1" 200
2026-05-07 18:25:38,950 | INFO    | uvicorn.access | 5.229.80.34:0 - "GET /api/system/status HTTP/1.1" 200
2026-05-07 18:25:38,953 | INFO    | uvicorn.access | 5.229.80.34:0 - "GET /api/security/status HTTP/1.1" 200
2026-05-07 18:25:40,992 | INFO    | uvicorn.access | 5.229.80.34:0 - "GET /api/terminal/history HTTP/1.1" 200
2026-05-07 18:25:43,968 | INFO    | uvicorn.access | 5.229.80.34:0 - "GET /api/security/status HTTP/1.1" 200
2026-05-07 18:25:43,970 | INFO    | uvicorn.access | 5.229.80.34:0 - "GET /api/system/status HTTP/1.1" 200
2026-05-07 18:25:43,981 | INFO    | uvicorn.access | 5.229.80.34:0 - "GET /api/terminal/history HTTP/1.1" 200
2026-05-07 18:25:46,952 | INFO    | uvicorn.access | 5.229.80.34:0 - "GET /api/terminal/history HTTP/1.1" 200
2026-05-07 18:25:48,986 | INFO    | uvicorn.access | 5.229.80.34:0 - "GET /api/security/status HTTP/1.1" 200
2026-05-07 18:25:48,989 | INFO    | uvicorn.access | 5.229.80.34:0 - "GET /api/system/status HTTP/1.1" 200
2026-05-07 18:25:50,002 | INFO    | uvicorn.access | 5.229.80.34:0 - "GET /api/terminal/history HTTP/1.1" 200
2026-05-07 18:25:53,000 | INFO    | uvicorn.access | 5.229.80.34:0 - "GET /api/terminal/history HTTP/1.1" 200
2026-05-07 18:25:54,000 | INFO    | uvicorn.access | 5.229.80.34:0 - "GET /api/security/status HTTP/1.1" 200
2026-05-07 18:25:54,005 | INFO    | uvicorn.access | 5.229.80.34:0 - "GET /api/system/status HTTP/1.1" 200
2026-05-07 18:25:55,957 | INFO    | uvicorn.access | 5.229.80.34:0 - "GET /api/terminal/history HTTP/1.1" 200
2026-05-07 18:25:58,966 | INFO    | uvicorn.access | 5.229.80.34:0 - "GET /api/system/status HTTP/1.1" 200
2026-05-07 18:25:58,969 | INFO    | uvicorn.access | 5.229.80.34:0 - "GET /api/security/status HTTP/1.1" 200
2026-05-07 18:25:58,969 | INFO    | uvicorn.access | 5.229.80.34:0 - "GET /api/terminal/history HTTP/1.1" 200
2026-05-07 18:26:01,961 | INFO    | uvicorn.access | 5.229.80.34:0 - "GET /api/terminal/history HTTP/1.1" 200
2026-05-07 18:26:03,964 | INFO    | uvicorn.access | 5.229.80.34:0 - "GET /api/system/status HTTP/1.1" 200
2026-05-07 18:26:03,973 | INFO    | uvicorn.access | 5.229.80.34:0 - "GET /api/security/status HTTP/1.1" 200
2026-05-07 18:26:04,946 | INFO    | uvicorn.access | 5.229.80.34:0 - "GET /api/terminal/history HTTP/1.1" 200
2026-05-07 18:26:07,963 | INFO    | uvicorn.access | 5.229.80.34:0 - "GET /api/terminal/history HTTP/1.1" 200
2026-05-07 18:26:08,963 | INFO    | uvicorn.access | 5.229.80.34:0 - "GET /api/system/status HTTP/1.1" 200
2026-05-07 18:26:08,969 | INFO    | uvicorn.access | 5.229.80.34:0 - "GET /api/security/status HTTP/1.1" 200
2026-05-07 18:26:10,963 | INFO    | uvicorn.access | 5.229.80.34:0 - "GET /api/terminal/history HTTP/1.1" 200
2026-05-07 18:26:13,960 | INFO    | uvicorn.access | 5.229.80.34:0 - "GET /api/system/status HTTP/1.1" 200
2026-05-07 18:26:13,967 | INFO    | uvicorn.access | 5.229.80.34:0 - "GET /api/security/status HTTP/1.1" 200
2026-05-07 18:26:13,990 | INFO    | uvicorn.access | 5.229.80.34:0 - "GET /api/terminal/history HTTP/1.1" 200
2026-05-07 18:26:16,965 | INFO    | uvicorn.access | 5.229.80.34:0 - "GET /api/terminal/history HTTP/1.1" 200
2026-05-07 18:26:18,986 | INFO    | uvicorn.access | 5.229.80.34:0 - "GET /api/security/status HTTP/1.1" 200
2026-05-07 18:26:18,987 | INFO    | uvicorn.access | 5.229.80.34:0 - "GET /api/system/status HTTP/1.1" 200
2026-05-07 18:26:19,953 | INFO    | uvicorn.access | 5.229.80.34:0 - "GET /api/terminal/history HTTP/1.1" 200
2026-05-07 18:26:22,944 | INFO    | uvicorn.access | 5.229.80.34:0 - "GET /api/terminal/history HTTP/1.1" 200
2026-05-07 18:26:23,947 | INFO    | uvicorn.access | 5.229.80.34:0 - "GET /api/system/status HTTP/1.1" 200
2026-05-07 18:26:23,953 | INFO    | uvicorn.access | 5.229.80.34:0 - "GET /api/security/status HTTP/1.1" 200
2026-05-07 18:26:25,951 | INFO    | uvicorn.access | 5.229.80.34:0 - "GET /api/terminal/history HTTP/1.1" 200
2026-05-07 18:26:28,979 | INFO    | uvicorn.access | 5.229.80.34:0 - "GET /api/system/status HTTP/1.1" 200
2026-05-07 18:26:29,011 | INFO    | uvicorn.access | 5.229.80.34:0 - "GET /api/security/status HTTP/1.1" 200
2026-05-07 18:26:29,013 | INFO    | uvicorn.access | 5.229.80.34:0 - "GET /api/terminal/history HTTP/1.1" 200
2026-05-07 18:26:32,032 | INFO    | uvicorn.access | 5.229.80.34:0 - "GET /api/terminal/history HTTP/1.1" 200
2026-05-07 18:26:34,005 | INFO    | uvicorn.access | 5.229.80.34:0 - "GET /api/security/status HTTP/1.1" 200
2026-05-07 18:26:34,008 | INFO    | uvicorn.access | 5.229.80.34:0 - "GET /api/system/status HTTP/1.1" 200
2026-05-07 18:26:34,971 | INFO    | uvicorn.access | 5.229.80.34:0 - "GET /api/terminal/history HTTP/1.1" 200
2026-05-07 18:26:38,007 | INFO    | uvicorn.access | 5.229.80.34:0 - "GET /api/terminal/history HTTP/1.1" 200
2026-05-07 18:26:39,048 | INFO    | uvicorn.access | 5.229.80.34:0 - "GET /api/security/status HTTP/1.1" 200
2026-05-07 18:26:39,049 | INFO    | uvicorn.access | 5.229.80.34:0 - "GET /api/system/status HTTP/1.1" 200
2026-05-07 18:26:40,989 | INFO    | uvicorn.access | 5.229.80.34:0 - "GET /api/terminal/history HTTP/1.1" 200
2026-05-07 18:26:43,986 | INFO    | uvicorn.access | 5.229.80.34:0 - "GET /api/system/status HTTP/1.1" 200
2026-05-07 18:26:44,002 | INFO    | uvicorn.access | 5.229.80.34:0 - "GET /api/terminal/history HTTP/1.1" 200
2026-05-07 18:26:44,002 | INFO    | uvicorn.access | 5.229.80.34:0 - "GET /api/security/status HTTP/1.1" 200
2026-05-07 18:26:46,977 | INFO    | uvicorn.access | 5.229.80.34:0 - "GET /api/terminal/history HTTP/1.1" 200
2026-05-07 18:26:49,007 | INFO    | uvicorn.access | 5.229.80.34:0 - "GET /api/system/status HTTP/1.1" 200
2026-05-07 18:26:49,012 | INFO    | uvicorn.access | 5.229.80.34:0 - "GET /api/security/status HTTP/1.1" 200
2026-05-07 18:26:49,950 | INFO    | uvicorn.access | 5.229.80.34:0 - "GET /api/terminal/history HTTP/1.1" 200
2026-05-07 18:26:52,964 | INFO    | uvicorn.access | 5.229.80.34:0 - "GET /api/terminal/history HTTP/1.1" 200
2026-05-07 18:26:53,978 | INFO    | uvicorn.access | 5.229.80.34:0 - "GET /api/security/status HTTP/1.1" 200
2026-05-07 18:26:53,979 | INFO    | uvicorn.access | 5.229.80.34:0 - "GET /api/system/status HTTP/1.1" 200
2026-05-07 18:26:55,958 | INFO    | uvicorn.access | 5.229.80.34:0 - "GET /api/terminal/history HTTP/1.1" 200
2026-05-07 18:26:58,967 | INFO    | uvicorn.access | 5.229.80.34:0 - "GET /api/system/status HTTP/1.1" 200
2026-05-07 18:26:58,979 | INFO    | uvicorn.access | 5.229.80.34:0 - "GET /api/security/status HTTP/1.1" 200
2026-05-07 18:26:58,980 | INFO    | uvicorn.access | 5.229.80.34:0 - "GET /api/terminal/history HTTP/1.1" 200
2026-05-07 18:27:01,984 | INFO    | uvicorn.access | 5.229.80.34:0 - "GET /api/terminal/history HTTP/1.1" 200
2026-05-07 18:27:03,961 | INFO    | uvicorn.access | 5.229.80.34:0 - "GET /api/system/status HTTP/1.1" 200
2026-05-07 18:27:03,978 | INFO    | uvicorn.access | 5.229.80.34:0 - "GET /api/security/status HTTP/1.1" 200
2026-05-07 18:27:04,959 | INFO    | uvicorn.access | 5.229.80.34:0 - "GET /api/terminal/history HTTP/1.1" 200
2026-05-07 18:27:07,955 | INFO    | uvicorn.access | 5.229.80.34:0 - "GET /api/terminal/history HTTP/1.1" 200
2026-05-07 18:27:08,947 | INFO    | uvicorn.access | 5.229.80.34:0 - "GET /api/system/status HTTP/1.1" 200
2026-05-07 18:27:08,961 | INFO    | uvicorn.access | 5.229.80.34:0 - "GET /api/security/status HTTP/1.1" 200
2026-05-07 18:27:10,983 | INFO    | uvicorn.access | 5.229.80.34:0 - "GET /api/terminal/history HTTP/1.1" 200
2026-05-07 18:27:13,978 | INFO    | uvicorn.access | 5.229.80.34:0 - "GET /api/system/status HTTP/1.1" 200
2026-05-07 18:27:14,006 | INFO    | uvicorn.access | 5.229.80.34:0 - "GET /api/security/status HTTP/1.1" 200
2026-05-07 18:27:14,026 | INFO    | uvicorn.access | 5.229.80.34:0 - "GET /api/terminal/history HTTP/1.1" 200
2026-05-07 18:27:17,014 | INFO    | uvicorn.access | 5.229.80.34:0 - "GET /api/terminal/history HTTP/1.1" 200
2026-05-07 18:27:18,998 | INFO    | uvicorn.access | 5.229.80.34:0 - "GET /api/system/status HTTP/1.1" 200
2026-05-07 18:27:18,999 | INFO    | uvicorn.access | 5.229.80.34:0 - "GET /api/security/status HTTP/1.1" 200
2026-05-07 18:27:19,957 | INFO    | uvicorn.access | 5.229.80.34:0 - "GET /api/terminal/history HTTP/1.1" 200
2026-05-07 18:27:22,961 | INFO    | uvicorn.access | 5.229.80.34:0 - "GET /api/terminal/history HTTP/1.1" 200
2026-05-07 18:27:23,975 | INFO    | uvicorn.access | 5.229.80.34:0 - "GET /api/system/status HTTP/1.1" 200
2026-05-07 18:27:23,976 | INFO    | uvicorn.access | 5.229.80.34:0 - "GET /api/security/status HTTP/1.1" 200
2026-05-07 18:27:25,960 | INFO    | uvicorn.access | 5.229.80.34:0 - "GET /api/terminal/history HTTP/1.1" 200
2026-05-07 18:27:28,980 | INFO    | uvicorn.access | 5.229.80.34:0 - "GET /api/system/status HTTP/1.1" 200
2026-05-07 18:27:28,984 | INFO    | uvicorn.access | 5.229.80.34:0 - "GET /api/security/status HTTP/1.1" 200
2026-05-07 18:27:28,985 | INFO    | uvicorn.access | 5.229.80.34:0 - "GET /api/terminal/history HTTP/1.1" 200
2026-05-07 18:27:32,030 | INFO    | uvicorn.access | 5.229.80.34:0 - "GET /api/terminal/history HTTP/1.1" 200
2026-05-07 18:27:33,969 | INFO    | uvicorn.access | 5.229.80.34:0 - "GET /api/security/status HTTP/1.1" 200
2026-05-07 18:27:33,971 | INFO    | uvicorn.access | 5.229.80.34:0 - "GET /api/system/status HTTP/1.1" 200
2026-05-07 18:27:34,992 | INFO    | uvicorn.access | 5.229.80.34:0 - "GET /api/terminal/history HTTP/1.1" 200
2026-05-07 18:27:37,985 | INFO    | uvicorn.access | 5.229.80.34:0 - "GET /api/terminal/history HTTP/1.1" 200
2026-05-07 18:27:38,968 | INFO    | uvicorn.access | 5.229.80.34:0 - "GET /api/system/status HTTP/1.1" 200
2026-05-07 18:27:38,971 | INFO    | uvicorn.access | 5.229.80.34:0 - "GET /api/security/status HTTP/1.1" 200
2026-05-07 18:27:40,971 | INFO    | uvicorn.access | 5.229.80.34:0 - "GET /api/terminal/history HTTP/1.1" 200
2026-05-07 18:27:44,022 | INFO    | uvicorn.access | 5.229.80.34:0 - "GET /api/terminal/history HTTP/1.1" 200
2026-05-07 18:27:44,025 | INFO    | uvicorn.access | 5.229.80.34:0 - "GET /api/security/status HTTP/1.1" 200
2026-05-07 18:27:44,026 | INFO    | uvicorn.access | 5.229.80.34:0 - "GET /api/system/status HTTP/1.1" 200
2026-05-07 18:27:46,948 | INFO    | uvicorn.access | 5.229.80.34:0 - "GET /api/terminal/history HTTP/1.1" 200
2026-05-07 18:27:48,966 | INFO    | uvicorn.access | 5.229.80.34:0 - "GET /api/security/status HTTP/1.1" 200
2026-05-07 18:27:48,967 | INFO    | uvicorn.access | 5.229.80.34:0 - "GET /api/system/status HTTP/1.1" 200
2026-05-07 18:27:50,038 | INFO    | uvicorn.access | 5.229.80.34:0 - "GET /api/terminal/history HTTP/1.1" 200
2026-05-07 18:27:52,981 | INFO    | uvicorn.access | 5.229.80.34:0 - "GET /api/terminal/history HTTP/1.1" 200
2026-05-07 18:27:53,972 | INFO    | uvicorn.access | 5.229.80.34:0 - "GET /api/system/status HTTP/1.1" 200
2026-05-07 18:27:54,002 | INFO    | uvicorn.access | 5.229.80.34:0 - "GET /api/security/status HTTP/1.1" 200
2026-05-07 18:27:56,072 | INFO    | uvicorn.access | 5.229.80.34:0 - "GET /api/terminal/history HTTP/1.1" 200
2026-05-07 18:27:58,996 | INFO    | uvicorn.access | 5.229.80.34:0 - "GET /api/system/status HTTP/1.1" 200
2026-05-07 18:27:59,022 | INFO    | uvicorn.access | 5.229.80.34:0 - "GET /api/security/status HTTP/1.1" 200
2026-05-07 18:27:59,026 | INFO    | uvicorn.access | 5.229.80.34:0 - "GET /api/terminal/history HTTP/1.1" 200
2026-05-07 18:28:01,987 | INFO    | uvicorn.access | 5.229.80.34:0 - "GET /api/terminal/history HTTP/1.1" 200
2026-05-07 18:28:03,959 | INFO    | uvicorn.access | 5.229.80.34:0 - "GET /api/system/status HTTP/1.1" 200
2026-05-07 18:28:03,967 | INFO    | uvicorn.access | 5.229.80.34:0 - "GET /api/security/status HTTP/1.1" 200
2026-05-07 18:28:04,937 | INFO    | uvicorn.access | 5.229.80.34:0 - "GET /api/terminal/history HTTP/1.1" 200
2026-05-07 18:28:08,199 | INFO    | uvicorn.access | 5.229.80.34:0 - "GET /api/terminal/history HTTP/1.1" 200
2026-05-07 18:28:08,979 | INFO    | uvicorn.access | 5.229.80.34:0 - "GET /api/system/status HTTP/1.1" 200
2026-05-07 18:28:08,995 | INFO    | uvicorn.access | 5.229.80.34:0 - "GET /api/security/status HTTP/1.1" 200
2026-05-07 18:28:10,991 | INFO    | uvicorn.access | 5.229.80.34:0 - "GET /api/terminal/history HTTP/1.1" 200
2026-05-07 18:28:13,988 | INFO    | uvicorn.access | 5.229.80.34:0 - "GET /api/system/status HTTP/1.1" 200
2026-05-07 18:28:13,991 | INFO    | uvicorn.access | 5.229.80.34:0 - "GET /api/security/status HTTP/1.1" 200
2026-05-07 18:28:14,017 | INFO    | uvicorn.access | 5.229.80.34:0 - "GET /api/terminal/history HTTP/1.1" 200
2026-05-07 18:28:17,028 | INFO    | uvicorn.access | 5.229.80.34:0 - "GET /api/terminal/history HTTP/1.1" 200
2026-05-07 18:28:18,999 | INFO    | uvicorn.access | 5.229.80.34:0 - "GET /api/system/status HTTP/1.1" 200
2026-05-07 18:28:19,000 | INFO    | uvicorn.access | 5.229.80.34:0 - "GET /api/security/status HTTP/1.1" 200
2026-05-07 18:28:19,968 | INFO    | uvicorn.access | 5.229.80.34:0 - "GET /api/terminal/history HTTP/1.1" 200
2026-05-07 18:28:22,973 | INFO    | uvicorn.access | 5.229.80.34:0 - "GET /api/terminal/history HTTP/1.1" 200
2026-05-07 18:28:23,970 | INFO    | uvicorn.access | 5.229.80.34:0 - "GET /api/system/status HTTP/1.1" 200
2026-05-07 18:28:23,972 | INFO    | uvicorn.access | 5.229.80.34:0 - "GET /api/security/status HTTP/1.1" 200
2026-05-07 18:28:25,977 | INFO    | uvicorn.access | 5.229.80.34:0 - "GET /api/terminal/history HTTP/1.1" 200
2026-05-07 18:28:28,995 | INFO    | uvicorn.access | 5.229.80.34:0 - "GET /api/system/status HTTP/1.1" 200
2026-05-07 18:28:29,012 | INFO    | uvicorn.access | 5.229.80.34:0 - "GET /api/security/status HTTP/1.1" 200
2026-05-07 18:28:29,015 | INFO    | uvicorn.access | 5.229.80.34:0 - "GET /api/terminal/history HTTP/1.1" 200
2026-05-07 18:28:31,980 | INFO    | uvicorn.access | 5.229.80.34:0 - "GET /api/terminal/history HTTP/1.1" 200
2026-05-07 18:28:33,963 | INFO    | uvicorn.access | 5.229.80.34:0 - "GET /api/system/status HTTP/1.1" 200
2026-05-07 18:28:33,965 | INFO    | uvicorn.access | 5.229.80.34:0 - "GET /api/security/status HTTP/1.1" 200
2026-05-07 18:28:34,969 | INFO    | uvicorn.access | 5.229.80.34:0 - "GET /api/terminal/history HTTP/1.1" 200
2026-05-07 18:28:37,977 | INFO    | uvicorn.access | 5.229.80.34:0 - "GET /api/terminal/history HTTP/1.1" 200
2026-05-07 18:28:38,971 | INFO    | uvicorn.access | 5.229.80.34:0 - "GET /api/system/status HTTP/1.1" 200
2026-05-07 18:28:38,981 | INFO    | uvicorn.access | 5.229.80.34:0 - "GET /api/security/status HTTP/1.1" 200
2026-05-07 18:28:40,981 | INFO    | uvicorn.access | 5.229.80.34:0 - "GET /api/terminal/history HTTP/1.1" 200
2026-05-07 18:28:43,975 | INFO    | uvicorn.access | 5.229.80.34:0 - "GET /api/system/status HTTP/1.1" 200
2026-05-07 18:28:43,980 | INFO    | uvicorn.access | 5.229.80.34:0 - "GET /api/terminal/history HTTP/1.1" 200
2026-05-07 18:28:43,981 | INFO    | uvicorn.access | 5.229.80.34:0 - "GET /api/security/status HTTP/1.1" 200
2026-05-07 18:28:46,953 | INFO    | uvicorn.access | 5.229.80.34:0 - "GET /api/terminal/history HTTP/1.1" 200
2026-05-07 18:28:48,972 | INFO    | uvicorn.access | 5.229.80.34:0 - "GET /api/system/status HTTP/1.1" 200
2026-05-07 18:28:48,980 | INFO    | uvicorn.access | 5.229.80.34:0 - "GET /api/security/status HTTP/1.1" 200
2026-05-07 18:28:49,975 | INFO    | uvicorn.access | 5.229.80.34:0 - "GET /api/terminal/history HTTP/1.1" 200
2026-05-07 18:28:52,995 | INFO    | uvicorn.access | 5.229.80.34:0 - "GET /api/terminal/history HTTP/1.1" 200
2026-05-07 18:28:53,975 | INFO    | uvicorn.access | 5.229.80.34:0 - "GET /api/system/status HTTP/1.1" 200
2026-05-07 18:28:53,990 | INFO    | uvicorn.access | 5.229.80.34:0 - "GET /api/security/status HTTP/1.1" 200
2026-05-07 18:28:55,966 | INFO    | uvicorn.access | 5.229.80.34:0 - "GET /api/terminal/history HTTP/1.1" 200
2026-05-07 18:28:58,994 | INFO    | uvicorn.access | 5.229.80.34:0 - "GET /api/security/status HTTP/1.1" 200
2026-05-07 18:28:58,995 | INFO    | uvicorn.access | 5.229.80.34:0 - "GET /api/system/status HTTP/1.1" 200
2026-05-07 18:28:58,996 | INFO    | uvicorn.access | 5.229.80.34:0 - "GET /api/terminal/history HTTP/1.1" 200
2026-05-07 18:29:02,097 | INFO    | uvicorn.access | 5.229.80.34:0 - "GET /api/terminal/history HTTP/1.1" 200
2026-05-07 18:29:03,949 | INFO    | uvicorn.access | 5.229.80.34:0 - "GET /api/system/status HTTP/1.1" 200
2026-05-07 18:29:03,984 | INFO    | uvicorn.access | 5.229.80.34:0 - "GET /api/security/status HTTP/1.1" 200
2026-05-07 18:29:04,972 | INFO    | uvicorn.access | 5.229.80.34:0 - "GET /api/terminal/history HTTP/1.1" 200
2026-05-07 18:29:07,955 | INFO    | uvicorn.access | 5.229.80.34:0 - "GET /api/terminal/history HTTP/1.1" 200
2026-05-07 18:29:08,971 | INFO    | uvicorn.access | 5.229.80.34:0 - "GET /api/system/status HTTP/1.1" 200
2026-05-07 18:29:09,007 | INFO    | uvicorn.access | 5.229.80.34:0 - "GET /api/security/status HTTP/1.1" 200
2026-05-07 18:29:10,974 | INFO    | uvicorn.access | 5.229.80.34:0 - "GET /api/terminal/history HTTP/1.1" 200
2026-05-07 18:29:13,982 | INFO    | uvicorn.access | 5.229.80.34:0 - "GET /api/system/status HTTP/1.1" 200
2026-05-07 18:29:13,988 | INFO    | uvicorn.access | 5.229.80.34:0 - "GET /api/security/status HTTP/1.1" 200
2026-05-07 18:29:14,019 | INFO    | uvicorn.access | 5.229.80.34:0 - "GET /api/terminal/history HTTP/1.1" 200
2026-05-07 18:29:16,973 | INFO    | uvicorn.access | 5.229.80.34:0 - "GET /api/terminal/history HTTP/1.1" 200
2026-05-07 18:29:18,970 | INFO    | uvicorn.access | 5.229.80.34:0 - "GET /api/system/status HTTP/1.1" 200
2026-05-07 18:29:19,005 | INFO    | uvicorn.access | 5.229.80.34:0 - "GET /api/security/status HTTP/1.1" 200
2026-05-07 18:29:19,956 | INFO    | uvicorn.access | 5.229.80.34:0 - "GET /api/terminal/history HTTP/1.1" 200
2026-05-07 18:29:22,988 | INFO    | uvicorn.access | 5.229.80.34:0 - "GET /api/terminal/history HTTP/1.1" 200
2026-05-07 18:29:23,978 | INFO    | uvicorn.access | 5.229.80.34:0 - "GET /api/system/status HTTP/1.1" 200
2026-05-07 18:29:24,012 | INFO    | uvicorn.access | 5.229.80.34:0 - "GET /api/security/status HTTP/1.1" 200
2026-05-07 18:29:25,972 | INFO    | uvicorn.access | 5.229.80.34:0 - "GET /api/terminal/history HTTP/1.1" 200
2026-05-07 18:29:28,976 | INFO    | uvicorn.access | 5.229.80.34:0 - "GET /api/system/status HTTP/1.1" 200
2026-05-07 18:29:28,985 | INFO    | uvicorn.access | 5.229.80.34:0 - "GET /api/security/status HTTP/1.1" 200
2026-05-07 18:29:28,986 | INFO    | uvicorn.access | 5.229.80.34:0 - "GET /api/terminal/history HTTP/1.1" 200
2026-05-07 18:29:31,958 | INFO    | uvicorn.access | 5.229.80.34:0 - "GET /api/terminal/history HTTP/1.1" 200
2026-05-07 18:29:33,984 | INFO    | uvicorn.access | 5.229.80.34:0 - "GET /api/system/status HTTP/1.1" 200
2026-05-07 18:29:33,992 | INFO    | uvicorn.access | 5.229.80.34:0 - "GET /api/security/status HTTP/1.1" 200
2026-05-07 18:29:35,082 | INFO    | uvicorn.access | 5.229.80.34:0 - "GET /api/terminal/history HTTP/1.1" 200
2026-05-07 18:29:37,956 | INFO    | uvicorn.access | 5.229.80.34:0 - "GET /api/terminal/history HTTP/1.1" 200
2026-05-07 18:29:38,964 | INFO    | uvicorn.access | 5.229.80.34:0 - "GET /api/system/status HTTP/1.1" 200
2026-05-07 18:29:38,971 | INFO    | uvicorn.access | 5.229.80.34:0 - "GET /api/security/status HTTP/1.1" 200
2026-05-07 18:29:40,995 | INFO    | uvicorn.access | 5.229.80.34:0 - "GET /api/terminal/history HTTP/1.1" 200
2026-05-07 18:29:43,991 | INFO    | uvicorn.access | 5.229.80.34:0 - "GET /api/security/status HTTP/1.1" 200
2026-05-07 18:29:43,992 | INFO    | uvicorn.access | 5.229.80.34:0 - "GET /api/system/status HTTP/1.1" 200
2026-05-07 18:29:44,009 | INFO    | uvicorn.access | 5.229.80.34:0 - "GET /api/terminal/history HTTP/1.1" 200
2026-05-07 18:29:46,954 | INFO    | uvicorn.access | 5.229.80.34:0 - "GET /api/terminal/history HTTP/1.1" 200
2026-05-07 18:29:48,975 | INFO    | uvicorn.access | 5.229.80.34:0 - "GET /api/system/status HTTP/1.1" 200
2026-05-07 18:29:48,978 | INFO    | uvicorn.access | 5.229.80.34:0 - "GET /api/security/status HTTP/1.1" 200
2026-05-07 18:29:49,975 | INFO    | uvicorn.access | 5.229.80.34:0 - "GET /api/terminal/history HTTP/1.1" 200
2026-05-07 18:29:52,980 | INFO    | uvicorn.access | 5.229.80.34:0 - "GET /api/terminal/history HTTP/1.1" 200
2026-05-07 18:29:53,989 | INFO    | uvicorn.access | 5.229.80.34:0 - "GET /api/system/status HTTP/1.1" 200
2026-05-07 18:29:54,009 | INFO    | uvicorn.access | 5.229.80.34:0 - "GET /api/security/status HTTP/1.1" 200
2026-05-07 18:29:55,979 | INFO    | uvicorn.access | 5.229.80.34:0 - "GET /api/terminal/history HTTP/1.1" 200
2026-05-07 18:29:59,000 | INFO    | uvicorn.access | 5.229.80.34:0 - "GET /api/security/status HTTP/1.1" 200
2026-05-07 18:29:59,001 | INFO    | uvicorn.access | 5.229.80.34:0 - "GET /api/terminal/history HTTP/1.1" 200
2026-05-07 18:29:59,002 | INFO    | uvicorn.access | 5.229.80.34:0 - "GET /api/system/status HTTP/1.1" 200
2026-05-07 18:30:02,005 | INFO    | uvicorn.access | 5.229.80.34:0 - "GET /api/terminal/history HTTP/1.1" 200
2026-05-07 18:30:03,973 | INFO    | uvicorn.access | 5.229.80.34:0 - "GET /api/system/status HTTP/1.1" 200
2026-05-07 18:30:04,009 | INFO    | uvicorn.access | 5.229.80.34:0 - "GET /api/security/status HTTP/1.1" 200
2026-05-07 18:30:04,970 | INFO    | uvicorn.access | 5.229.80.34:0 - "GET /api/terminal/history HTTP/1.1" 200
2026-05-07 18:30:08,007 | INFO    | uvicorn.access | 5.229.80.34:0 - "GET /api/terminal/history HTTP/1.1" 200
2026-05-07 18:30:08,970 | INFO    | uvicorn.access | 5.229.80.34:0 - "GET /api/system/status HTTP/1.1" 200
2026-05-07 18:30:08,997 | INFO    | uvicorn.access | 5.229.80.34:0 - "GET /api/security/status HTTP/1.1" 200
2026-05-07 18:30:10,982 | INFO    | uvicorn.access | 5.229.80.34:0 - "GET /api/terminal/history HTTP/1.1" 200
2026-05-07 18:30:13,979 | INFO    | uvicorn.access | 5.229.80.34:0 - "GET /api/system/status HTTP/1.1" 200
2026-05-07 18:30:13,983 | INFO    | uvicorn.access | 5.229.80.34:0 - "GET /api/security/status HTTP/1.1" 200
2026-05-07 18:30:13,983 | INFO    | uvicorn.access | 5.229.80.34:0 - "GET /api/terminal/history HTTP/1.1" 200
2026-05-07 18:30:16,977 | INFO    | uvicorn.access | 5.229.80.34:0 - "GET /api/terminal/history HTTP/1.1" 200
2026-05-07 18:30:18,966 | INFO    | uvicorn.access | 5.229.80.34:0 - "GET /api/system/status HTTP/1.1" 200
2026-05-07 18:30:18,973 | INFO    | uvicorn.access | 5.229.80.34:0 - "GET /api/security/status HTTP/1.1" 200
2026-05-07 18:30:19,997 | INFO    | uvicorn.access | 5.229.80.34:0 - "GET /api/terminal/history HTTP/1.1" 200
2026-05-07 18:30:22,980 | INFO    | uvicorn.access | 5.229.80.34:0 - "GET /api/terminal/history HTTP/1.1" 200
2026-05-07 18:30:23,960 | INFO    | uvicorn.access | 5.229.80.34:0 - "GET /api/system/status HTTP/1.1" 200
2026-05-07 18:30:23,961 | INFO    | uvicorn.access | 5.229.80.34:0 - "GET /api/security/status HTTP/1.1" 200
2026-05-07 18:30:25,967 | INFO    | uvicorn.access | 5.229.80.34:0 - "GET /api/terminal/history HTTP/1.1" 200
2026-05-07 18:30:28,981 | INFO    | uvicorn.access | 5.229.80.34:0 - "GET /api/system/status HTTP/1.1" 200
2026-05-07 18:30:28,983 | INFO    | uvicorn.access | 5.229.80.34:0 - "GET /api/terminal/history HTTP/1.1" 200
2026-05-07 18:30:28,983 | INFO    | uvicorn.access | 5.229.80.34:0 - "GET /api/security/status HTTP/1.1" 200
2026-05-07 18:30:31,985 | INFO    | uvicorn.access | 5.229.80.34:0 - "GET /api/terminal/history HTTP/1.1" 200
2026-05-07 18:30:33,956 | INFO    | uvicorn.access | 5.229.80.34:0 - "GET /api/system/status HTTP/1.1" 200
2026-05-07 18:30:33,987 | INFO    | uvicorn.access | 5.229.80.34:0 - "GET /api/security/status HTTP/1.1" 200
2026-05-07 18:30:34,983 | INFO    | uvicorn.access | 5.229.80.34:0 - "GET /api/terminal/history HTTP/1.1" 200
2026-05-07 18:30:37,962 | INFO    | uvicorn.access | 5.229.80.34:0 - "GET /api/terminal/history HTTP/1.1" 200
2026-05-07 18:30:38,977 | INFO    | uvicorn.access | 5.229.80.34:0 - "GET /api/system/status HTTP/1.1" 200
2026-05-07 18:30:38,978 | INFO    | uvicorn.access | 5.229.80.34:0 - "GET /api/security/status HTTP/1.1" 200
2026-05-07 18:30:40,977 | INFO    | uvicorn.access | 5.229.80.34:0 - "GET /api/terminal/history HTTP/1.1" 200
2026-05-07 18:30:44,009 | INFO    | uvicorn.access | 5.229.80.34:0 - "GET /api/system/status HTTP/1.1" 200
2026-05-07 18:30:44,044 | INFO    | uvicorn.access | 5.229.80.34:0 - "GET /api/security/status HTTP/1.1" 200
2026-05-07 18:30:44,045 | INFO    | uvicorn.access | 5.229.80.34:0 - "GET /api/terminal/history HTTP/1.1" 200
2026-05-07 18:30:46,964 | INFO    | uvicorn.access | 5.229.80.34:0 - "GET /api/terminal/history HTTP/1.1" 200
2026-05-07 18:30:49,011 | INFO    | uvicorn.access | 5.229.80.34:0 - "GET /api/system/status HTTP/1.1" 200
2026-05-07 18:30:49,018 | INFO    | uvicorn.access | 5.229.80.34:0 - "GET /api/security/status HTTP/1.1" 200
2026-05-07 18:30:49,959 | INFO    | uvicorn.access | 5.229.80.34:0 - "GET /api/terminal/history HTTP/1.1" 200
2026-05-07 18:30:52,989 | INFO    | uvicorn.access | 5.229.80.34:0 - "GET /api/terminal/history HTTP/1.1" 200
2026-05-07 18:30:53,964 | INFO    | uvicorn.access | 5.229.80.34:0 - "GET /api/system/status HTTP/1.1" 200
2026-05-07 18:30:53,976 | INFO    | uvicorn.access | 5.229.80.34:0 - "GET /api/security/status HTTP/1.1" 200
2026-05-07 18:30:55,960 | INFO    | uvicorn.access | 5.229.80.34:0 - "GET /api/terminal/history HTTP/1.1" 200
2026-05-07 18:30:59,065 | INFO    | uvicorn.access | 5.229.80.34:0 - "GET /api/system/status HTTP/1.1" 200
2026-05-07 18:30:59,083 | INFO    | uvicorn.access | 5.229.80.34:0 - "GET /api/terminal/history HTTP/1.1" 200
2026-05-07 18:30:59,094 | INFO    | uvicorn.access | 5.229.80.34:0 - "GET /api/security/status HTTP/1.1" 200
2026-05-07 18:31:01,983 | INFO    | uvicorn.access | 5.229.80.34:0 - "GET /api/terminal/history HTTP/1.1" 200
2026-05-07 18:31:03,990 | INFO    | uvicorn.access | 5.229.80.34:0 - "GET /api/system/status HTTP/1.1" 200
2026-05-07 18:31:04,006 | INFO    | uvicorn.access | 5.229.80.34:0 - "GET /api/security/status HTTP/1.1" 200
2026-05-07 18:31:04,993 | INFO    | uvicorn.access | 5.229.80.34:0 - "GET /api/terminal/history HTTP/1.1" 200
2026-05-07 18:31:07,970 | INFO    | uvicorn.access | 5.229.80.34:0 - "GET /api/terminal/history HTTP/1.1" 200
2026-05-07 18:31:08,995 | INFO    | uvicorn.access | 5.229.80.34:0 - "GET /api/system/status HTTP/1.1" 200
2026-05-07 18:31:08,996 | INFO    | uvicorn.access | 5.229.80.34:0 - "GET /api/security/status HTTP/1.1" 200
2026-05-07 18:31:11,007 | INFO    | uvicorn.access | 5.229.80.34:0 - "GET /api/terminal/history HTTP/1.1" 200
2026-05-07 18:31:13,984 | INFO    | uvicorn.access | 5.229.80.34:0 - "GET /api/system/status HTTP/1.1" 200
2026-05-07 18:31:13,989 | INFO    | uvicorn.access | 5.229.80.34:0 - "GET /api/terminal/history HTTP/1.1" 200
2026-05-07 18:31:13,991 | INFO    | uvicorn.access | 5.229.80.34:0 - "GET /api/security/status HTTP/1.1" 200
2026-05-07 18:31:16,991 | INFO    | uvicorn.access | 5.229.80.34:0 - "GET /api/terminal/history HTTP/1.1" 200
2026-05-07 18:31:18,984 | INFO    | uvicorn.access | 5.229.80.34:0 - "GET /api/system/status HTTP/1.1" 200
2026-05-07 18:31:18,993 | INFO    | uvicorn.access | 5.229.80.34:0 - "GET /api/security/status HTTP/1.1" 200
2026-05-07 18:31:19,951 | INFO    | uvicorn.access | 5.229.80.34:0 - "GET /api/terminal/history HTTP/1.1" 200
2026-05-07 18:31:23,026 | INFO    | uvicorn.access | 5.229.80.34:0 - "GET /api/terminal/history HTTP/1.1" 200
2026-05-07 18:31:23,833 | INFO    | uvicorn.error | connection closed
2026-05-07 18:31:23,983 | INFO    | uvicorn.access | 5.229.80.34:0 - "GET /api/system/status HTTP/1.1" 200
2026-05-07 18:31:23,985 | INFO    | uvicorn.access | 5.229.80.34:0 - "GET /api/security/status HTTP/1.1" 200
2026-05-07 18:31:25,971 | INFO    | uvicorn.access | 5.229.80.34:0 - "GET /api/terminal/history HTTP/1.1" 200
2026-05-07 18:31:26,118 | INFO    | uvicorn.error | 5.229.80.34:0 - "WebSocket /api/screen/ws" [accepted]
2026-05-07 18:31:26,119 | INFO    | uvicorn.error | connection open
2026-05-07 18:31:28,997 | INFO    | uvicorn.access | 5.229.80.34:0 - "GET /api/security/status HTTP/1.1" 200
2026-05-07 18:31:28,998 | INFO    | uvicorn.access | 5.229.80.34:0 - "GET /api/system/status HTTP/1.1" 200
2026-05-07 18:31:28,999 | INFO    | uvicorn.access | 5.229.80.34:0 - "GET /api/terminal/history HTTP/1.1" 200
2026-05-07 18:31:31,973 | INFO    | uvicorn.access | 5.229.80.34:0 - "GET /api/terminal/history HTTP/1.1" 200
2026-05-07 18:31:33,996 | INFO    | uvicorn.access | 5.229.80.34:0 - "GET /api/system/status HTTP/1.1" 200
2026-05-07 18:31:34,015 | INFO    | uvicorn.access | 5.229.80.34:0 - "GET /api/security/status HTTP/1.1" 200
2026-05-07 18:31:35,015 | INFO    | uvicorn.access | 5.229.80.34:0 - "GET /api/terminal/history HTTP/1.1" 200
2026-05-07 18:31:37,961 | INFO    | uvicorn.access | 5.229.80.34:0 - "GET /api/terminal/history HTTP/1.1" 200
2026-05-07 18:31:38,985 | INFO    | uvicorn.access | 5.229.80.34:0 - "GET /api/system/status HTTP/1.1" 200
2026-05-07 18:31:39,082 | INFO    | uvicorn.access | 5.229.80.34:0 - "GET /api/security/status HTTP/1.1" 200
2026-05-07 18:31:41,047 | INFO    | uvicorn.access | 5.229.80.34:0 - "GET /api/terminal/history HTTP/1.1" 200
2026-05-07 18:31:43,971 | INFO    | uvicorn.access | 5.229.80.34:0 - "GET /api/system/status HTTP/1.1" 200
2026-05-07 18:31:43,980 | INFO    | uvicorn.access | 5.229.80.34:0 - "GET /api/security/status HTTP/1.1" 200
2026-05-07 18:31:43,982 | INFO    | uvicorn.access | 5.229.80.34:0 - "GET /api/terminal/history HTTP/1.1" 200
2026-05-07 18:31:46,979 | INFO    | uvicorn.access | 5.229.80.34:0 - "GET /api/terminal/history HTTP/1.1" 200
2026-05-07 18:31:48,954 | INFO    | uvicorn.access | 5.229.80.34:0 - "GET /api/system/status HTTP/1.1" 200
2026-05-07 18:31:49,000 | INFO    | uvicorn.access | 5.229.80.34:0 - "GET /api/security/status HTTP/1.1" 200
2026-05-07 18:31:50,006 | INFO    | uvicorn.access | 5.229.80.34:0 - "GET /api/terminal/history HTTP/1.1" 200
2026-05-07 18:31:53,004 | INFO    | uvicorn.access | 5.229.80.34:0 - "GET /api/terminal/history HTTP/1.1" 200
2026-05-07 18:31:53,981 | INFO    | uvicorn.access | 5.229.80.34:0 - "GET /api/system/status HTTP/1.1" 200
2026-05-07 18:31:54,013 | INFO    | uvicorn.access | 5.229.80.34:0 - "GET /api/security/status HTTP/1.1" 200
2026-05-07 18:31:55,952 | INFO    | uvicorn.access | 5.229.80.34:0 - "GET /api/terminal/history HTTP/1.1" 200
2026-05-07 18:31:58,976 | INFO    | uvicorn.access | 5.229.80.34:0 - "GET /api/security/status HTTP/1.1" 200
2026-05-07 18:31:58,979 | INFO    | uvicorn.access | 5.229.80.34:0 - "GET /api/terminal/history HTTP/1.1" 200
2026-05-07 18:31:58,979 | INFO    | uvicorn.access | 5.229.80.34:0 - "GET /api/system/status HTTP/1.1" 200
2026-05-07 18:32:01,966 | INFO    | uvicorn.access | 5.229.80.34:0 - "GET /api/terminal/history HTTP/1.1" 200
2026-05-07 18:32:04,012 | INFO    | uvicorn.access | 5.229.80.34:0 - "GET /api/security/status HTTP/1.1" 200
2026-05-07 18:32:04,013 | INFO    | uvicorn.access | 5.229.80.34:0 - "GET /api/system/status HTTP/1.1" 200
2026-05-07 18:32:04,992 | INFO    | uvicorn.access | 5.229.80.34:0 - "GET /api/terminal/history HTTP/1.1" 200
2026-05-07 18:32:07,960 | INFO    | uvicorn.access | 5.229.80.34:0 - "GET /api/terminal/history HTTP/1.1" 200
2026-05-07 18:32:08,991 | INFO    | uvicorn.access | 5.229.80.34:0 - "GET /api/system/status HTTP/1.1" 200
2026-05-07 18:32:08,994 | INFO    | uvicorn.access | 5.229.80.34:0 - "GET /api/security/status HTTP/1.1" 200
2026-05-07 18:32:10,996 | INFO    | uvicorn.access | 5.229.80.34:0 - "GET /api/terminal/history HTTP/1.1" 200
2026-05-07 18:32:13,974 | INFO    | uvicorn.access | 5.229.80.34:0 - "GET /api/system/status HTTP/1.1" 200
2026-05-07 18:32:13,980 | INFO    | uvicorn.access | 5.229.80.34:0 - "GET /api/security/status HTTP/1.1" 200
2026-05-07 18:32:14,038 | INFO    | uvicorn.access | 5.229.80.34:0 - "GET /api/terminal/history HTTP/1.1" 200
2026-05-07 18:32:16,959 | INFO    | uvicorn.access | 5.229.80.34:0 - "GET /api/terminal/history HTTP/1.1" 200
2026-05-07 18:32:18,975 | INFO    | uvicorn.access | 5.229.80.34:0 - "GET /api/system/status HTTP/1.1" 200
2026-05-07 18:32:18,977 | INFO    | uvicorn.access | 5.229.80.34:0 - "GET /api/security/status HTTP/1.1" 200
2026-05-07 18:32:19,956 | INFO    | uvicorn.access | 5.229.80.34:0 - "GET /api/terminal/history HTTP/1.1" 200
2026-05-07 18:32:23,020 | INFO    | uvicorn.access | 5.229.80.34:0 - "GET /api/terminal/history HTTP/1.1" 200
2026-05-07 18:32:24,038 | INFO    | uvicorn.access | 5.229.80.34:0 - "GET /api/system/status HTTP/1.1" 200
2026-05-07 18:32:24,038 | INFO    | uvicorn.access | 5.229.80.34:0 - "GET /api/security/status HTTP/1.1" 200
2026-05-07 18:32:25,961 | INFO    | uvicorn.access | 5.229.80.34:0 - "GET /api/terminal/history HTTP/1.1" 200
2026-05-07 18:32:28,994 | INFO    | uvicorn.access | 5.229.80.34:0 - "GET /api/system/status HTTP/1.1" 200
2026-05-07 18:32:29,019 | INFO    | uvicorn.access | 5.229.80.34:0 - "GET /api/security/status HTTP/1.1" 200
2026-05-07 18:32:29,029 | INFO    | uvicorn.access | 5.229.80.34:0 - "GET /api/terminal/history HTTP/1.1" 200
2026-05-07 18:32:31,957 | INFO    | uvicorn.access | 5.229.80.34:0 - "GET /api/terminal/history HTTP/1.1" 200
2026-05-07 18:32:34,019 | INFO    | uvicorn.access | 5.229.80.34:0 - "GET /api/system/status HTTP/1.1" 200
2026-05-07 18:32:34,020 | INFO    | uvicorn.access | 5.229.80.34:0 - "GET /api/security/status HTTP/1.1" 200
2026-05-07 18:32:34,945 | INFO    | uvicorn.access | 5.229.80.34:0 - "GET /api/terminal/history HTTP/1.1" 200
2026-05-07 18:32:37,986 | INFO    | uvicorn.access | 5.229.80.34:0 - "GET /api/terminal/history HTTP/1.1" 200
2026-05-07 18:32:38,986 | INFO    | uvicorn.access | 5.229.80.34:0 - "GET /api/system/status HTTP/1.1" 200
2026-05-07 18:32:39,017 | INFO    | uvicorn.access | 5.229.80.34:0 - "GET /api/security/status HTTP/1.1" 200
2026-05-07 18:32:40,959 | INFO    | uvicorn.access | 5.229.80.34:0 - "GET /api/terminal/history HTTP/1.1" 200
2026-05-07 18:32:43,986 | INFO    | uvicorn.access | 5.229.80.34:0 - "GET /api/system/status HTTP/1.1" 200
2026-05-07 18:32:43,991 | INFO    | uvicorn.access | 5.229.80.34:0 - "GET /api/security/status HTTP/1.1" 200
2026-05-07 18:32:43,992 | INFO    | uvicorn.access | 5.229.80.34:0 - "GET /api/terminal/history HTTP/1.1" 200
2026-05-07 18:32:46,980 | INFO    | uvicorn.access | 5.229.80.34:0 - "GET /api/terminal/history HTTP/1.1" 200
2026-05-07 18:32:48,981 | INFO    | uvicorn.access | 5.229.80.34:0 - "GET /api/system/status HTTP/1.1" 200
2026-05-07 18:32:48,986 | INFO    | uvicorn.access | 5.229.80.34:0 - "GET /api/security/status HTTP/1.1" 200
2026-05-07 18:32:49,991 | INFO    | uvicorn.access | 5.229.80.34:0 - "GET /api/terminal/history HTTP/1.1" 200
2026-05-07 18:32:52,972 | INFO    | uvicorn.access | 5.229.80.34:0 - "GET /api/terminal/history HTTP/1.1" 200
2026-05-07 18:32:54,230 | INFO    | uvicorn.access | 5.229.80.34:0 - "GET /api/system/status HTTP/1.1" 200
2026-05-07 18:32:54,230 | INFO    | uvicorn.access | 5.229.80.34:0 - "GET /api/security/status HTTP/1.1" 200
2026-05-07 18:32:56,143 | INFO    | uvicorn.access | 5.229.80.34:0 - "GET /api/terminal/history HTTP/1.1" 200
2026-05-07 18:32:56,484 | INFO    | uvicorn.error | connection closed
2026-05-07 18:40:00 | INFO    | remote       | ============================================================
2026-05-07 18:40:00 | INFO    | remote       |   JARVIS UZAKTAN KONTROL SISTEMI v1.0
2026-05-07 18:40:00 | INFO    | remote       | ============================================================
2026-05-07 18:40:00 | INFO    | remote       | Cihaz     : DESKTOP-H2DGAQ3
2026-05-07 18:40:00 | INFO    | remote       | Yerel IP  : 192.168.1.165
2026-05-07 18:40:00 | INFO    | remote       | Port      : 8765
2026-05-07 18:40:00 | INFO    | remote       | ntfy konu : jarvis-Web
2026-05-07 18:40:00 | INFO    | remote       | ============================================================
2026-05-07 18:40:00 | INFO    | remote.ntfy  | NtfyClient hazir -> https://ntfy.sh/jarvis-Web
2026-05-07 18:40:00 | INFO    | remote.auth  | Yeni oturum anahtarı oluşturuldu.
2026-05-07 18:40:00 | INFO    | remote       | Oturum anahtarı oluşturuldu: ZvjDiuuZwbTuPGad…
2026-05-07 18:40:00 | INFO    | remote.terminal | Terminal aracı başlatıldı (Masaüstü Jarvis ile iletişim kurulacak)
2026-05-07 18:40:00 | INFO    | remote.security | MAC tarayıcı başlatıldı — Hedef: fe:84:34:6f:d8:10, Aralık: 60s
2026-05-07 18:40:00 | INFO    | remote       | Sunucunun tamamen hazir olmasi icin 5 saniye bekleniyor...
2026-05-07 18:40:00 | INFO    | remote.tray  | Sistem tepsisi (tray) simgesi başlatıldı.
2026-05-07 18:40:00 | INFO    | remote.security | Ilk tarama: Güvenilir cihaz agda bulunamadi (6 cihaz tespit edildi)
2026-05-07 18:40:00 | INFO    | remote       | FastAPI sunucusu baslatiliyor -> http://127.0.0.1:8765
2026-05-07 18:40:00,646 | INFO    | uvicorn.error | Started server process [7636]
2026-05-07 18:40:00,646 | INFO    | uvicorn.error | Waiting for application startup.
2026-05-07 18:40:00,646 | INFO    | uvicorn.error | Application startup complete.
2026-05-07 18:40:00,646 | ERROR   | uvicorn.error | [Errno 10048] error while attempting to bind on address ('127.0.0.1', 8765): normal olarak her yuva adresi (iletişim kuralı/ağ adresi/bağlantı noktası) için yalnızca bir kullanıma izin veriliyor
2026-05-07 18:40:00,646 | INFO    | uvicorn.error | Waiting for application shutdown.
2026-05-07 18:40:00,646 | INFO    | uvicorn.error | Application shutdown complete.
2026-05-07 18:40:01 | INFO    | remote.ntfy  | Bildirim gönderildi (Guvenlik Uyarisi) [HTTP 200]
2026-05-07 18:40:05 | INFO    | remote.cloudflare | cloudflared baslatiliyor: C:\Users\Berat\AppData\Local\Microsoft\WinGet\Links\cloudflared.EXE tunnel --url http://127.0.0.1:8765
2026-05-07 18:40:05 | INFO    | remote.cloudflare | Tünel yöneticisi başlatıldı (port=8765)
2026-05-07 18:40:10 | INFO    | remote.cloudflare | Tünel URL: https://announced-fitting-beijing-subsequent.trycloudflare.com
2026-05-07 18:40:10 | INFO    | remote       | Tunel hazir: https://announced-fitting-beijing-subsequent.trycloudflare.com
2026-05-07 18:40:13 | INFO    | remote.auth  | Yeni oturum anahtarı oluşturuldu.
2026-05-07 18:40:13 | INFO    | remote.ntfy  | Bildirim gönderildi (Tunel Hazir) [HTTP 200]
2026-05-07 18:40:14 | INFO    | remote.ntfy  | Bildirim gönderildi (Giris Anahtari) [HTTP 200]
2026-05-07 18:40:14 | INFO    | remote       | Yeni oturum anahtari gonderildi.
2026-05-07 18:40:36 | INFO    | remote.server | Login sayfasi talep edildi. IP: 127.0.0.1
2026-05-07 18:40:36,214 | INFO    | uvicorn.access | 127.0.0.1:61644 - "GET / HTTP/1.1" 200
2026-05-07 18:40:36,236 | INFO    | uvicorn.access | 127.0.0.1:61644 - "GET /static/style.css HTTP/1.1" 200
2026-05-07 18:40:36,546 | INFO    | uvicorn.access | 127.0.0.1:61644 - "GET /api/auth/status HTTP/1.1" 200
2026-05-07 18:41:12,484 | INFO    | uvicorn.access | 5.229.80.34:0 - "GET /api/audio/volume HTTP/1.1" 200
2026-05-07 18:41:12,484 | INFO    | uvicorn.error | 5.229.80.34:0 - "WebSocket /api/screen/ws" [accepted]
2026-05-07 18:41:12,486 | INFO    | uvicorn.error | connection open
2026-05-07 18:41:15,486 | INFO    | uvicorn.access | 5.229.80.34:0 - "GET /api/terminal/history HTTP/1.1" 200
2026-05-07 18:41:17,495 | INFO    | uvicorn.access | 5.229.80.34:0 - "GET /api/system/status HTTP/1.1" 200
2026-05-07 18:41:17,499 | INFO    | uvicorn.access | 5.229.80.34:0 - "GET /api/security/status HTTP/1.1" 200
2026-05-07 18:41:18,455 | INFO    | uvicorn.access | 5.229.80.34:0 - "GET /api/terminal/history HTTP/1.1" 200
2026-05-07 18:41:22,854 | INFO    | uvicorn.access | 5.229.80.34:0 - "GET /api/terminal/history HTTP/1.1" 200
2026-05-07 18:41:22,869 | INFO    | uvicorn.access | 5.229.80.34:0 - "GET /api/security/status HTTP/1.1" 200
2026-05-07 18:41:22,877 | INFO    | uvicorn.access | 5.229.80.34:0 - "GET /api/system/status HTTP/1.1" 200
2026-05-07 18:41:24,965 | INFO    | uvicorn.access | 5.229.80.34:0 - "GET /api/terminal/history HTTP/1.1" 200
2026-05-07 18:41:27,487 | INFO    | uvicorn.access | 5.229.80.34:0 - "GET /api/system/status HTTP/1.1" 200
2026-05-07 18:41:27,492 | INFO    | uvicorn.access | 5.229.80.34:0 - "GET /api/security/status HTTP/1.1" 200
2026-05-07 18:41:27,498 | INFO    | uvicorn.access | 5.229.80.34:0 - "GET /api/terminal/history HTTP/1.1" 200
2026-05-07 18:41:30,492 | INFO    | uvicorn.access | 5.229.80.34:0 - "GET /api/terminal/history HTTP/1.1" 200
2026-05-07 18:41:32,459 | INFO    | uvicorn.access | 5.229.80.34:0 - "GET /api/system/status HTTP/1.1" 200
2026-05-07 18:41:32,478 | INFO    | uvicorn.access | 5.229.80.34:0 - "GET /api/security/status HTTP/1.1" 200
2026-05-07 18:41:33,464 | INFO    | uvicorn.access | 5.229.80.34:0 - "GET /api/terminal/history HTTP/1.1" 200
2026-05-07 18:41:36,458 | INFO    | uvicorn.access | 5.229.80.34:0 - "GET /api/terminal/history HTTP/1.1" 200
2026-05-07 18:41:37,694 | INFO    | uvicorn.access | 5.229.80.34:0 - "GET /api/system/status HTTP/1.1" 200
2026-05-07 18:41:37,711 | INFO    | uvicorn.access | 5.229.80.34:0 - "GET /api/security/status HTTP/1.1" 200
2026-05-07 18:41:39,500 | INFO    | uvicorn.access | 5.229.80.34:0 - "GET /api/terminal/history HTTP/1.1" 200
2026-05-07 18:41:42,493 | INFO    | uvicorn.access | 5.229.80.34:0 - "GET /api/system/status HTTP/1.1" 200
2026-05-07 18:41:42,499 | INFO    | uvicorn.access | 5.229.80.34:0 - "GET /api/security/status HTTP/1.1" 200
2026-05-07 18:41:42,500 | INFO    | uvicorn.access | 5.229.80.34:0 - "GET /api/terminal/history HTTP/1.1" 200
2026-05-07 18:41:44 | INFO    | remote.tray  | Kullanıcı tray üzerinden çıkış talep etti.
2026-05-07 18:41:44 | INFO    | remote       | Sistem kapatiliyor...
2026-05-07 18:41:44,464 | INFO    | uvicorn.error | connection closed
2026-05-07 18:41:44 | INFO    | remote.cloudflare | Tünel durduruldu.
2026-05-07 18:41:44 | INFO    | remote.security | MAC tarayıcı durduruldu.
2026-05-07 18:41:44 | INFO    | remote       | Gule gule!
2026-05-07 18:41:53 | INFO    | remote       | ============================================================
2026-05-07 18:41:53 | INFO    | remote       |   JARVIS UZAKTAN KONTROL SISTEMI v1.0
2026-05-07 18:41:53 | INFO    | remote       | ============================================================
2026-05-07 18:41:53 | INFO    | remote       | Cihaz     : DESKTOP-H2DGAQ3
2026-05-07 18:41:53 | INFO    | remote       | Yerel IP  : 192.168.1.165
2026-05-07 18:41:53 | INFO    | remote       | Port      : 8765
2026-05-07 18:41:53 | INFO    | remote       | ntfy konu : jarvis-Web
2026-05-07 18:41:53 | INFO    | remote       | ============================================================
2026-05-07 18:41:53 | INFO    | remote.ntfy  | NtfyClient hazir -> https://ntfy.sh/jarvis-Web
2026-05-07 18:41:53 | INFO    | remote.auth  | Yeni oturum anahtarı oluşturuldu.
2026-05-07 18:41:53 | INFO    | remote       | Oturum anahtarı oluşturuldu: vYj5XBVFd6hOg2Z9…
2026-05-07 18:41:53 | INFO    | remote.terminal | Terminal aracı başlatıldı (Masaüstü Jarvis ile iletişim kurulacak)
2026-05-07 18:41:53 | INFO    | remote.security | MAC tarayıcı başlatıldı — Hedef: fe:84:34:6f:d8:10, Aralık: 60s
2026-05-07 18:41:53 | INFO    | remote       | Sunucunun tamamen hazir olmasi icin 5 saniye bekleniyor...
2026-05-07 18:41:53 | INFO    | remote.tray  | Sistem tepsisi (tray) simgesi başlatıldı.
2026-05-07 18:41:53 | INFO    | remote.security | Ilk tarama: Güvenilir cihaz agda bulunamadi (6 cihaz tespit edildi)
2026-05-07 18:41:53 | INFO    | remote       | FastAPI sunucusu baslatiliyor -> http://127.0.0.1:8765
2026-05-07 18:41:53,882 | INFO    | uvicorn.error | Started server process [14164]
2026-05-07 18:41:53,882 | INFO    | uvicorn.error | Waiting for application startup.
2026-05-07 18:41:53,882 | INFO    | uvicorn.error | Application startup complete.
2026-05-07 18:41:53,883 | INFO    | uvicorn.error | Uvicorn running on http://127.0.0.1:8765 (Press CTRL+C to quit)
2026-05-07 18:41:54 | INFO    | remote.ntfy  | Bildirim gönderildi (Guvenlik Uyarisi) [HTTP 200]
2026-05-07 18:41:58 | INFO    | remote.cloudflare | cloudflared baslatiliyor: C:\Users\Berat\AppData\Local\Microsoft\WinGet\Links\cloudflared.EXE tunnel --url http://127.0.0.1:8765
2026-05-07 18:41:58 | INFO    | remote.cloudflare | Tünel yöneticisi başlatıldı (port=8765)
2026-05-07 18:42:03 | INFO    | remote.cloudflare | Tünel URL: https://programmes-beside-mailto-ticket.trycloudflare.com
2026-05-07 18:42:03 | INFO    | remote       | Tunel hazir: https://programmes-beside-mailto-ticket.trycloudflare.com
2026-05-07 18:42:06 | INFO    | remote.auth  | Yeni oturum anahtarı oluşturuldu.
2026-05-07 18:42:06 | INFO    | remote.ntfy  | Bildirim gönderildi (Tunel Hazir) [HTTP 200]
2026-05-07 18:42:06 | INFO    | remote.ntfy  | Bildirim gönderildi (Giris Anahtari) [HTTP 200]
2026-05-07 18:42:06 | INFO    | remote       | Yeni oturum anahtari gonderildi.
2026-05-07 18:42:11 | INFO    | remote.server | Login sayfasi talep edildi. IP: 5.229.80.34
2026-05-07 18:42:11,764 | INFO    | uvicorn.access | 5.229.80.34:0 - "GET / HTTP/1.1" 200
2026-05-07 18:42:12,088 | INFO    | uvicorn.access | 5.229.80.34:0 - "GET /static/style.css HTTP/1.1" 200
2026-05-07 18:42:12,643 | INFO    | uvicorn.access | 5.229.80.34:0 - "GET /api/auth/status HTTP/1.1" 200
2026-05-07 18:42:14 | INFO    | remote.server | Login sayfasi talep edildi. IP: 66.249.93.68
2026-05-07 18:42:14,620 | INFO    | uvicorn.access | 66.249.93.68:0 - "GET / HTTP/1.1" 200
2026-05-07 18:42:15 | INFO    | remote.server | Login sayfasi talep edildi. IP: 74.125.210.99
2026-05-07 18:42:15,274 | INFO    | uvicorn.access | 74.125.210.99:0 - "GET / HTTP/1.1" 200
2026-05-07 18:42:15 | INFO    | remote.server | Login sayfasi talep edildi. IP: 74.125.210.99
2026-05-07 18:42:15,276 | INFO    | uvicorn.access | 74.125.210.99:0 - "GET / HTTP/1.1" 200
2026-05-07 18:42:15,676 | INFO    | uvicorn.access | 74.125.210.100:0 - "GET /static/style.css HTTP/1.1" 200
2026-05-07 18:42:15,891 | INFO    | uvicorn.access | 74.125.210.100:0 - "GET /static/style.css HTTP/1.1" 200
2026-05-07 18:42:16,058 | INFO    | uvicorn.access | 74.125.210.100:0 - "GET /api/auth/status HTTP/1.1" 200
2026-05-07 18:42:21 | INFO    | remote.auth  | Oturum anahtarı doğrulandı: 5.229.80.34
2026-05-07 18:42:21 | INFO    | remote.auth  | Yeni OTP oluşturuldu.
2026-05-07 18:42:21 | INFO    | remote.ntfy  | Bildirim gönderildi (OTP Dogrulama) [HTTP 200]
2026-05-07 18:42:21,421 | INFO    | uvicorn.access | 5.229.80.34:0 - "POST /api/auth/token HTTP/1.1" 200
2026-05-07 18:42:28 | INFO    | remote.auth  | OTP doğrulandı: 5.229.80.34
2026-05-07 18:42:28 | INFO    | remote.auth  | Oturum oluşturuldu: CC4A6TYqvkpq… [5.229.80.34]
2026-05-07 18:42:28,182 | INFO    | uvicorn.access | 5.229.80.34:0 - "POST /api/auth/otp HTTP/1.1" 200
2026-05-07 18:42:29,461 | INFO    | uvicorn.access | 5.229.80.34:0 - "GET /dashboard HTTP/1.1" 200
2026-05-07 18:42:29,734 | INFO    | uvicorn.access | 5.229.80.34:0 - "GET /static/style.css HTTP/1.1" 304
2026-05-07 18:42:29,737 | INFO    | uvicorn.access | 5.229.80.34:0 - "GET /static/app.js HTTP/1.1" 200
2026-05-07 18:42:30,083 | INFO    | uvicorn.access | 5.229.80.34:0 - "GET /api/audio/volume HTTP/1.1" 200
2026-05-07 18:42:30,101 | INFO    | uvicorn.access | 5.229.80.34:0 - "GET /api/autostart/status HTTP/1.1" 200
2026-05-07 18:42:30,106 | INFO    | uvicorn.access | 5.229.80.34:0 - "GET /api/system/status HTTP/1.1" 200
2026-05-07 18:42:30,152 | INFO    | uvicorn.access | 5.229.80.34:0 - "GET /api/terminal/history HTTP/1.1" 200
2026-05-07 18:42:30,153 | INFO    | uvicorn.access | 5.229.80.34:0 - "GET /api/security/status HTTP/1.1" 200
2026-05-07 18:42:30,210 | INFO    | uvicorn.error | 5.229.80.34:0 - "WebSocket /api/screen/ws" [accepted]
2026-05-07 18:42:30 | INFO    | remote.screen | Ekran istemcisi bağlandı (toplam: 1)
2026-05-07 18:42:30 | INFO    | remote.screen | Ekran yakalama thread'i başlatıldı.
2026-05-07 18:42:30,211 | INFO    | uvicorn.error | connection open
2026-05-07 18:42:33,005 | INFO    | uvicorn.access | 5.229.80.34:0 - "GET /api/terminal/history HTTP/1.1" 200
2026-05-07 18:42:35,063 | INFO    | uvicorn.access | 5.229.80.34:0 - "GET /api/security/status HTTP/1.1" 200
2026-05-07 18:42:35,065 | INFO    | uvicorn.access | 5.229.80.34:0 - "GET /api/system/status HTTP/1.1" 200
2026-05-07 18:42:36,006 | INFO    | uvicorn.access | 5.229.80.34:0 - "GET /api/terminal/history HTTP/1.1" 200
2026-05-07 18:42:39,015 | INFO    | uvicorn.access | 5.229.80.34:0 - "GET /api/terminal/history HTTP/1.1" 200
2026-05-07 18:42:40,077 | INFO    | uvicorn.access | 5.229.80.34:0 - "GET /api/security/status HTTP/1.1" 200
2026-05-07 18:42:40,078 | INFO    | uvicorn.access | 5.229.80.34:0 - "GET /api/system/status HTTP/1.1" 200
2026-05-07 18:42:41,571 | INFO    | uvicorn.access | 5.229.80.34:0 - "POST /api/audio/mute HTTP/1.1" 200
2026-05-07 18:42:42,010 | INFO    | uvicorn.access | 5.229.80.34:0 - "GET /api/terminal/history HTTP/1.1" 200
2026-05-07 18:42:43,961 | INFO    | uvicorn.access | 5.229.80.34:0 - "POST /api/audio/volume HTTP/1.1" 200
2026-05-07 18:42:43,983 | INFO    | uvicorn.access | 5.229.80.34:0 - "POST /api/audio/mute HTTP/1.1" 200
2026-05-07 18:42:45,018 | INFO    | uvicorn.access | 5.229.80.34:0 - "GET /api/security/status HTTP/1.1" 200
2026-05-07 18:42:45,020 | INFO    | uvicorn.access | 5.229.80.34:0 - "GET /api/system/status HTTP/1.1" 200
2026-05-07 18:42:45,045 | INFO    | uvicorn.access | 5.229.80.34:0 - "GET /api/terminal/history HTTP/1.1" 200
2026-05-07 18:42:45,159 | INFO    | uvicorn.access | 5.229.80.34:0 - "POST /api/audio/volume HTTP/1.1" 200
2026-05-07 18:42:45,963 | INFO    | uvicorn.access | 5.229.80.34:0 - "POST /api/audio/volume HTTP/1.1" 200
2026-05-07 18:42:46,443 | INFO    | uvicorn.access | 5.229.80.34:0 - "POST /api/audio/volume HTTP/1.1" 200
2026-05-07 18:42:48,026 | INFO    | uvicorn.access | 5.229.80.34:0 - "GET /api/terminal/history HTTP/1.1" 200
2026-05-07 18:42:49 | INFO    | remote.server | Masaustu UI baslatildi.
2026-05-07 18:42:49,629 | INFO    | uvicorn.access | 5.229.80.34:0 - "POST /api/ui/launch HTTP/1.1" 200
2026-05-07 18:42:49,991 | INFO    | uvicorn.access | 5.229.80.34:0 - "GET /api/system/status HTTP/1.1" 200
2026-05-07 18:42:50,047 | INFO    | uvicorn.access | 5.229.80.34:0 - "GET /api/security/status HTTP/1.1" 200
2026-05-07 18:42:51,020 | INFO    | uvicorn.access | 5.229.80.34:0 - "GET /api/terminal/history HTTP/1.1" 200
2026-05-07 18:42:54,028 | INFO    | uvicorn.access | 5.229.80.34:0 - "GET /api/terminal/history HTTP/1.1" 200
2026-05-07 18:42:55,030 | INFO    | uvicorn.access | 5.229.80.34:0 - "GET /api/system/status HTTP/1.1" 200
2026-05-07 18:42:55,032 | INFO    | uvicorn.access | 5.229.80.34:0 - "GET /api/security/status HTTP/1.1" 200
2026-05-07 18:42:57,019 | INFO    | uvicorn.access | 5.229.80.34:0 - "GET /api/terminal/history HTTP/1.1" 200
2026-05-07 18:43:00,032 | INFO    | uvicorn.access | 5.229.80.34:0 - "GET /api/system/status HTTP/1.1" 200
2026-05-07 18:43:00,033 | INFO    | uvicorn.access | 5.229.80.34:0 - "GET /api/security/status HTTP/1.1" 200
2026-05-07 18:43:00,048 | INFO    | uvicorn.access | 5.229.80.34:0 - "GET /api/terminal/history HTTP/1.1" 200
2026-05-07 18:43:02 | INFO    | remote.terminal | Kullanıcı mesajı kuyruğa eklendi (async): Selam jarvis
2026-05-07 18:43:03,058 | INFO    | uvicorn.access | 5.229.80.34:0 - "GET /api/terminal/history HTTP/1.1" 200
2026-05-07 18:43:05,031 | INFO    | uvicorn.access | 5.229.80.34:0 - "GET /api/system/status HTTP/1.1" 200
2026-05-07 18:43:05,045 | INFO    | uvicorn.access | 5.229.80.34:0 - "GET /api/security/status HTTP/1.1" 200
2026-05-07 18:43:06,018 | INFO    | uvicorn.access | 5.229.80.34:0 - "GET /api/terminal/history HTTP/1.1" 200
2026-05-07 18:43:09,035 | INFO    | uvicorn.access | 5.229.80.34:0 - "GET /api/terminal/history HTTP/1.1" 200
2026-05-07 18:43:10,018 | INFO    | uvicorn.access | 5.229.80.34:0 - "GET /api/system/status HTTP/1.1" 200
2026-05-07 18:43:10,062 | INFO    | uvicorn.access | 5.229.80.34:0 - "GET /api/security/status HTTP/1.1" 200
2026-05-07 18:43:10,750 | ERROR   | uvicorn.error | keepalive ping failed
Traceback (most recent call last):
  File "C:\Users\Berat\Downloads\Mark-XXXIX-main - Kopya\Mark-XXXIX-main\venv\Lib\site-packages\websockets\legacy\protocol.py", line 1233, in keepalive_ping
    pong_waiter = await self.ping()
                  ^^^^^^^^^^^^^^^^^
  File "C:\Users\Berat\Downloads\Mark-XXXIX-main - Kopya\Mark-XXXIX-main\venv\Lib\site-packages\websockets\legacy\protocol.py", line 843, in ping
    await self.write_frame(True, OP_PING, data)
  File "C:\Users\Berat\Downloads\Mark-XXXIX-main - Kopya\Mark-XXXIX-main\venv\Lib\site-packages\websockets\legacy\protocol.py", line 1184, in write_frame
    await self.drain()
  File "C:\Users\Berat\Downloads\Mark-XXXIX-main - Kopya\Mark-XXXIX-main\venv\Lib\site-packages\websockets\legacy\protocol.py", line 1167, in drain
    await self._drain()
  File "C:\Users\Berat\Downloads\Mark-XXXIX-main - Kopya\Mark-XXXIX-main\venv\Lib\site-packages\websockets\legacy\protocol.py", line 328, in _drain
    await self._drain_helper()
  File "C:\Users\Berat\Downloads\Mark-XXXIX-main - Kopya\Mark-XXXIX-main\venv\Lib\site-packages\websockets\legacy\protocol.py", line 308, in _drain_helper
    assert waiter is None or waiter.cancelled()
           ^^^^^^^^^^^^^^^^^^^^^^^^^^^^^^^^^^^^
AssertionError
2026-05-07 18:43:12,010 | INFO    | uvicorn.access | 5.229.80.34:0 - "GET /api/terminal/history HTTP/1.1" 200
2026-05-07 18:43:15,041 | INFO    | uvicorn.access | 5.229.80.34:0 - "GET /api/system/status HTTP/1.1" 200
2026-05-07 18:43:15,048 | INFO    | uvicorn.access | 5.229.80.34:0 - "GET /api/security/status HTTP/1.1" 200
2026-05-07 18:43:15,056 | INFO    | uvicorn.access | 5.229.80.34:0 - "GET /api/terminal/history HTTP/1.1" 200
2026-05-07 18:43:17,503 | INFO    | uvicorn.access | 5.229.80.34:0 - "POST /api/terminal/send HTTP/1.1" 200
2026-05-07 18:43:18,043 | INFO    | uvicorn.access | 5.229.80.34:0 - "GET /api/terminal/history HTTP/1.1" 200
2026-05-07 18:43:20,035 | INFO    | uvicorn.access | 5.229.80.34:0 - "GET /api/system/status HTTP/1.1" 200
2026-05-07 18:43:20,046 | INFO    | uvicorn.access | 5.229.80.34:0 - "GET /api/security/status HTTP/1.1" 200
2026-05-07 18:43:20,992 | INFO    | uvicorn.access | 5.229.80.34:0 - "GET /api/terminal/history HTTP/1.1" 200
2026-05-07 18:43:24,012 | INFO    | uvicorn.access | 5.229.80.34:0 - "GET /api/terminal/history HTTP/1.1" 200
2026-05-07 18:43:25,006 | INFO    | uvicorn.access | 5.229.80.34:0 - "GET /api/system/status HTTP/1.1" 200
2026-05-07 18:43:25,022 | INFO    | uvicorn.access | 5.229.80.34:0 - "GET /api/security/status HTTP/1.1" 200
2026-05-07 18:43:27,091 | INFO    | uvicorn.access | 5.229.80.34:0 - "GET /api/terminal/history HTTP/1.1" 200
2026-05-07 18:43:29 | INFO    | remote.server | Masaustu UI baslatildi.
2026-05-07 18:43:29,594 | INFO    | uvicorn.access | 5.229.80.34:0 - "POST /api/ui/launch HTTP/1.1" 200
2026-05-07 18:43:30,064 | INFO    | uvicorn.access | 5.229.80.34:0 - "GET /api/system/status HTTP/1.1" 200
2026-05-07 18:43:30,066 | INFO    | uvicorn.access | 5.229.80.34:0 - "GET /api/terminal/history HTTP/1.1" 200
2026-05-07 18:43:30,066 | INFO    | uvicorn.access | 5.229.80.34:0 - "GET /api/security/status HTTP/1.1" 200
2026-05-07 18:43:31 | INFO    | remote.server | Masaustu UI baslatildi.
2026-05-07 18:43:31,198 | INFO    | uvicorn.access | 5.229.80.34:0 - "POST /api/ui/launch HTTP/1.1" 200
2026-05-07 18:43:33,027 | INFO    | uvicorn.access | 5.229.80.34:0 - "GET /api/terminal/history HTTP/1.1" 200
2026-05-07 18:43:35,028 | INFO    | uvicorn.access | 5.229.80.34:0 - "GET /api/system/status HTTP/1.1" 200
2026-05-07 18:43:35,041 | INFO    | uvicorn.access | 5.229.80.34:0 - "GET /api/security/status HTTP/1.1" 200
2026-05-07 18:43:35,999 | INFO    | uvicorn.access | 5.229.80.34:0 - "GET /api/terminal/history HTTP/1.1" 200
2026-05-07 18:43:39,072 | INFO    | uvicorn.access | 5.229.80.34:0 - "GET /api/terminal/history HTTP/1.1" 200
2026-05-07 18:43:40,056 | INFO    | uvicorn.access | 5.229.80.34:0 - "GET /api/security/status HTTP/1.1" 200
2026-05-07 18:43:40,057 | INFO    | uvicorn.access | 5.229.80.34:0 - "GET /api/system/status HTTP/1.1" 200
2026-05-07 18:43:42,000 | INFO    | uvicorn.access | 5.229.80.34:0 - "GET /api/terminal/history HTTP/1.1" 200
2026-05-07 18:43:45,046 | INFO    | uvicorn.access | 5.229.80.34:0 - "GET /api/system/status HTTP/1.1" 200
2026-05-07 18:43:45,048 | INFO    | uvicorn.access | 5.229.80.34:0 - "GET /api/terminal/history HTTP/1.1" 200
2026-05-07 18:43:45,048 | INFO    | uvicorn.access | 5.229.80.34:0 - "GET /api/security/status HTTP/1.1" 200
2026-05-07 18:43:48,088 | INFO    | uvicorn.access | 5.229.80.34:0 - "GET /api/terminal/history HTTP/1.1" 200
2026-05-07 18:43:50,007 | INFO    | uvicorn.access | 5.229.80.34:0 - "GET /api/system/status HTTP/1.1" 200
2026-05-07 18:43:50,060 | INFO    | uvicorn.access | 5.229.80.34:0 - "GET /api/security/status HTTP/1.1" 200
2026-05-07 18:43:51,014 | INFO    | uvicorn.access | 5.229.80.34:0 - "GET /api/terminal/history HTTP/1.1" 200
2026-05-07 18:43:54,009 | INFO    | uvicorn.access | 5.229.80.34:0 - "GET /api/terminal/history HTTP/1.1" 200
2026-05-07 18:43:55,030 | INFO    | uvicorn.access | 5.229.80.34:0 - "GET /api/system/status HTTP/1.1" 200
2026-05-07 18:43:55,055 | INFO    | uvicorn.access | 5.229.80.34:0 - "GET /api/security/status HTTP/1.1" 200
2026-05-07 18:43:57,059 | INFO    | uvicorn.access | 5.229.80.34:0 - "GET /api/terminal/history HTTP/1.1" 200
2026-05-07 18:44:00,009 | INFO    | uvicorn.access | 5.229.80.34:0 - "GET /api/system/status HTTP/1.1" 200
2026-05-07 18:44:00,020 | INFO    | uvicorn.access | 5.229.80.34:0 - "GET /api/security/status HTTP/1.1" 200
2026-05-07 18:44:00,021 | INFO    | uvicorn.access | 5.229.80.34:0 - "GET /api/terminal/history HTTP/1.1" 200
2026-05-07 18:44:03,044 | INFO    | uvicorn.access | 5.229.80.34:0 - "GET /api/terminal/history HTTP/1.1" 200
2026-05-07 18:44:05,047 | INFO    | uvicorn.access | 5.229.80.34:0 - "GET /api/security/status HTTP/1.1" 200
2026-05-07 18:44:05,048 | INFO    | uvicorn.access | 5.229.80.34:0 - "GET /api/system/status HTTP/1.1" 200
2026-05-07 18:44:06,020 | INFO    | uvicorn.access | 5.229.80.34:0 - "GET /api/terminal/history HTTP/1.1" 200
2026-05-07 18:44:09,161 | INFO    | uvicorn.access | 5.229.80.34:0 - "GET /api/terminal/history HTTP/1.1" 200
2026-05-07 18:44:10,056 | INFO    | uvicorn.access | 5.229.80.34:0 - "GET /api/system/status HTTP/1.1" 200
2026-05-07 18:44:10,076 | INFO    | uvicorn.access | 5.229.80.34:0 - "GET /api/security/status HTTP/1.1" 200
2026-05-07 18:44:12,003 | INFO    | uvicorn.access | 5.229.80.34:0 - "GET /api/terminal/history HTTP/1.1" 200
2026-05-07 18:44:15,067 | INFO    | uvicorn.access | 5.229.80.34:0 - "GET /api/terminal/history HTTP/1.1" 200
2026-05-07 18:44:15,072 | INFO    | uvicorn.access | 5.229.80.34:0 - "GET /api/system/status HTTP/1.1" 200
2026-05-07 18:44:15,073 | INFO    | uvicorn.access | 5.229.80.34:0 - "GET /api/security/status HTTP/1.1" 200
2026-05-07 18:44:18,025 | INFO    | uvicorn.access | 5.229.80.34:0 - "GET /api/terminal/history HTTP/1.1" 200
2026-05-07 18:44:20,022 | INFO    | uvicorn.access | 5.229.80.34:0 - "GET /api/system/status HTTP/1.1" 200
2026-05-07 18:44:20,038 | INFO    | uvicorn.access | 5.229.80.34:0 - "GET /api/security/status HTTP/1.1" 200
2026-05-07 18:44:21,024 | INFO    | uvicorn.access | 5.229.80.34:0 - "GET /api/terminal/history HTTP/1.1" 200
2026-05-07 18:44:24,088 | INFO    | uvicorn.access | 5.229.80.34:0 - "GET /api/terminal/history HTTP/1.1" 200
2026-05-07 18:44:25,016 | INFO    | uvicorn.access | 5.229.80.34:0 - "GET /api/system/status HTTP/1.1" 200
2026-05-07 18:44:25,067 | INFO    | uvicorn.access | 5.229.80.34:0 - "GET /api/security/status HTTP/1.1" 200
2026-05-07 18:44:27,044 | INFO    | uvicorn.access | 5.229.80.34:0 - "GET /api/terminal/history HTTP/1.1" 200
2026-05-07 18:44:30,035 | INFO    | uvicorn.access | 5.229.80.34:0 - "GET /api/system/status HTTP/1.1" 200
2026-05-07 18:44:30,036 | INFO    | uvicorn.access | 5.229.80.34:0 - "GET /api/security/status HTTP/1.1" 200
2026-05-07 18:44:30,037 | INFO    | uvicorn.access | 5.229.80.34:0 - "GET /api/terminal/history HTTP/1.1" 200
2026-05-07 18:44:33,057 | INFO    | uvicorn.access | 5.229.80.34:0 - "GET /api/terminal/history HTTP/1.1" 200
2026-05-07 18:44:35,007 | INFO    | uvicorn.access | 5.229.80.34:0 - "GET /api/system/status HTTP/1.1" 200
2026-05-07 18:44:35,015 | INFO    | uvicorn.access | 5.229.80.34:0 - "GET /api/security/status HTTP/1.1" 200
2026-05-07 18:44:36,015 | INFO    | uvicorn.access | 5.229.80.34:0 - "GET /api/terminal/history HTTP/1.1" 200
2026-05-07 18:44:39,062 | INFO    | uvicorn.access | 5.229.80.34:0 - "GET /api/terminal/history HTTP/1.1" 200
2026-05-07 18:44:40,050 | INFO    | uvicorn.access | 5.229.80.34:0 - "GET /api/system/status HTTP/1.1" 200
2026-05-07 18:44:40,080 | INFO    | uvicorn.access | 5.229.80.34:0 - "GET /api/security/status HTTP/1.1" 200
2026-05-07 18:44:42,008 | INFO    | uvicorn.access | 5.229.80.34:0 - "GET /api/terminal/history HTTP/1.1" 200
2026-05-07 18:44:45,058 | INFO    | uvicorn.access | 5.229.80.34:0 - "GET /api/system/status HTTP/1.1" 200
2026-05-07 18:44:45,059 | INFO    | uvicorn.access | 5.229.80.34:0 - "GET /api/terminal/history HTTP/1.1" 200
2026-05-07 18:44:45,062 | INFO    | uvicorn.access | 5.229.80.34:0 - "GET /api/security/status HTTP/1.1" 200
2026-05-07 18:44:48,014 | INFO    | uvicorn.access | 5.229.80.34:0 - "GET /api/terminal/history HTTP/1.1" 200
2026-05-07 18:44:50,103 | INFO    | uvicorn.access | 5.229.80.34:0 - "GET /api/system/status HTTP/1.1" 200
2026-05-07 18:44:50,172 | INFO    | uvicorn.access | 5.229.80.34:0 - "GET /api/security/status HTTP/1.1" 200
2026-05-07 18:44:51,019 | INFO    | uvicorn.access | 5.229.80.34:0 - "GET /api/terminal/history HTTP/1.1" 200
2026-05-07 18:44:54,011 | INFO    | uvicorn.access | 5.229.80.34:0 - "GET /api/terminal/history HTTP/1.1" 200
2026-05-07 18:44:55,036 | INFO    | uvicorn.access | 5.229.80.34:0 - "GET /api/system/status HTTP/1.1" 200
2026-05-07 18:44:55,037 | INFO    | uvicorn.access | 5.229.80.34:0 - "GET /api/security/status HTTP/1.1" 200
2026-05-07 18:44:57,028 | INFO    | uvicorn.access | 5.229.80.34:0 - "GET /api/terminal/history HTTP/1.1" 200
2026-05-07 18:45:00,013 | INFO    | uvicorn.access | 5.229.80.34:0 - "GET /api/system/status HTTP/1.1" 200
2026-05-07 18:45:00,026 | INFO    | uvicorn.access | 5.229.80.34:0 - "GET /api/security/status HTTP/1.1" 200
2026-05-07 18:45:00,027 | INFO    | uvicorn.access | 5.229.80.34:0 - "GET /api/terminal/history HTTP/1.1" 200
2026-05-07 18:45:03,032 | INFO    | uvicorn.access | 5.229.80.34:0 - "GET /api/terminal/history HTTP/1.1" 200
2026-05-07 18:45:05,030 | INFO    | uvicorn.access | 5.229.80.34:0 - "GET /api/system/status HTTP/1.1" 200
2026-05-07 18:45:05,037 | INFO    | uvicorn.access | 5.229.80.34:0 - "GET /api/security/status HTTP/1.1" 200
2026-05-07 18:45:06,015 | INFO    | uvicorn.access | 5.229.80.34:0 - "GET /api/terminal/history HTTP/1.1" 200
2026-05-07 18:45:09,044 | INFO    | uvicorn.access | 5.229.80.34:0 - "GET /api/terminal/history HTTP/1.1" 200
2026-05-07 18:45:10,038 | INFO    | uvicorn.access | 5.229.80.34:0 - "GET /api/security/status HTTP/1.1" 200
2026-05-07 18:45:10,039 | INFO    | uvicorn.access | 5.229.80.34:0 - "GET /api/system/status HTTP/1.1" 200
2026-05-07 18:45:12,010 | INFO    | uvicorn.access | 5.229.80.34:0 - "GET /api/terminal/history HTTP/1.1" 200
2026-05-07 18:45:15,034 | INFO    | uvicorn.access | 5.229.80.34:0 - "GET /api/terminal/history HTTP/1.1" 200
2026-05-07 18:45:15,036 | INFO    | uvicorn.access | 5.229.80.34:0 - "GET /api/system/status HTTP/1.1" 200
2026-05-07 18:45:15,037 | INFO    | uvicorn.access | 5.229.80.34:0 - "GET /api/security/status HTTP/1.1" 200
2026-05-07 18:45:18,004 | INFO    | uvicorn.access | 5.229.80.34:0 - "GET /api/terminal/history HTTP/1.1" 200
2026-05-07 18:45:20,029 | INFO    | uvicorn.access | 5.229.80.34:0 - "GET /api/system/status HTTP/1.1" 200
2026-05-07 18:45:20,036 | INFO    | uvicorn.access | 5.229.80.34:0 - "GET /api/security/status HTTP/1.1" 200
2026-05-07 18:45:21,030 | INFO    | uvicorn.access | 5.229.80.34:0 - "GET /api/terminal/history HTTP/1.1" 200
2026-05-07 18:45:24,065 | INFO    | uvicorn.access | 5.229.80.34:0 - "GET /api/terminal/history HTTP/1.1" 200
2026-05-07 18:45:25,011 | INFO    | uvicorn.access | 5.229.80.34:0 - "GET /api/system/status HTTP/1.1" 200
2026-05-07 18:45:25,021 | INFO    | uvicorn.access | 5.229.80.34:0 - "GET /api/security/status HTTP/1.1" 200
2026-05-07 18:45:27,013 | INFO    | uvicorn.access | 5.229.80.34:0 - "GET /api/terminal/history HTTP/1.1" 200
2026-05-07 18:45:30,051 | INFO    | uvicorn.access | 5.229.80.34:0 - "GET /api/system/status HTTP/1.1" 200
2026-05-07 18:45:30,078 | INFO    | uvicorn.access | 5.229.80.34:0 - "GET /api/security/status HTTP/1.1" 200
2026-05-07 18:45:30,080 | INFO    | uvicorn.access | 5.229.80.34:0 - "GET /api/terminal/history HTTP/1.1" 200
2026-05-07 18:45:32,998 | INFO    | uvicorn.access | 5.229.80.34:0 - "GET /api/terminal/history HTTP/1.1" 200
2026-05-07 18:45:35,072 | INFO    | uvicorn.access | 5.229.80.34:0 - "GET /api/security/status HTTP/1.1" 200
2026-05-07 18:45:35,081 | INFO    | uvicorn.access | 5.229.80.34:0 - "GET /api/system/status HTTP/1.1" 200
2026-05-07 18:45:36,011 | INFO    | uvicorn.access | 5.229.80.34:0 - "GET /api/terminal/history HTTP/1.1" 200
2026-05-07 18:45:39,019 | INFO    | uvicorn.access | 5.229.80.34:0 - "GET /api/terminal/history HTTP/1.1" 200
2026-05-07 18:45:40,055 | INFO    | uvicorn.access | 5.229.80.34:0 - "GET /api/system/status HTTP/1.1" 200
2026-05-07 18:45:40,077 | INFO    | uvicorn.access | 5.229.80.34:0 - "GET /api/security/status HTTP/1.1" 200
2026-05-07 18:45:42,024 | INFO    | uvicorn.access | 5.229.80.34:0 - "GET /api/terminal/history HTTP/1.1" 200
2026-05-07 18:45:45,060 | INFO    | uvicorn.access | 5.229.80.34:0 - "GET /api/system/status HTTP/1.1" 200
2026-05-07 18:45:45,061 | INFO    | uvicorn.access | 5.229.80.34:0 - "GET /api/security/status HTTP/1.1" 200
2026-05-07 18:45:45,068 | INFO    | uvicorn.access | 5.229.80.34:0 - "GET /api/terminal/history HTTP/1.1" 200
2026-05-07 18:45:48,046 | INFO    | uvicorn.access | 5.229.80.34:0 - "GET /api/terminal/history HTTP/1.1" 200
2026-05-07 18:45:50,027 | INFO    | uvicorn.access | 5.229.80.34:0 - "GET /api/system/status HTTP/1.1" 200
2026-05-07 18:45:50,047 | INFO    | uvicorn.access | 5.229.80.34:0 - "GET /api/security/status HTTP/1.1" 200
2026-05-07 18:45:51,058 | INFO    | uvicorn.access | 5.229.80.34:0 - "GET /api/terminal/history HTTP/1.1" 200
2026-05-07 18:45:54,028 | INFO    | uvicorn.access | 5.229.80.34:0 - "GET /api/terminal/history HTTP/1.1" 200
2026-05-07 18:45:55,058 | INFO    | uvicorn.access | 5.229.80.34:0 - "GET /api/system/status HTTP/1.1" 200
2026-05-07 18:45:55,062 | INFO    | uvicorn.access | 5.229.80.34:0 - "GET /api/security/status HTTP/1.1" 200
2026-05-07 18:45:57,335 | INFO    | uvicorn.access | 5.229.80.34:0 - "GET /api/terminal/history HTTP/1.1" 200
2026-05-07 18:46:00,065 | INFO    | uvicorn.access | 5.229.80.34:0 - "GET /api/terminal/history HTTP/1.1" 200
2026-05-07 18:46:00,067 | INFO    | uvicorn.access | 5.229.80.34:0 - "GET /api/security/status HTTP/1.1" 200
2026-05-07 18:46:00,068 | INFO    | uvicorn.access | 5.229.80.34:0 - "GET /api/system/status HTTP/1.1" 200
2026-05-07 18:46:03,040 | INFO    | uvicorn.access | 5.229.80.34:0 - "GET /api/terminal/history HTTP/1.1" 200
2026-05-07 18:46:05,180 | INFO    | uvicorn.access | 5.229.80.34:0 - "GET /api/system/status HTTP/1.1" 200
2026-05-07 18:46:05,186 | INFO    | uvicorn.access | 5.229.80.34:0 - "GET /api/security/status HTTP/1.1" 200
2026-05-07 18:46:06,487 | INFO    | uvicorn.access | 5.229.80.34:0 - "GET /api/terminal/history HTTP/1.1" 200
2026-05-07 18:46:09,761 | INFO    | uvicorn.access | 5.229.80.34:0 - "GET /api/terminal/history HTTP/1.1" 200
2026-05-07 18:46:11,078 | INFO    | uvicorn.access | 5.229.80.34:0 - "GET /api/system/status HTTP/1.1" 200
2026-05-07 18:46:11,094 | INFO    | uvicorn.access | 5.229.80.34:0 - "GET /api/security/status HTTP/1.1" 200
2026-05-07 18:46:12,566 | INFO    | uvicorn.error | connection closed
2026-05-07 18:46:12 | INFO    | remote.screen | Ekran istemcisi ayrıldı (kalan: 0)
2026-05-07 18:46:12 | INFO    | remote.screen | Ekran yakalama thread'i durduruldu.
2026-05-07 20:39:43 | INFO    | remote       | ============================================================
2026-05-07 20:39:43 | INFO    | remote       |   JARVIS UZAKTAN KONTROL SISTEMI v1.0
2026-05-07 20:39:43 | INFO    | remote       | ============================================================
2026-05-07 20:39:43 | INFO    | remote       | Cihaz     : DESKTOP-H2DGAQ3
2026-05-07 20:39:43 | INFO    | remote       | Yerel IP  : 192.168.1.165
2026-05-07 20:39:43 | INFO    | remote       | Port      : 8765
2026-05-07 20:39:43 | INFO    | remote       | ntfy konu : jarvis-Web
2026-05-07 20:39:43 | INFO    | remote       | ============================================================
2026-05-07 20:39:43 | INFO    | remote.ntfy  | NtfyClient hazir -> https://ntfy.sh/jarvis-Web
2026-05-07 20:39:43 | INFO    | remote.auth  | Yeni oturum anahtarı oluşturuldu.
2026-05-07 20:39:43 | INFO    | remote       | Oturum anahtarı oluşturuldu: YOka1LCO160uRZOc…
2026-05-07 20:39:43 | INFO    | remote.terminal | Terminal aracı başlatıldı (Masaüstü Jarvis ile iletişim kurulacak)
2026-05-07 20:39:43 | INFO    | remote.security | MAC tarayıcı başlatıldı — Hedef: fe:84:34:6f:d8:10, Aralık: 60s
2026-05-07 20:39:43 | INFO    | remote       | Sunucunun tamamen hazir olmasi icin 5 saniye bekleniyor...
2026-05-07 20:39:43 | INFO    | remote.tray  | Sistem tepsisi (tray) simgesi başlatıldı.
2026-05-07 20:39:43 | INFO    | remote.security | Ilk tarama: Güvenilir cihaz agda bulunamadi (6 cihaz tespit edildi)
2026-05-07 20:39:43 | INFO    | remote       | FastAPI sunucusu baslatiliyor -> http://127.0.0.1:8765
2026-05-07 20:39:43,384 | INFO    | uvicorn.error | Started server process [17256]
2026-05-07 20:39:43,384 | INFO    | uvicorn.error | Waiting for application startup.
2026-05-07 20:39:43,384 | INFO    | uvicorn.error | Application startup complete.
2026-05-07 20:39:43,384 | ERROR   | uvicorn.error | [Errno 10048] error while attempting to bind on address ('127.0.0.1', 8765): normal olarak her yuva adresi (iletişim kuralı/ağ adresi/bağlantı noktası) için yalnızca bir kullanıma izin veriliyor
2026-05-07 20:39:43,384 | INFO    | uvicorn.error | Waiting for application shutdown.
2026-05-07 20:39:43,384 | INFO    | uvicorn.error | Application shutdown complete.
2026-05-07 20:39:43 | INFO    | remote.ntfy  | Bildirim gönderildi (Guvenlik Uyarisi) [HTTP 200]
2026-05-07 20:39:48 | INFO    | remote.cloudflare | cloudflared baslatiliyor: C:\Users\Berat\AppData\Local\Microsoft\WinGet\Links\cloudflared.EXE tunnel --url http://127.0.0.1:8765
2026-05-07 20:39:48 | INFO    | remote.cloudflare | Tünel yöneticisi başlatıldı (port=8765)
2026-05-07 20:39:52 | INFO    | remote.cloudflare | Tünel URL: https://switched-dynamic-sugar-deny.trycloudflare.com
2026-05-07 20:39:52 | INFO    | remote       | Tunel hazir: https://switched-dynamic-sugar-deny.trycloudflare.com
2026-05-07 20:39:55 | INFO    | remote.auth  | Yeni oturum anahtarı oluşturuldu.
2026-05-07 20:39:56 | INFO    | remote.ntfy  | Bildirim gönderildi (Tunel Hazir) [HTTP 200]
2026-05-07 20:39:56 | INFO    | remote.ntfy  | Bildirim gönderildi (Giris Anahtari) [HTTP 200]
2026-05-07 20:39:56 | INFO    | remote       | Yeni oturum anahtari gonderildi.
2026-05-07 20:40:04 | INFO    | remote.server | Login sayfasi talep edildi. IP: 85.106.157.114
2026-05-07 20:40:04,293 | INFO    | uvicorn.access | 85.106.157.114:0 - "GET / HTTP/1.1" 200
2026-05-07 20:40:04,696 | INFO    | uvicorn.access | 85.106.157.114:0 - "GET /static/style.css HTTP/1.1" 200
2026-05-07 20:40:05,232 | INFO    | uvicorn.access | 85.106.157.114:0 - "GET /api/auth/status HTTP/1.1" 200
2026-05-07 20:40:14 | WARNING | remote.auth  | Hatalı oturum anahtarı: 85.106.157.114
2026-05-07 20:40:14,013 | INFO    | uvicorn.access | 85.106.157.114:0 - "POST /api/auth/token HTTP/1.1" 401
2026-05-07 20:40:32 | WARNING | remote.auth  | Hatalı oturum anahtarı: 85.106.157.114
2026-05-07 20:40:32,356 | INFO    | uvicorn.access | 85.106.157.114:0 - "POST /api/auth/token HTTP/1.1" 401
2026-05-07 20:40:39 | WARNING | remote.auth  | Hatalı oturum anahtarı: 85.106.157.114
2026-05-07 20:40:39,156 | INFO    | uvicorn.access | 85.106.157.114:0 - "POST /api/auth/token HTTP/1.1" 401
2026-05-07 20:40:58 | WARNING | remote.auth  | Hatalı oturum anahtarı: 85.106.157.114
2026-05-07 20:40:58,755 | INFO    | uvicorn.access | 85.106.157.114:0 - "POST /api/auth/token HTTP/1.1" 401
2026-05-07 20:41:20 | WARNING | remote.auth  | Hatalı oturum anahtarı: 85.106.157.114
2026-05-07 20:41:20,897 | INFO    | uvicorn.access | 85.106.157.114:0 - "POST /api/auth/token HTTP/1.1" 401
2026-05-07 20:41:22 | WARNING | remote.auth  | IP hız sınırına ulaştı: 85.106.157.114
2026-05-07 20:41:22,249 | INFO    | uvicorn.access | 85.106.157.114:0 - "POST /api/auth/token HTTP/1.1" 401
2026-05-07 20:41:37 | INFO    | remote.tray  | Kullanıcı tray üzerinden çıkış talep etti.
2026-05-07 20:41:37 | INFO    | remote       | Sistem kapatiliyor...
2026-05-07 20:41:37 | INFO    | remote.cloudflare | Tünel durduruldu.
2026-05-07 20:41:37 | INFO    | remote.security | MAC tarayıcı durduruldu.
2026-05-07 20:41:37 | INFO    | remote       | Gule gule!
2026-05-07 20:41:38 | INFO    | remote.tray  | Kullanıcı tray üzerinden çıkış talep etti.
2026-05-07 20:41:38 | INFO    | remote       | Sistem kapatiliyor...
2026-05-07 20:41:38 | INFO    | remote.cloudflare | Tünel durduruldu.
2026-05-07 20:41:38 | INFO    | remote.security | MAC tarayıcı durduruldu.
2026-05-07 20:41:38 | INFO    | remote       | Gule gule!
2026-05-07 20:41:41 | INFO    | remote       | ============================================================
2026-05-07 20:41:41 | INFO    | remote       |   JARVIS UZAKTAN KONTROL SISTEMI v1.0
2026-05-07 20:41:41 | INFO    | remote       | ============================================================
2026-05-07 20:41:41 | INFO    | remote       | Cihaz     : DESKTOP-H2DGAQ3
2026-05-07 20:41:41 | INFO    | remote       | Yerel IP  : 192.168.1.165
2026-05-07 20:41:41 | INFO    | remote       | Port      : 8765
2026-05-07 20:41:41 | INFO    | remote       | ntfy konu : jarvis-Web
2026-05-07 20:41:41 | INFO    | remote       | ============================================================
2026-05-07 20:41:41 | INFO    | remote.ntfy  | NtfyClient hazir -> https://ntfy.sh/jarvis-Web
2026-05-07 20:41:41 | INFO    | remote.auth  | Yeni oturum anahtarı oluşturuldu.
2026-05-07 20:41:41 | INFO    | remote       | Oturum anahtarı oluşturuldu: nYW74uZ0zg7xkfgA…
2026-05-07 20:41:41 | INFO    | remote.terminal | Terminal aracı başlatıldı (Masaüstü Jarvis ile iletişim kurulacak)
2026-05-07 20:41:41 | INFO    | remote.security | MAC tarayıcı başlatıldı — Hedef: fe:84:34:6f:d8:10, Aralık: 60s
2026-05-07 20:41:41 | INFO    | remote       | Sunucunun tamamen hazir olmasi icin 5 saniye bekleniyor...
2026-05-07 20:41:41 | INFO    | remote.tray  | Sistem tepsisi (tray) simgesi başlatıldı.
2026-05-07 20:41:41 | INFO    | remote.security | Ilk tarama: Güvenilir cihaz agda bulunamadi (6 cihaz tespit edildi)
2026-05-07 20:41:41 | INFO    | remote       | FastAPI sunucusu baslatiliyor -> http://127.0.0.1:8765
2026-05-07 20:41:41,501 | INFO    | uvicorn.error | Started server process [6624]
2026-05-07 20:41:41,501 | INFO    | uvicorn.error | Waiting for application startup.
2026-05-07 20:41:41,501 | INFO    | uvicorn.error | Application startup complete.
2026-05-07 20:41:41,501 | INFO    | uvicorn.error | Uvicorn running on http://127.0.0.1:8765 (Press CTRL+C to quit)
2026-05-07 20:41:42 | INFO    | remote.ntfy  | Bildirim gönderildi (Guvenlik Uyarisi) [HTTP 200]
2026-05-07 20:41:43 | INFO    | remote       | ============================================================
2026-05-07 20:41:43 | INFO    | remote       |   JARVIS UZAKTAN KONTROL SISTEMI v1.0
2026-05-07 20:41:43 | INFO    | remote       | ============================================================
2026-05-07 20:41:43 | INFO    | remote       | Cihaz     : DESKTOP-H2DGAQ3
2026-05-07 20:41:43 | INFO    | remote       | Yerel IP  : 192.168.1.165
2026-05-07 20:41:43 | INFO    | remote       | Port      : 8765
2026-05-07 20:41:43 | INFO    | remote       | ntfy konu : jarvis-Web
2026-05-07 20:41:43 | INFO    | remote       | ============================================================
2026-05-07 20:41:43 | INFO    | remote.ntfy  | NtfyClient hazir -> https://ntfy.sh/jarvis-Web
2026-05-07 20:41:43 | INFO    | remote.auth  | Yeni oturum anahtarı oluşturuldu.
2026-05-07 20:41:43 | INFO    | remote       | Oturum anahtarı oluşturuldu: MxCnkF595oO-uMaR…
2026-05-07 20:41:43 | INFO    | remote.terminal | Terminal aracı başlatıldı (Masaüstü Jarvis ile iletişim kurulacak)
2026-05-07 20:41:43 | INFO    | remote.security | MAC tarayıcı başlatıldı — Hedef: fe:84:34:6f:d8:10, Aralık: 60s
2026-05-07 20:41:43 | INFO    | remote       | Sunucunun tamamen hazir olmasi icin 5 saniye bekleniyor...
2026-05-07 20:41:43 | INFO    | remote.tray  | Sistem tepsisi (tray) simgesi başlatıldı.
2026-05-07 20:41:43 | INFO    | remote.security | Ilk tarama: Güvenilir cihaz agda bulunamadi (6 cihaz tespit edildi)
2026-05-07 20:41:43 | INFO    | remote       | FastAPI sunucusu baslatiliyor -> http://127.0.0.1:8765
2026-05-07 20:41:43,659 | INFO    | uvicorn.error | Started server process [15976]
2026-05-07 20:41:43,659 | INFO    | uvicorn.error | Waiting for application startup.
2026-05-07 20:41:43,660 | INFO    | uvicorn.error | Application startup complete.
2026-05-07 20:41:43,660 | ERROR   | uvicorn.error | [Errno 10048] error while attempting to bind on address ('127.0.0.1', 8765): normal olarak her yuva adresi (iletişim kuralı/ağ adresi/bağlantı noktası) için yalnızca bir kullanıma izin veriliyor
2026-05-07 20:41:43,661 | INFO    | uvicorn.error | Waiting for application shutdown.
2026-05-07 20:41:43,661 | INFO    | uvicorn.error | Application shutdown complete.
2026-05-07 20:41:44 | INFO    | remote.ntfy  | Bildirim gönderildi (Guvenlik Uyarisi) [HTTP 200]
2026-05-07 20:41:46 | INFO    | remote.cloudflare | cloudflared baslatiliyor: C:\Users\Berat\AppData\Local\Microsoft\WinGet\Links\cloudflared.EXE tunnel --url http://127.0.0.1:8765
2026-05-07 20:41:46 | INFO    | remote.cloudflare | Tünel yöneticisi başlatıldı (port=8765)
2026-05-07 20:41:48 | INFO    | remote.cloudflare | cloudflared baslatiliyor: C:\Users\Berat\AppData\Local\Microsoft\WinGet\Links\cloudflared.EXE tunnel --url http://127.0.0.1:8765
2026-05-07 20:41:48 | INFO    | remote.cloudflare | Tünel yöneticisi başlatıldı (port=8765)
2026-05-07 20:41:52 | INFO    | remote.cloudflare | Tünel URL: https://authorized-diego-upc-wesley.trycloudflare.com
2026-05-07 20:41:52 | INFO    | remote       | Tunel hazir: https://authorized-diego-upc-wesley.trycloudflare.com
2026-05-07 20:41:53 | INFO    | remote.cloudflare | Tünel URL: https://crowd-called-remains-critical.trycloudflare.com
2026-05-07 20:41:53 | INFO    | remote       | Tunel hazir: https://crowd-called-remains-critical.trycloudflare.com
2026-05-07 20:41:55 | INFO    | remote.auth  | Yeni oturum anahtarı oluşturuldu.
2026-05-07 20:41:55 | INFO    | remote.ntfy  | Bildirim gönderildi (Tunel Hazir) [HTTP 200]
2026-05-07 20:41:55 | INFO    | remote.ntfy  | Bildirim gönderildi (Giris Anahtari) [HTTP 200]
2026-05-07 20:41:55 | INFO    | remote       | Yeni oturum anahtari gonderildi.
2026-05-07 20:41:56 | INFO    | remote.auth  | Yeni oturum anahtarı oluşturuldu.
2026-05-07 20:41:56 | INFO    | remote.ntfy  | Bildirim gönderildi (Tunel Hazir) [HTTP 200]
2026-05-07 20:41:56 | INFO    | remote.ntfy  | Bildirim gönderildi (Giris Anahtari) [HTTP 200]
2026-05-07 20:41:56 | INFO    | remote       | Yeni oturum anahtari gonderildi.
2026-05-07 20:42:05 | INFO    | remote.server | Login sayfasi talep edildi. IP: 85.106.157.114
2026-05-07 20:42:05,861 | INFO    | uvicorn.access | 85.106.157.114:0 - "GET / HTTP/1.1" 200
2026-05-07 20:42:06,073 | INFO    | uvicorn.access | 85.106.157.114:0 - "GET /static/style.css HTTP/1.1" 200
2026-05-07 20:42:06,471 | INFO    | uvicorn.access | 85.106.157.114:0 - "GET /api/auth/status HTTP/1.1" 200
2026-05-07 20:42:08 | INFO    | remote.server | Login sayfasi talep edildi. IP: 66.102.9.32
2026-05-07 20:42:08,245 | INFO    | uvicorn.access | 66.102.9.32:0 - "GET / HTTP/1.1" 200
2026-05-07 20:42:08 | INFO    | remote.server | Login sayfasi talep edildi. IP: 66.102.9.38
2026-05-07 20:42:08,613 | INFO    | uvicorn.access | 66.102.9.38:0 - "GET / HTTP/1.1" 200
2026-05-07 20:42:08 | INFO    | remote.server | Login sayfasi talep edildi. IP: 66.102.9.36
2026-05-07 20:42:08,650 | INFO    | uvicorn.access | 66.102.9.36:0 - "GET / HTTP/1.1" 200
2026-05-07 20:42:08,806 | INFO    | uvicorn.access | 66.102.9.33:0 - "GET /static/style.css HTTP/1.1" 200
2026-05-07 20:42:08,874 | INFO    | uvicorn.access | 66.102.9.33:0 - "GET /static/style.css HTTP/1.1" 200
2026-05-07 20:42:08,989 | INFO    | uvicorn.access | 66.102.9.38:0 - "GET /api/auth/status HTTP/1.1" 200
2026-05-07 20:42:14 | WARNING | remote.auth  | Hatalı oturum anahtarı: 85.106.157.114
2026-05-07 20:42:14,347 | INFO    | uvicorn.access | 85.106.157.114:0 - "POST /api/auth/token HTTP/1.1" 401
2026-05-07 20:42:19 | INFO    | remote.tray  | Kullanıcı tray üzerinden bildirim gönderimi talep etti.
2026-05-07 20:42:19 | INFO    | remote       | Tunel hazir: https://authorized-diego-upc-wesley.trycloudflare.com
2026-05-07 20:42:22 | INFO    | remote.auth  | Yeni oturum anahtarı oluşturuldu.
2026-05-07 20:42:22 | INFO    | remote.ntfy  | Bildirim gönderildi (Tunel Hazir) [HTTP 200]
2026-05-07 20:42:23 | INFO    | remote.ntfy  | Bildirim gönderildi (Giris Anahtari) [HTTP 200]
2026-05-07 20:42:23 | INFO    | remote       | Yeni oturum anahtari gonderildi.
2026-05-07 20:42:24 | INFO    | remote.tray  | Kullanıcı tray üzerinden çıkış talep etti.
2026-05-07 20:42:24 | INFO    | remote       | Sistem kapatiliyor...
2026-05-07 20:42:24 | INFO    | remote.cloudflare | Tünel durduruldu.
2026-05-07 20:42:24 | INFO    | remote.security | MAC tarayıcı durduruldu.
2026-05-07 20:42:24 | INFO    | remote       | Gule gule!
2026-05-07 20:42:25 | INFO    | remote.tray  | Kullanıcı tray üzerinden çıkış talep etti.
2026-05-07 20:42:25 | INFO    | remote       | Sistem kapatiliyor...
2026-05-07 20:42:25 | INFO    | remote.cloudflare | Tünel durduruldu.
2026-05-07 20:42:25 | INFO    | remote.security | MAC tarayıcı durduruldu.
2026-05-07 20:42:25 | INFO    | remote       | Gule gule!
2026-05-07 20:42:28 | INFO    | remote       | ============================================================
2026-05-07 20:42:28 | INFO    | remote       |   JARVIS UZAKTAN KONTROL SISTEMI v1.0
2026-05-07 20:42:28 | INFO    | remote       | ============================================================
2026-05-07 20:42:28 | INFO    | remote       | Cihaz     : DESKTOP-H2DGAQ3
2026-05-07 20:42:28 | INFO    | remote       | Yerel IP  : 192.168.1.165
2026-05-07 20:42:28 | INFO    | remote       | Port      : 8765
2026-05-07 20:42:28 | INFO    | remote       | ntfy konu : jarvis-Web
2026-05-07 20:42:28 | INFO    | remote       | ============================================================
2026-05-07 20:42:28 | INFO    | remote.ntfy  | NtfyClient hazir -> https://ntfy.sh/jarvis-Web
2026-05-07 20:42:28 | INFO    | remote.auth  | Yeni oturum anahtarı oluşturuldu.
2026-05-07 20:42:28 | INFO    | remote       | Oturum anahtarı oluşturuldu: Q6YHyRVNnTVW_8Fh…
2026-05-07 20:42:28 | INFO    | remote.terminal | Terminal aracı başlatıldı (Masaüstü Jarvis ile iletişim kurulacak)
2026-05-07 20:42:28 | INFO    | remote.security | MAC tarayıcı başlatıldı — Hedef: fe:84:34:6f:d8:10, Aralık: 60s
2026-05-07 20:42:28 | INFO    | remote       | Sunucunun tamamen hazir olmasi icin 5 saniye bekleniyor...
2026-05-07 20:42:28 | INFO    | remote.tray  | Sistem tepsisi (tray) simgesi başlatıldı.
2026-05-07 20:42:28 | INFO    | remote.security | Ilk tarama: Güvenilir cihaz agda bulunamadi (6 cihaz tespit edildi)
2026-05-07 20:42:28 | INFO    | remote       | FastAPI sunucusu baslatiliyor -> http://127.0.0.1:8765
2026-05-07 20:42:28,951 | INFO    | uvicorn.error | Started server process [7468]
2026-05-07 20:42:28,951 | INFO    | uvicorn.error | Waiting for application startup.
2026-05-07 20:42:28,951 | INFO    | uvicorn.error | Application startup complete.
2026-05-07 20:42:28,952 | INFO    | uvicorn.error | Uvicorn running on http://127.0.0.1:8765 (Press CTRL+C to quit)
2026-05-07 20:42:29 | INFO    | remote.ntfy  | Bildirim gönderildi (Guvenlik Uyarisi) [HTTP 200]
2026-05-07 20:42:33 | INFO    | remote.cloudflare | cloudflared baslatiliyor: C:\Users\Berat\AppData\Local\Microsoft\WinGet\Links\cloudflared.EXE tunnel --url http://127.0.0.1:8765
2026-05-07 20:42:33 | INFO    | remote.cloudflare | Tünel yöneticisi başlatıldı (port=8765)
2026-05-07 20:42:38 | INFO    | remote.cloudflare | Tünel URL: https://watts-orleans-bon-surface.trycloudflare.com
2026-05-07 20:42:38 | INFO    | remote       | Tunel hazir: https://watts-orleans-bon-surface.trycloudflare.com
2026-05-07 20:42:41 | INFO    | remote.auth  | Yeni oturum anahtarı oluşturuldu.
2026-05-07 20:42:42 | INFO    | remote.ntfy  | Bildirim gönderildi (Tunel Hazir) [HTTP 200]
2026-05-07 20:42:42 | INFO    | remote.ntfy  | Bildirim gönderildi (Giris Anahtari) [HTTP 200]
2026-05-07 20:42:42 | INFO    | remote       | Yeni oturum anahtari gonderildi.
2026-05-07 20:42:46 | INFO    | remote.server | Login sayfasi talep edildi. IP: 85.106.157.114
2026-05-07 20:42:46,823 | INFO    | uvicorn.access | 85.106.157.114:0 - "GET / HTTP/1.1" 200
2026-05-07 20:42:47,024 | INFO    | uvicorn.access | 85.106.157.114:0 - "GET /static/style.css HTTP/1.1" 200
2026-05-07 20:42:47,420 | INFO    | uvicorn.access | 85.106.157.114:0 - "GET /api/auth/status HTTP/1.1" 200
2026-05-07 20:42:55 | INFO    | remote.auth  | Oturum anahtarı doğrulandı: 85.106.157.114
2026-05-07 20:42:55 | INFO    | remote.auth  | Yeni OTP oluşturuldu.
2026-05-07 20:42:55 | INFO    | remote.ntfy  | Bildirim gönderildi (OTP Dogrulama) [HTTP 200]
2026-05-07 20:42:55,445 | INFO    | uvicorn.access | 85.106.157.114:0 - "POST /api/auth/token HTTP/1.1" 200
2026-05-07 20:43:01 | INFO    | remote.auth  | OTP doğrulandı: 85.106.157.114
2026-05-07 20:43:01 | INFO    | remote.auth  | Oturum oluşturuldu: o1UppcW3PTjc… [85.106.157.114]
2026-05-07 20:43:01,696 | INFO    | uvicorn.access | 85.106.157.114:0 - "POST /api/auth/otp HTTP/1.1" 200
2026-05-07 20:43:02,920 | INFO    | uvicorn.access | 85.106.157.114:0 - "GET /dashboard HTTP/1.1" 200
2026-05-07 20:43:03,164 | INFO    | uvicorn.access | 85.106.157.114:0 - "GET /static/app.js HTTP/1.1" 200
2026-05-07 20:43:03,411 | INFO    | uvicorn.access | 85.106.157.114:0 - "GET /api/audio/volume HTTP/1.1" 200
2026-05-07 20:43:03,413 | INFO    | uvicorn.access | 85.106.157.114:0 - "GET /api/autostart/status HTTP/1.1" 200
2026-05-07 20:43:03,415 | INFO    | uvicorn.access | 85.106.157.114:0 - "GET /api/security/status HTTP/1.1" 200
2026-05-07 20:43:03,416 | INFO    | uvicorn.access | 85.106.157.114:0 - "GET /api/system/status HTTP/1.1" 200
2026-05-07 20:43:03,416 | INFO    | uvicorn.access | 85.106.157.114:0 - "GET /api/terminal/history HTTP/1.1" 200
2026-05-07 20:43:05,324 | INFO    | uvicorn.access | 85.106.157.114:0 - "GET /api/terminal/history HTTP/1.1" 200
2026-05-07 20:43:06,760 | INFO    | uvicorn.error | 85.106.157.114:0 - "WebSocket /api/screen/ws" [accepted]
2026-05-07 20:43:06 | INFO    | remote.screen | Ekran istemcisi baglandi (toplam: 1)
2026-05-07 20:43:06 | INFO    | remote.screen | Ekran yakalama thread'i baslatildi.
2026-05-07 20:43:06,761 | INFO    | uvicorn.error | connection open
2026-05-07 20:43:07,363 | INFO    | uvicorn.access | 85.106.157.114:0 - "GET /api/terminal/history HTTP/1.1" 200
2026-05-07 20:43:08,399 | INFO    | uvicorn.access | 85.106.157.114:0 - "GET /api/system/status HTTP/1.1" 200
2026-05-07 20:43:08,403 | INFO    | uvicorn.access | 85.106.157.114:0 - "GET /api/security/status HTTP/1.1" 200
2026-05-07 20:43:09,404 | INFO    | uvicorn.access | 85.106.157.114:0 - "GET /api/terminal/history HTTP/1.1" 200
2026-05-07 20:43:11,440 | INFO    | uvicorn.access | 85.106.157.114:0 - "GET /api/terminal/history HTTP/1.1" 200
2026-05-07 20:43:13,494 | INFO    | uvicorn.access | 85.106.157.114:0 - "GET /api/system/status HTTP/1.1" 200
2026-05-07 20:43:13,496 | INFO    | uvicorn.access | 85.106.157.114:0 - "GET /api/security/status HTTP/1.1" 200
2026-05-07 20:43:13,498 | INFO    | uvicorn.access | 85.106.157.114:0 - "GET /api/terminal/history HTTP/1.1" 200
2026-05-07 20:43:15,474 | INFO    | uvicorn.access | 85.106.157.114:0 - "GET /api/terminal/history HTTP/1.1" 200
2026-05-07 20:43:17,509 | INFO    | uvicorn.access | 85.106.157.114:0 - "GET /api/terminal/history HTTP/1.1" 200
2026-05-07 20:43:18,516 | INFO    | uvicorn.access | 85.106.157.114:0 - "GET /api/system/status HTTP/1.1" 200
2026-05-07 20:43:18,516 | INFO    | uvicorn.access | 85.106.157.114:0 - "GET /api/security/status HTTP/1.1" 200
2026-05-07 20:43:19,511 | INFO    | uvicorn.access | 85.106.157.114:0 - "GET /api/terminal/history HTTP/1.1" 200
2026-05-07 20:43:19 | INFO    | remote.screen | Ekran istemcisi ayrildi (kalan: 0)
2026-05-07 20:43:19 | INFO    | remote.screen | Ekran yakalama thread'i durduruldu.
2026-05-07 20:43:19,977 | INFO    | uvicorn.error | connection closed
2026-05-07 20:43:25 | INFO    | remote.server | Login sayfasi talep edildi. IP: 85.106.157.114
2026-05-07 20:43:25,748 | INFO    | uvicorn.access | 85.106.157.114:0 - "GET / HTTP/1.1" 200
2026-05-07 20:43:25,934 | INFO    | uvicorn.access | 85.106.157.114:0 - "GET /api/auth/status HTTP/1.1" 200
2026-05-07 20:43:26,067 | INFO    | uvicorn.access | 85.106.157.114:0 - "GET /dashboard HTTP/1.1" 200
2026-05-07 20:43:26,234 | INFO    | uvicorn.access | 85.106.157.114:0 - "GET /api/audio/volume HTTP/1.1" 200
2026-05-07 20:43:26,235 | INFO    | uvicorn.access | 85.106.157.114:0 - "GET /api/autostart/status HTTP/1.1" 200
2026-05-07 20:43:26,235 | INFO    | uvicorn.access | 85.106.157.114:0 - "GET /api/system/status HTTP/1.1" 200
2026-05-07 20:43:26,241 | INFO    | uvicorn.access | 85.106.157.114:0 - "GET /api/security/status HTTP/1.1" 200
2026-05-07 20:43:26,250 | INFO    | uvicorn.access | 85.106.157.114:0 - "GET /api/terminal/history HTTP/1.1" 200
2026-05-07 20:43:28,210 | INFO    | uvicorn.access | 85.106.157.114:0 - "GET /api/terminal/history HTTP/1.1" 200
2026-05-07 20:43:29 | INFO    | remote.server | Masaustu UI baslatildi.
2026-05-07 20:43:29,308 | INFO    | uvicorn.access | 85.106.157.114:0 - "POST /api/ui/launch HTTP/1.1" 200
2026-05-07 20:43:30,215 | INFO    | uvicorn.access | 85.106.157.114:0 - "GET /api/terminal/history HTTP/1.1" 200
2026-05-07 20:43:31,221 | INFO    | uvicorn.access | 85.106.157.114:0 - "GET /api/security/status HTTP/1.1" 200
2026-05-07 20:43:31,222 | INFO    | uvicorn.access | 85.106.157.114:0 - "GET /api/system/status HTTP/1.1" 200
2026-05-07 20:43:32,208 | INFO    | uvicorn.access | 85.106.157.114:0 - "GET /api/terminal/history HTTP/1.1" 200
2026-05-07 20:43:33 | INFO    | remote.server | Masaustu UI baslatildi.
2026-05-07 20:43:33,341 | INFO    | uvicorn.access | 85.106.157.114:0 - "POST /api/ui/launch HTTP/1.1" 200
2026-05-07 20:43:34,212 | INFO    | uvicorn.access | 85.106.157.114:0 - "GET /api/terminal/history HTTP/1.1" 200
2026-05-07 20:43:36,221 | INFO    | uvicorn.access | 85.106.157.114:0 - "GET /api/system/status HTTP/1.1" 200
2026-05-07 20:43:36,228 | INFO    | uvicorn.access | 85.106.157.114:0 - "GET /api/security/status HTTP/1.1" 200
2026-05-07 20:43:36,229 | INFO    | uvicorn.access | 85.106.157.114:0 - "GET /api/terminal/history HTTP/1.1" 200
2026-05-07 20:43:36,247 | INFO    | uvicorn.access | 85.106.157.114:0 - "POST /api/audio/mute HTTP/1.1" 200
2026-05-07 20:43:37,241 | INFO    | uvicorn.access | 85.106.157.114:0 - "POST /api/audio/mute HTTP/1.1" 200
2026-05-07 20:43:38,210 | INFO    | uvicorn.access | 85.106.157.114:0 - "GET /api/terminal/history HTTP/1.1" 200
2026-05-07 20:43:40,052 | INFO    | uvicorn.error | 85.106.157.114:0 - "WebSocket /api/screen/ws" [accepted]
2026-05-07 20:43:40 | INFO    | remote.screen | Ekran istemcisi baglandi (toplam: 1)
2026-05-07 20:43:40 | INFO    | remote.screen | Ekran yakalama thread'i baslatildi.
2026-05-07 20:43:40,053 | INFO    | uvicorn.error | connection open
2026-05-07 20:43:40,255 | INFO    | uvicorn.access | 85.106.157.114:0 - "GET /api/terminal/history HTTP/1.1" 200
2026-05-07 20:43:41,235 | INFO    | uvicorn.access | 85.106.157.114:0 - "GET /api/system/status HTTP/1.1" 200
2026-05-07 20:43:41,237 | INFO    | uvicorn.access | 85.106.157.114:0 - "GET /api/security/status HTTP/1.1" 200
2026-05-07 20:43:42,354 | INFO    | uvicorn.access | 85.106.157.114:0 - "GET /api/terminal/history HTTP/1.1" 200
2026-05-07 20:43:44,232 | INFO    | uvicorn.access | 85.106.157.114:0 - "GET /api/terminal/history HTTP/1.1" 200
2026-05-07 20:43:46,241 | INFO    | uvicorn.access | 85.106.157.114:0 - "GET /api/system/status HTTP/1.1" 200
2026-05-07 20:43:46,242 | INFO    | uvicorn.access | 85.106.157.114:0 - "GET /api/terminal/history HTTP/1.1" 200
2026-05-07 20:43:46,245 | INFO    | uvicorn.access | 85.106.157.114:0 - "GET /api/security/status HTTP/1.1" 200
2026-05-07 20:43:48 | INFO    | remote.terminal | Kullanıcı mesajı kuyruğa eklendi (async): Selam jarvis
2026-05-07 20:43:48,264 | INFO    | uvicorn.access | 85.106.157.114:0 - "GET /api/terminal/history HTTP/1.1" 200
2026-05-07 20:43:50,252 | INFO    | uvicorn.access | 85.106.157.114:0 - "GET /api/terminal/history HTTP/1.1" 200
2026-05-07 20:43:51,229 | INFO    | uvicorn.access | 85.106.157.114:0 - "GET /api/system/status HTTP/1.1" 200
2026-05-07 20:43:51,232 | INFO    | uvicorn.access | 85.106.157.114:0 - "GET /api/security/status HTTP/1.1" 200
2026-05-07 20:43:52,249 | INFO    | uvicorn.access | 85.106.157.114:0 - "GET /api/terminal/history HTTP/1.1" 200
2026-05-07 20:43:54,286 | INFO    | uvicorn.access | 85.106.157.114:0 - "GET /api/terminal/history HTTP/1.1" 200
2026-05-07 20:43:56,247 | INFO    | uvicorn.access | 85.106.157.114:0 - "GET /api/system/status HTTP/1.1" 200
2026-05-07 20:43:56,247 | INFO    | uvicorn.access | 85.106.157.114:0 - "GET /api/security/status HTTP/1.1" 200
2026-05-07 20:43:56,250 | INFO    | uvicorn.access | 85.106.157.114:0 - "GET /api/terminal/history HTTP/1.1" 200
2026-05-07 20:43:58,246 | INFO    | uvicorn.access | 85.106.157.114:0 - "GET /api/terminal/history HTTP/1.1" 200
2026-05-07 20:43:58 | INFO    | remote.server | Masaustu UI baslatildi.
2026-05-07 20:43:58,427 | INFO    | uvicorn.access | 85.106.157.114:0 - "POST /api/ui/launch HTTP/1.1" 200
2026-05-07 20:44:00,232 | INFO    | uvicorn.access | 85.106.157.114:0 - "GET /api/terminal/history HTTP/1.1" 200
2026-05-07 20:44:01,259 | INFO    | uvicorn.access | 85.106.157.114:0 - "GET /api/security/status HTTP/1.1" 200
2026-05-07 20:44:01,260 | INFO    | uvicorn.access | 85.106.157.114:0 - "GET /api/system/status HTTP/1.1" 200
2026-05-07 20:44:02,239 | INFO    | uvicorn.access | 85.106.157.114:0 - "GET /api/terminal/history HTTP/1.1" 200
2026-05-07 20:44:03,061 | INFO    | uvicorn.access | 85.106.157.114:0 - "POST /api/terminal/send HTTP/1.1" 200
2026-05-07 20:44:04 | INFO    | remote.security | Acil kilit aktifleştirildi. Geçici şifre atandı: JRV-R8I
2026-05-07 20:44:04 | ERROR   | remote.screen | Kare yakalama hatasi: Windows graphics function failed (no error provided): BitBlt
2026-05-07 20:44:04 | ERROR   | remote.screen | Kare yakalama hatasi: Windows graphics function failed (no error provided): BitBlt
2026-05-07 20:44:04 | ERROR   | remote.screen | Kare yakalama hatasi: Windows graphics function failed (no error provided): BitBlt
2026-05-07 20:44:05 | INFO    | remote.ntfy  | Bildirim gönderildi (Guvenlik Uyarisi) [HTTP 200]
2026-05-07 20:44:05,084 | INFO    | uvicorn.access | 85.106.157.114:0 - "POST /api/security/lock HTTP/1.1" 200
2026-05-07 20:44:05,091 | INFO    | uvicorn.access | 85.106.157.114:0 - "GET /api/terminal/history HTTP/1.1" 200
2026-05-07 20:44:06,246 | INFO    | uvicorn.access | 85.106.157.114:0 - "GET /api/system/status HTTP/1.1" 200
2026-05-07 20:44:06,249 | INFO    | uvicorn.access | 85.106.157.114:0 - "GET /api/terminal/history HTTP/1.1" 200
2026-05-07 20:44:06,253 | INFO    | uvicorn.access | 85.106.157.114:0 - "GET /api/security/status HTTP/1.1" 200
2026-05-07 20:44:08,262 | INFO    | uvicorn.access | 85.106.157.114:0 - "GET /api/terminal/history HTTP/1.1" 200
2026-05-07 20:44:09 | ERROR   | remote.screen | Kare yakalama hatasi: Windows graphics function failed (no error provided): BitBlt
2026-05-07 20:44:09 | ERROR   | remote.screen | Kare yakalama hatasi: Windows graphics function failed (no error provided): BitBlt
2026-05-07 20:44:10 | ERROR   | remote.screen | Kare yakalama hatasi: Windows graphics function failed (no error provided): BitBlt
2026-05-07 20:44:10 | ERROR   | remote.screen | Kare yakalama hatasi: Windows graphics function failed (no error provided): BitBlt
2026-05-07 20:44:10,212 | INFO    | uvicorn.access | 85.106.157.114:0 - "GET /api/terminal/history HTTP/1.1" 200
2026-05-07 20:44:10 | ERROR   | remote.screen | Kare yakalama hatasi: Windows graphics function failed (no error provided): BitBlt
2026-05-07 20:44:10 | ERROR   | remote.screen | Kare yakalama hatasi: Windows graphics function failed (no error provided): BitBlt
2026-05-07 20:44:10 | ERROR   | remote.screen | Kare yakalama hatasi: Windows graphics function failed (no error provided): BitBlt
2026-05-07 20:44:10 | ERROR   | remote.screen | Kare yakalama hatasi: Windows graphics function failed (no error provided): BitBlt
2026-05-07 20:44:10 | ERROR   | remote.screen | Kare yakalama hatasi: Windows graphics function failed (no error provided): BitBlt
2026-05-07 20:44:10 | ERROR   | remote.screen | Kare yakalama hatasi: Windows graphics function failed (no error provided): BitBlt
2026-05-07 20:44:10 | ERROR   | remote.screen | Kare yakalama hatasi: Windows graphics function failed (no error provided): BitBlt
2026-05-07 20:44:10 | ERROR   | remote.screen | Kare yakalama hatasi: Windows graphics function failed (no error provided): BitBlt
2026-05-07 20:44:11 | ERROR   | remote.screen | Kare yakalama hatasi: Windows graphics function failed (no error provided): BitBlt
2026-05-07 20:44:11 | ERROR   | remote.screen | Kare yakalama hatasi: Windows graphics function failed (no error provided): BitBlt
2026-05-07 20:44:11,216 | INFO    | uvicorn.access | 85.106.157.114:0 - "GET /api/system/status HTTP/1.1" 200
2026-05-07 20:44:11,220 | INFO    | uvicorn.access | 85.106.157.114:0 - "GET /api/security/status HTTP/1.1" 200
2026-05-07 20:44:11 | ERROR   | remote.screen | Kare yakalama hatasi: Windows graphics function failed (no error provided): BitBlt
2026-05-07 20:44:11 | ERROR   | remote.screen | Kare yakalama hatasi: Windows graphics function failed (no error provided): BitBlt
2026-05-07 20:44:11 | ERROR   | remote.screen | Kare yakalama hatasi: Windows graphics function failed (no error provided): BitBlt
2026-05-07 20:44:11 | ERROR   | remote.screen | Kare yakalama hatasi: Windows graphics function failed (no error provided): BitBlt
2026-05-07 20:44:11 | ERROR   | remote.screen | Kare yakalama hatasi: Windows graphics function failed (no error provided): BitBlt
2026-05-07 20:44:11 | ERROR   | remote.screen | Kare yakalama hatasi: Windows graphics function failed (no error provided): BitBlt
2026-05-07 20:44:11 | ERROR   | remote.screen | Kare yakalama hatasi: Windows graphics function failed (no error provided): BitBlt
2026-05-07 20:44:11 | ERROR   | remote.screen | Kare yakalama hatasi: Windows graphics function failed (no error provided): BitBlt
2026-05-07 20:44:12 | ERROR   | remote.screen | Kare yakalama hatasi: Windows graphics function failed (no error provided): BitBlt
2026-05-07 20:44:12 | ERROR   | remote.screen | Kare yakalama hatasi: Windows graphics function failed (no error provided): BitBlt
2026-05-07 20:44:12,209 | INFO    | uvicorn.access | 85.106.157.114:0 - "GET /api/terminal/history HTTP/1.1" 200
2026-05-07 20:44:12 | ERROR   | remote.screen | Kare yakalama hatasi: Windows graphics function failed (no error provided): BitBlt
2026-05-07 20:44:12 | ERROR   | remote.screen | Kare yakalama hatasi: Windows graphics function failed (no error provided): BitBlt
2026-05-07 20:44:12 | ERROR   | remote.screen | Kare yakalama hatasi: Windows graphics function failed (no error provided): BitBlt
2026-05-07 20:44:12 | ERROR   | remote.screen | Kare yakalama hatasi: Windows graphics function failed (no error provided): BitBlt
2026-05-07 20:44:12 | ERROR   | remote.screen | Kare yakalama hatasi: Windows graphics function failed (no error provided): BitBlt
2026-05-07 20:44:12 | ERROR   | remote.screen | Kare yakalama hatasi: Windows graphics function failed (no error provided): BitBlt
2026-05-07 20:44:12 | ERROR   | remote.screen | Kare yakalama hatasi: Windows graphics function failed (no error provided): BitBlt
2026-05-07 20:44:12 | ERROR   | remote.screen | Kare yakalama hatasi: Windows graphics function failed (no error provided): BitBlt
2026-05-07 20:44:13 | ERROR   | remote.screen | Kare yakalama hatasi: Windows graphics function failed (no error provided): BitBlt
2026-05-07 20:44:13 | ERROR   | remote.screen | Kare yakalama hatasi: Windows graphics function failed (no error provided): BitBlt
2026-05-07 20:44:13 | ERROR   | remote.screen | Kare yakalama hatasi: Windows graphics function failed (no error provided): BitBlt
2026-05-07 20:44:13 | ERROR   | remote.screen | Kare yakalama hatasi: Windows graphics function failed (no error provided): BitBlt
2026-05-07 20:44:13 | ERROR   | remote.screen | Kare yakalama hatasi: Windows graphics function failed (no error provided): BitBlt
2026-05-07 20:44:13 | ERROR   | remote.screen | Kare yakalama hatasi: Windows graphics function failed (no error provided): BitBlt
2026-05-07 20:44:13 | ERROR   | remote.screen | Kare yakalama hatasi: Windows graphics function failed (no error provided): BitBlt
2026-05-07 20:44:13 | ERROR   | remote.screen | Kare yakalama hatasi: Windows graphics function failed (no error provided): BitBlt
2026-05-07 20:44:13 | ERROR   | remote.screen | Kare yakalama hatasi: Windows graphics function failed (no error provided): BitBlt
2026-05-07 20:44:13 | ERROR   | remote.screen | Kare yakalama hatasi: Windows graphics function failed (no error provided): BitBlt
2026-05-07 20:44:14 | ERROR   | remote.screen | Kare yakalama hatasi: Windows graphics function failed (no error provided): BitBlt
2026-05-07 20:44:14 | ERROR   | remote.screen | Kare yakalama hatasi: Windows graphics function failed (no error provided): BitBlt
2026-05-07 20:44:14,212 | INFO    | uvicorn.access | 85.106.157.114:0 - "GET /api/terminal/history HTTP/1.1" 200
2026-05-07 20:44:14 | ERROR   | remote.screen | Kare yakalama hatasi: Windows graphics function failed (no error provided): BitBlt
2026-05-07 20:44:14 | ERROR   | remote.screen | Kare yakalama hatasi: Windows graphics function failed (no error provided): BitBlt
2026-05-07 20:44:14 | ERROR   | remote.screen | Kare yakalama hatasi: Windows graphics function failed (no error provided): BitBlt
2026-05-07 20:44:14 | ERROR   | remote.screen | Kare yakalama hatasi: Windows graphics function failed (no error provided): BitBlt
2026-05-07 20:44:14 | ERROR   | remote.screen | Kare yakalama hatasi: Windows graphics function failed (no error provided): BitBlt
2026-05-07 20:44:14 | ERROR   | remote.screen | Kare yakalama hatasi: Windows graphics function failed (no error provided): BitBlt
2026-05-07 20:44:14 | ERROR   | remote.screen | Kare yakalama hatasi: Windows graphics function failed (no error provided): BitBlt
2026-05-07 20:44:14 | ERROR   | remote.screen | Kare yakalama hatasi: Windows graphics function failed (no error provided): BitBlt
2026-05-07 20:44:15 | ERROR   | remote.screen | Kare yakalama hatasi: Windows graphics function failed (no error provided): BitBlt
2026-05-07 20:44:15 | ERROR   | remote.screen | Kare yakalama hatasi: Windows graphics function failed (no error provided): BitBlt
2026-05-07 20:44:15 | ERROR   | remote.screen | Kare yakalama hatasi: Windows graphics function failed (no error provided): BitBlt
2026-05-07 20:44:15 | ERROR   | remote.screen | Kare yakalama hatasi: Windows graphics function failed (no error provided): BitBlt
2026-05-07 20:44:15 | ERROR   | remote.screen | Kare yakalama hatasi: Windows graphics function failed (no error provided): BitBlt
2026-05-07 20:44:15 | ERROR   | remote.screen | Kare yakalama hatasi: Windows graphics function failed (no error provided): BitBlt
2026-05-07 20:44:15 | ERROR   | remote.screen | Kare yakalama hatasi: Windows graphics function failed (no error provided): BitBlt
2026-05-07 20:44:15 | ERROR   | remote.screen | Kare yakalama hatasi: Windows graphics function failed (no error provided): BitBlt
2026-05-07 20:44:15 | ERROR   | remote.screen | Kare yakalama hatasi: Windows graphics function failed (no error provided): BitBlt
2026-05-07 20:44:15 | ERROR   | remote.screen | Kare yakalama hatasi: Windows graphics function failed (no error provided): BitBlt
2026-05-07 20:44:16 | ERROR   | remote.screen | Kare yakalama hatasi: Windows graphics function failed (no error provided): BitBlt
2026-05-07 20:44:16 | ERROR   | remote.screen | Kare yakalama hatasi: Windows graphics function failed (no error provided): BitBlt
2026-05-07 20:44:16,226 | INFO    | uvicorn.access | 85.106.157.114:0 - "GET /api/terminal/history HTTP/1.1" 200
2026-05-07 20:44:16,228 | INFO    | uvicorn.access | 85.106.157.114:0 - "GET /api/system/status HTTP/1.1" 200
2026-05-07 20:44:16,228 | INFO    | uvicorn.access | 85.106.157.114:0 - "GET /api/security/status HTTP/1.1" 200
2026-05-07 20:44:16 | ERROR   | remote.screen | Kare yakalama hatasi: Windows graphics function failed (no error provided): BitBlt
2026-05-07 20:44:16 | ERROR   | remote.screen | Kare yakalama hatasi: Windows graphics function failed (no error provided): BitBlt
2026-05-07 20:44:16 | ERROR   | remote.screen | Kare yakalama hatasi: Windows graphics function failed (no error provided): BitBlt
2026-05-07 20:44:16 | ERROR   | remote.screen | Kare yakalama hatasi: Windows graphics function failed (no error provided): BitBlt
2026-05-07 20:44:16 | ERROR   | remote.screen | Kare yakalama hatasi: Windows graphics function failed (no error provided): BitBlt
2026-05-07 20:44:16 | ERROR   | remote.screen | Kare yakalama hatasi: Windows graphics function failed (no error provided): BitBlt
2026-05-07 20:44:16 | ERROR   | remote.screen | Kare yakalama hatasi: Windows graphics function failed (no error provided): BitBlt
2026-05-07 20:44:16 | ERROR   | remote.screen | Kare yakalama hatasi: Windows graphics function failed (no error provided): BitBlt
2026-05-07 20:44:17 | ERROR   | remote.screen | Kare yakalama hatasi: Windows graphics function failed (no error provided): BitBlt
2026-05-07 20:44:17 | ERROR   | remote.screen | Kare yakalama hatasi: Windows graphics function failed (no error provided): BitBlt
2026-05-07 20:44:17 | ERROR   | remote.screen | Kare yakalama hatasi: Windows graphics function failed (no error provided): BitBlt
2026-05-07 20:44:17 | ERROR   | remote.screen | Kare yakalama hatasi: Windows graphics function failed (no error provided): BitBlt
2026-05-07 20:44:17 | ERROR   | remote.screen | Kare yakalama hatasi: Windows graphics function failed (no error provided): BitBlt
2026-05-07 20:44:17 | ERROR   | remote.screen | Kare yakalama hatasi: Windows graphics function failed (no error provided): BitBlt
2026-05-07 20:44:17 | ERROR   | remote.screen | Kare yakalama hatasi: Windows graphics function failed (no error provided): BitBlt
2026-05-07 20:44:17 | ERROR   | remote.screen | Kare yakalama hatasi: Windows graphics function failed (no error provided): BitBlt
2026-05-07 20:44:17 | ERROR   | remote.screen | Kare yakalama hatasi: Windows graphics function failed (no error provided): BitBlt
2026-05-07 20:44:17 | ERROR   | remote.screen | Kare yakalama hatasi: Windows graphics function failed (no error provided): BitBlt
2026-05-07 20:44:18 | ERROR   | remote.screen | Kare yakalama hatasi: Windows graphics function failed (no error provided): BitBlt
2026-05-07 20:44:18 | ERROR   | remote.screen | Kare yakalama hatasi: Windows graphics function failed (no error provided): BitBlt
2026-05-07 20:44:18,216 | INFO    | uvicorn.access | 85.106.157.114:0 - "GET /api/terminal/history HTTP/1.1" 200
2026-05-07 20:44:18 | ERROR   | remote.screen | Kare yakalama hatasi: Windows graphics function failed (no error provided): BitBlt
2026-05-07 20:44:18 | ERROR   | remote.screen | Kare yakalama hatasi: Windows graphics function failed (no error provided): BitBlt
2026-05-07 20:44:18 | ERROR   | remote.screen | Kare yakalama hatasi: Windows graphics function failed (no error provided): BitBlt
2026-05-07 20:44:18 | ERROR   | remote.screen | Kare yakalama hatasi: Windows graphics function failed (no error provided): BitBlt
2026-05-07 20:44:18 | ERROR   | remote.screen | Kare yakalama hatasi: Windows graphics function failed (no error provided): BitBlt
2026-05-07 20:44:18 | ERROR   | remote.screen | Kare yakalama hatasi: Windows graphics function failed (no error provided): BitBlt
2026-05-07 20:44:18 | ERROR   | remote.screen | Kare yakalama hatasi: Windows graphics function failed (no error provided): BitBlt
2026-05-07 20:44:18 | ERROR   | remote.screen | Kare yakalama hatasi: Windows graphics function failed (no error provided): BitBlt
2026-05-07 20:44:19 | ERROR   | remote.screen | Kare yakalama hatasi: Windows graphics function failed (no error provided): BitBlt
2026-05-07 20:44:19 | ERROR   | remote.screen | Kare yakalama hatasi: Windows graphics function failed (no error provided): BitBlt
2026-05-07 20:44:19 | ERROR   | remote.screen | Kare yakalama hatasi: Windows graphics function failed (no error provided): BitBlt
2026-05-07 20:44:19 | ERROR   | remote.screen | Kare yakalama hatasi: Windows graphics function failed (no error provided): BitBlt
2026-05-07 20:44:19 | ERROR   | remote.screen | Kare yakalama hatasi: Windows graphics function failed (no error provided): BitBlt
2026-05-07 20:44:19 | ERROR   | remote.screen | Kare yakalama hatasi: Windows graphics function failed (no error provided): BitBlt
2026-05-07 20:44:19 | ERROR   | remote.screen | Kare yakalama hatasi: Windows graphics function failed (no error provided): BitBlt
2026-05-07 20:44:19 | ERROR   | remote.screen | Kare yakalama hatasi: Windows graphics function failed (no error provided): BitBlt
2026-05-07 20:44:19 | ERROR   | remote.screen | Kare yakalama hatasi: Windows graphics function failed (no error provided): BitBlt
2026-05-07 20:44:19 | ERROR   | remote.screen | Kare yakalama hatasi: Windows graphics function failed (no error provided): BitBlt
2026-05-07 20:44:20 | ERROR   | remote.screen | Kare yakalama hatasi: Windows graphics function failed (no error provided): BitBlt
2026-05-07 20:44:20 | ERROR   | remote.screen | Kare yakalama hatasi: Windows graphics function failed (no error provided): BitBlt
2026-05-07 20:44:20,212 | INFO    | uvicorn.access | 85.106.157.114:0 - "GET /api/terminal/history HTTP/1.1" 200
2026-05-07 20:44:20 | ERROR   | remote.screen | Kare yakalama hatasi: Windows graphics function failed (no error provided): BitBlt
2026-05-07 20:44:20 | ERROR   | remote.screen | Kare yakalama hatasi: Windows graphics function failed (no error provided): BitBlt
2026-05-07 20:44:21,216 | INFO    | uvicorn.access | 85.106.157.114:0 - "GET /api/system/status HTTP/1.1" 200
2026-05-07 20:44:21,219 | INFO    | uvicorn.access | 85.106.157.114:0 - "GET /api/security/status HTTP/1.1" 200
2026-05-07 20:44:22,259 | INFO    | uvicorn.access | 85.106.157.114:0 - "GET /api/terminal/history HTTP/1.1" 200
2026-05-07 20:44:23 | INFO    | remote.security | Acil kilit devreden çıkarıldı. Şifre temizlendi.
2026-05-07 20:44:23 | INFO    | remote.ntfy  | Bildirim gönderildi (Sistem Durumu) [HTTP 200]
2026-05-07 20:44:23,623 | INFO    | uvicorn.access | 85.106.157.114:0 - "POST /api/security/unlock HTTP/1.1" 200
2026-05-07 20:44:24,260 | INFO    | uvicorn.access | 85.106.157.114:0 - "GET /api/terminal/history HTTP/1.1" 200
2026-05-07 20:44:24 | INFO    | remote.security | Fiziksel ekran kilidinin kalıcı olarak açıldığı tespit edildi.
2026-05-07 20:44:26,238 | INFO    | uvicorn.access | 85.106.157.114:0 - "GET /api/system/status HTTP/1.1" 200
2026-05-07 20:44:26,264 | INFO    | uvicorn.access | 85.106.157.114:0 - "GET /api/security/status HTTP/1.1" 200
2026-05-07 20:44:26,264 | INFO    | uvicorn.access | 85.106.157.114:0 - "GET /api/terminal/history HTTP/1.1" 200
2026-05-07 20:44:28,230 | INFO    | uvicorn.access | 85.106.157.114:0 - "GET /api/terminal/history HTTP/1.1" 200
2026-05-07 20:44:28,731 | INFO    | uvicorn.access | 85.106.157.114:0 - "GET /dashboard HTTP/1.1" 200
2026-05-07 20:44:28 | INFO    | remote.screen | Ekran istemcisi ayrildi (kalan: 0)
2026-05-07 20:44:28 | INFO    | remote.screen | Ekran yakalama thread'i durduruldu.
2026-05-07 20:44:28,978 | INFO    | uvicorn.error | connection closed
2026-05-07 20:44:29,104 | INFO    | uvicorn.access | 85.106.157.114:0 - "GET /api/audio/volume HTTP/1.1" 200
2026-05-07 20:44:29,106 | INFO    | uvicorn.access | 85.106.157.114:0 - "GET /api/system/status HTTP/1.1" 200
2026-05-07 20:44:29,107 | INFO    | uvicorn.access | 85.106.157.114:0 - "GET /api/security/status HTTP/1.1" 200
2026-05-07 20:44:29,107 | INFO    | uvicorn.access | 85.106.157.114:0 - "GET /api/autostart/status HTTP/1.1" 200
2026-05-07 20:44:29,107 | INFO    | uvicorn.access | 85.106.157.114:0 - "GET /api/terminal/history HTTP/1.1" 200
2026-05-07 20:44:29,856 | INFO    | uvicorn.error | 85.106.157.114:0 - "WebSocket /api/screen/ws" [accepted]
2026-05-07 20:44:29 | INFO    | remote.screen | Ekran istemcisi baglandi (toplam: 1)
2026-05-07 20:44:29 | INFO    | remote.screen | Ekran yakalama thread'i baslatildi.
2026-05-07 20:44:29,856 | INFO    | uvicorn.error | connection open
2026-05-07 20:44:31,072 | INFO    | uvicorn.access | 85.106.157.114:0 - "GET /api/terminal/history HTTP/1.1" 200
2026-05-07 20:44:33,046 | INFO    | uvicorn.access | 85.106.157.114:0 - "GET /api/terminal/history HTTP/1.1" 200
2026-05-07 20:44:34,068 | INFO    | uvicorn.access | 85.106.157.114:0 - "GET /api/system/status HTTP/1.1" 200
2026-05-07 20:44:34,069 | INFO    | uvicorn.access | 85.106.157.114:0 - "GET /api/security/status HTTP/1.1" 200
2026-05-07 20:44:35,068 | INFO    | uvicorn.access | 85.106.157.114:0 - "GET /api/terminal/history HTTP/1.1" 200
2026-05-07 20:44:37,079 | INFO    | uvicorn.access | 85.106.157.114:0 - "GET /api/terminal/history HTTP/1.1" 200
2026-05-07 20:44:39,078 | INFO    | uvicorn.access | 85.106.157.114:0 - "GET /api/terminal/history HTTP/1.1" 200
2026-05-07 20:44:39,080 | INFO    | uvicorn.access | 85.106.157.114:0 - "GET /api/system/status HTTP/1.1" 200
2026-05-07 20:44:39,081 | INFO    | uvicorn.access | 85.106.157.114:0 - "GET /api/security/status HTTP/1.1" 200
2026-05-07 20:44:41,071 | INFO    | uvicorn.access | 85.106.157.114:0 - "GET /api/terminal/history HTTP/1.1" 200
2026-05-07 20:44:43,072 | INFO    | uvicorn.access | 85.106.157.114:0 - "GET /api/terminal/history HTTP/1.1" 200
2026-05-07 20:44:44,139 | INFO    | uvicorn.access | 85.106.157.114:0 - "GET /api/system/status HTTP/1.1" 200
2026-05-07 20:44:44,141 | INFO    | uvicorn.access | 85.106.157.114:0 - "GET /api/security/status HTTP/1.1" 200
2026-05-07 20:44:45,085 | INFO    | uvicorn.access | 85.106.157.114:0 - "GET /api/terminal/history HTTP/1.1" 200
2026-05-07 20:44:47,064 | INFO    | uvicorn.access | 85.106.157.114:0 - "GET /api/terminal/history HTTP/1.1" 200
2026-05-07 20:44:49,083 | INFO    | uvicorn.access | 85.106.157.114:0 - "GET /api/system/status HTTP/1.1" 200
2026-05-07 20:44:49,084 | INFO    | uvicorn.access | 85.106.157.114:0 - "GET /api/terminal/history HTTP/1.1" 200
2026-05-07 20:44:49,085 | INFO    | uvicorn.access | 85.106.157.114:0 - "GET /api/security/status HTTP/1.1" 200
2026-05-07 20:44:51,073 | INFO    | uvicorn.access | 85.106.157.114:0 - "GET /api/terminal/history HTTP/1.1" 200
2026-05-07 20:44:53,081 | INFO    | uvicorn.access | 85.106.157.114:0 - "GET /api/terminal/history HTTP/1.1" 200
2026-05-07 20:44:54,091 | INFO    | uvicorn.access | 85.106.157.114:0 - "GET /api/security/status HTTP/1.1" 200
2026-05-07 20:44:54,091 | INFO    | uvicorn.access | 85.106.157.114:0 - "GET /api/system/status HTTP/1.1" 200
2026-05-07 20:44:55,077 | INFO    | uvicorn.access | 85.106.157.114:0 - "GET /api/terminal/history HTTP/1.1" 200
2026-05-07 20:44:57,104 | INFO    | uvicorn.access | 85.106.157.114:0 - "GET /api/terminal/history HTTP/1.1" 200
2026-05-07 20:44:59,048 | INFO    | uvicorn.access | 85.106.157.114:0 - "GET /api/system/status HTTP/1.1" 200
2026-05-07 20:44:59,083 | INFO    | uvicorn.access | 85.106.157.114:0 - "GET /api/security/status HTTP/1.1" 200
2026-05-07 20:44:59,084 | INFO    | uvicorn.access | 85.106.157.114:0 - "GET /api/terminal/history HTTP/1.1" 200
2026-05-07 20:45:01,094 | INFO    | uvicorn.access | 85.106.157.114:0 - "GET /api/terminal/history HTTP/1.1" 200
2026-05-07 20:45:03,078 | INFO    | uvicorn.access | 85.106.157.114:0 - "GET /api/terminal/history HTTP/1.1" 200
2026-05-07 20:45:04,128 | INFO    | uvicorn.access | 85.106.157.114:0 - "GET /api/security/status HTTP/1.1" 200
2026-05-07 20:45:04,129 | INFO    | uvicorn.access | 85.106.157.114:0 - "GET /api/system/status HTTP/1.1" 200
2026-05-07 20:45:05,063 | INFO    | uvicorn.access | 85.106.157.114:0 - "GET /api/terminal/history HTTP/1.1" 200
2026-05-07 20:45:07,063 | INFO    | uvicorn.access | 85.106.157.114:0 - "GET /api/terminal/history HTTP/1.1" 200
2026-05-07 20:45:09,098 | INFO    | uvicorn.access | 85.106.157.114:0 - "GET /api/system/status HTTP/1.1" 200
2026-05-07 20:45:09,099 | INFO    | uvicorn.access | 85.106.157.114:0 - "GET /api/terminal/history HTTP/1.1" 200
2026-05-07 20:45:09,100 | INFO    | uvicorn.access | 85.106.157.114:0 - "GET /api/security/status HTTP/1.1" 200
2026-05-07 20:45:11,359 | INFO    | uvicorn.access | 85.106.157.114:0 - "GET /api/terminal/history HTTP/1.1" 200
2026-05-07 20:45:13,093 | INFO    | uvicorn.access | 85.106.157.114:0 - "GET /api/terminal/history HTTP/1.1" 200
2026-05-07 20:45:14,108 | INFO    | uvicorn.access | 85.106.157.114:0 - "GET /api/system/status HTTP/1.1" 200
2026-05-07 20:45:14,109 | INFO    | uvicorn.access | 85.106.157.114:0 - "GET /api/security/status HTTP/1.1" 200
2026-05-07 20:45:15,112 | INFO    | uvicorn.access | 85.106.157.114:0 - "GET /api/terminal/history HTTP/1.1" 200
2026-05-07 20:45:17,087 | INFO    | uvicorn.access | 85.106.157.114:0 - "GET /api/terminal/history HTTP/1.1" 200
2026-05-07 20:45:19,082 | INFO    | uvicorn.access | 85.106.157.114:0 - "GET /api/security/status HTTP/1.1" 200
2026-05-07 20:45:19,084 | INFO    | uvicorn.access | 85.106.157.114:0 - "GET /api/system/status HTTP/1.1" 200
2026-05-07 20:45:19,084 | INFO    | uvicorn.access | 85.106.157.114:0 - "GET /api/terminal/history HTTP/1.1" 200
2026-05-07 20:45:21,069 | INFO    | uvicorn.access | 85.106.157.114:0 - "GET /api/terminal/history HTTP/1.1" 200
2026-05-07 20:45:23,097 | INFO    | uvicorn.access | 85.106.157.114:0 - "GET /api/terminal/history HTTP/1.1" 200
2026-05-07 20:45:24,074 | INFO    | uvicorn.access | 85.106.157.114:0 - "GET /api/system/status HTTP/1.1" 200
2026-05-07 20:45:24,081 | INFO    | uvicorn.access | 85.106.157.114:0 - "GET /api/security/status HTTP/1.1" 200
2026-05-07 20:45:24 | INFO    | remote.terminal | Kullanıcı mesajı kuyruğa eklendi (async): Chrome ac
2026-05-07 20:45:25,081 | INFO    | uvicorn.access | 85.106.157.114:0 - "GET /api/terminal/history HTTP/1.1" 200
2026-05-07 20:45:27,067 | INFO    | uvicorn.access | 85.106.157.114:0 - "GET /api/terminal/history HTTP/1.1" 200
2026-05-07 20:45:29,058 | INFO    | uvicorn.access | 85.106.157.114:0 - "GET /api/system/status HTTP/1.1" 200
2026-05-07 20:45:29,060 | INFO    | uvicorn.access | 85.106.157.114:0 - "GET /api/security/status HTTP/1.1" 200
2026-05-07 20:45:29,063 | INFO    | uvicorn.access | 85.106.157.114:0 - "GET /api/terminal/history HTTP/1.1" 200
2026-05-07 20:45:31,117 | INFO    | uvicorn.access | 85.106.157.114:0 - "GET /api/terminal/history HTTP/1.1" 200
2026-05-07 20:45:33,072 | INFO    | uvicorn.access | 85.106.157.114:0 - "GET /api/terminal/history HTTP/1.1" 200
2026-05-07 20:45:34,058 | INFO    | uvicorn.access | 85.106.157.114:0 - "GET /api/system/status HTTP/1.1" 200
2026-05-07 20:45:34,060 | INFO    | uvicorn.access | 85.106.157.114:0 - "GET /api/security/status HTTP/1.1" 200
2026-05-07 20:45:35,048 | INFO    | uvicorn.access | 85.106.157.114:0 - "GET /api/terminal/history HTTP/1.1" 200
2026-05-07 20:45:35 | INFO    | remote.terminal | Terminal geçmişi temizlendi.
2026-05-07 20:45:35,510 | INFO    | uvicorn.access | 85.106.157.114:0 - "POST /api/terminal/clear HTTP/1.1" 200
2026-05-07 20:45:37,067 | INFO    | uvicorn.access | 85.106.157.114:0 - "GET /api/terminal/history HTTP/1.1" 200
2026-05-07 20:45:38,996 | INFO    | uvicorn.access | 85.106.157.114:0 - "POST /api/audio/mute HTTP/1.1" 200
2026-05-07 20:45:39,055 | INFO    | uvicorn.access | 85.106.157.114:0 - "GET /api/system/status HTTP/1.1" 200
2026-05-07 20:45:39,073 | INFO    | uvicorn.access | 85.106.157.114:0 - "GET /api/security/status HTTP/1.1" 200
2026-05-07 20:45:39,080 | INFO    | uvicorn.access | 85.106.157.114:0 - "GET /api/terminal/history HTTP/1.1" 200
2026-05-07 20:45:39,593 | INFO    | uvicorn.access | 85.106.157.114:0 - "POST /api/terminal/send HTTP/1.1" 200
2026-05-07 20:45:39,883 | INFO    | uvicorn.access | 85.106.157.114:0 - "POST /api/audio/mute HTTP/1.1" 200
2026-05-07 20:45:39,902 | INFO    | uvicorn.access | 85.106.157.114:0 - "POST /api/audio/volume HTTP/1.1" 200
2026-05-07 20:45:41,048 | INFO    | uvicorn.access | 85.106.157.114:0 - "GET /api/terminal/history HTTP/1.1" 200
2026-05-07 20:45:42,140 | INFO    | uvicorn.access | 85.106.157.114:0 - "POST /api/audio/volume HTTP/1.1" 200
2026-05-07 20:45:43,079 | INFO    | uvicorn.access | 85.106.157.114:0 - "GET /api/terminal/history HTTP/1.1" 200
2026-05-07 20:45:43,217 | INFO    | uvicorn.access | 85.106.157.114:0 - "POST /api/audio/volume HTTP/1.1" 200
2026-05-07 20:45:44,057 | INFO    | uvicorn.access | 85.106.157.114:0 - "GET /api/system/status HTTP/1.1" 200
2026-05-07 20:45:44,058 | INFO    | uvicorn.access | 85.106.157.114:0 - "GET /api/security/status HTTP/1.1" 200
2026-05-07 20:45:44,808 | INFO    | uvicorn.access | 85.106.157.114:0 - "POST /api/audio/volume HTTP/1.1" 200
2026-05-07 20:45:45,057 | INFO    | uvicorn.access | 85.106.157.114:0 - "GET /api/terminal/history HTTP/1.1" 200
2026-05-07 20:45:47,066 | INFO    | uvicorn.access | 85.106.157.114:0 - "GET /api/terminal/history HTTP/1.1" 200
2026-05-07 20:45:49,090 | INFO    | uvicorn.access | 85.106.157.114:0 - "GET /api/terminal/history HTTP/1.1" 200
2026-05-07 20:45:49,096 | INFO    | uvicorn.access | 85.106.157.114:0 - "GET /api/system/status HTTP/1.1" 200
2026-05-07 20:45:49,097 | INFO    | uvicorn.access | 85.106.157.114:0 - "GET /api/security/status HTTP/1.1" 200
2026-05-07 20:45:51,073 | INFO    | uvicorn.access | 85.106.157.114:0 - "GET /api/terminal/history HTTP/1.1" 200
2026-05-07 20:45:53,060 | INFO    | uvicorn.access | 85.106.157.114:0 - "GET /api/terminal/history HTTP/1.1" 200
2026-05-07 20:45:54,050 | INFO    | uvicorn.access | 85.106.157.114:0 - "GET /api/system/status HTTP/1.1" 200
2026-05-07 20:45:54,082 | INFO    | uvicorn.access | 85.106.157.114:0 - "GET /api/security/status HTTP/1.1" 200
2026-05-07 20:45:55,068 | INFO    | uvicorn.access | 85.106.157.114:0 - "GET /api/terminal/history HTTP/1.1" 200
2026-05-07 20:45:57,056 | INFO    | uvicorn.access | 85.106.157.114:0 - "GET /api/terminal/history HTTP/1.1" 200
2026-05-07 20:45:59,080 | INFO    | uvicorn.access | 85.106.157.114:0 - "GET /api/security/status HTTP/1.1" 200
2026-05-07 20:45:59,082 | INFO    | uvicorn.access | 85.106.157.114:0 - "GET /api/system/status HTTP/1.1" 200
2026-05-07 20:45:59,082 | INFO    | uvicorn.access | 85.106.157.114:0 - "GET /api/terminal/history HTTP/1.1" 200
2026-05-07 20:46:01,072 | INFO    | uvicorn.access | 85.106.157.114:0 - "GET /api/terminal/history HTTP/1.1" 200
2026-05-07 20:46:03,052 | INFO    | uvicorn.access | 85.106.157.114:0 - "GET /api/terminal/history HTTP/1.1" 200
2026-05-07 20:46:04,060 | INFO    | uvicorn.access | 85.106.157.114:0 - "GET /api/system/status HTTP/1.1" 200
2026-05-07 20:46:04,063 | INFO    | uvicorn.access | 85.106.157.114:0 - "GET /api/security/status HTTP/1.1" 200
2026-05-07 20:46:05,061 | INFO    | uvicorn.access | 85.106.157.114:0 - "GET /api/terminal/history HTTP/1.1" 200
2026-05-07 20:46:07,055 | INFO    | uvicorn.access | 85.106.157.114:0 - "GET /api/terminal/history HTTP/1.1" 200
2026-05-07 20:46:09,092 | INFO    | uvicorn.access | 85.106.157.114:0 - "GET /api/system/status HTTP/1.1" 200
2026-05-07 20:46:09,093 | INFO    | uvicorn.access | 85.106.157.114:0 - "GET /api/security/status HTTP/1.1" 200
2026-05-07 20:46:09,094 | INFO    | uvicorn.access | 85.106.157.114:0 - "GET /api/terminal/history HTTP/1.1" 200
2026-05-07 20:46:11,079 | INFO    | uvicorn.access | 85.106.157.114:0 - "GET /api/terminal/history HTTP/1.1" 200
2026-05-07 20:46:13,063 | INFO    | uvicorn.access | 85.106.157.114:0 - "GET /api/terminal/history HTTP/1.1" 200
2026-05-07 20:46:14,076 | INFO    | uvicorn.access | 85.106.157.114:0 - "GET /api/security/status HTTP/1.1" 200
2026-05-07 20:46:14,076 | INFO    | uvicorn.access | 85.106.157.114:0 - "GET /api/system/status HTTP/1.1" 200
2026-05-07 20:46:15,059 | INFO    | uvicorn.access | 85.106.157.114:0 - "GET /api/terminal/history HTTP/1.1" 200
2026-05-07 20:46:17,073 | INFO    | uvicorn.access | 85.106.157.114:0 - "GET /api/terminal/history HTTP/1.1" 200
2026-05-07 20:46:19,063 | INFO    | uvicorn.access | 85.106.157.114:0 - "GET /api/security/status HTTP/1.1" 200
2026-05-07 20:46:19,064 | INFO    | uvicorn.access | 85.106.157.114:0 - "GET /api/system/status HTTP/1.1" 200
2026-05-07 20:46:19,065 | INFO    | uvicorn.access | 85.106.157.114:0 - "GET /api/terminal/history HTTP/1.1" 200
2026-05-07 20:46:21,049 | INFO    | uvicorn.access | 85.106.157.114:0 - "GET /api/terminal/history HTTP/1.1" 200
2026-05-07 20:46:23,066 | INFO    | uvicorn.access | 85.106.157.114:0 - "GET /api/terminal/history HTTP/1.1" 200
2026-05-07 20:46:24,078 | INFO    | uvicorn.access | 85.106.157.114:0 - "GET /api/security/status HTTP/1.1" 200
2026-05-07 20:46:24,079 | INFO    | uvicorn.access | 85.106.157.114:0 - "GET /api/system/status HTTP/1.1" 200
2026-05-07 20:46:25,046 | INFO    | uvicorn.access | 85.106.157.114:0 - "GET /api/terminal/history HTTP/1.1" 200
2026-05-07 20:46:27,048 | INFO    | uvicorn.access | 85.106.157.114:0 - "GET /api/terminal/history HTTP/1.1" 200
2026-05-07 20:46:29,067 | INFO    | uvicorn.access | 85.106.157.114:0 - "GET /api/security/status HTTP/1.1" 200
2026-05-07 20:46:29,069 | INFO    | uvicorn.access | 85.106.157.114:0 - "GET /api/system/status HTTP/1.1" 200
2026-05-07 20:46:29,069 | INFO    | uvicorn.access | 85.106.157.114:0 - "GET /api/terminal/history HTTP/1.1" 200
2026-05-07 20:46:31,052 | INFO    | uvicorn.access | 85.106.157.114:0 - "GET /api/terminal/history HTTP/1.1" 200
2026-05-07 20:46:33,053 | INFO    | uvicorn.access | 85.106.157.114:0 - "GET /api/terminal/history HTTP/1.1" 200
2026-05-07 20:46:34,079 | INFO    | uvicorn.access | 85.106.157.114:0 - "GET /api/system/status HTTP/1.1" 200
2026-05-07 20:46:34,080 | INFO    | uvicorn.access | 85.106.157.114:0 - "GET /api/security/status HTTP/1.1" 200
2026-05-07 20:46:35,050 | INFO    | uvicorn.access | 85.106.157.114:0 - "GET /api/terminal/history HTTP/1.1" 200
2026-05-07 20:46:37,061 | INFO    | uvicorn.access | 85.106.157.114:0 - "GET /api/terminal/history HTTP/1.1" 200
2026-05-07 20:46:39,061 | INFO    | uvicorn.access | 85.106.157.114:0 - "GET /api/system/status HTTP/1.1" 200
2026-05-07 20:46:39,064 | INFO    | uvicorn.access | 85.106.157.114:0 - "GET /api/terminal/history HTTP/1.1" 200
2026-05-07 20:46:39,065 | INFO    | uvicorn.access | 85.106.157.114:0 - "GET /api/security/status HTTP/1.1" 200
2026-05-07 20:46:41,053 | INFO    | uvicorn.access | 85.106.157.114:0 - "GET /api/terminal/history HTTP/1.1" 200
2026-05-07 20:46:43,051 | INFO    | uvicorn.access | 85.106.157.114:0 - "GET /api/terminal/history HTTP/1.1" 200
2026-05-07 20:46:44,093 | INFO    | uvicorn.access | 85.106.157.114:0 - "GET /api/system/status HTTP/1.1" 200
2026-05-07 20:46:44,095 | INFO    | uvicorn.access | 85.106.157.114:0 - "GET /api/security/status HTTP/1.1" 200
2026-05-07 20:46:45,057 | INFO    | uvicorn.access | 85.106.157.114:0 - "GET /api/terminal/history HTTP/1.1" 200
2026-05-07 20:46:47,061 | INFO    | uvicorn.access | 85.106.157.114:0 - "GET /api/terminal/history HTTP/1.1" 200
2026-05-07 20:46:49,079 | INFO    | uvicorn.access | 85.106.157.114:0 - "GET /api/terminal/history HTTP/1.1" 200
2026-05-07 20:46:49,082 | INFO    | uvicorn.access | 85.106.157.114:0 - "GET /api/system/status HTTP/1.1" 200
2026-05-07 20:46:49,084 | INFO    | uvicorn.access | 85.106.157.114:0 - "GET /api/security/status HTTP/1.1" 200
2026-05-07 20:46:51,063 | INFO    | uvicorn.access | 85.106.157.114:0 - "GET /api/terminal/history HTTP/1.1" 200
2026-05-07 20:46:53,053 | INFO    | uvicorn.access | 85.106.157.114:0 - "GET /api/terminal/history HTTP/1.1" 200
2026-05-07 20:46:54,065 | INFO    | uvicorn.access | 85.106.157.114:0 - "GET /api/security/status HTTP/1.1" 200
2026-05-07 20:46:54,066 | INFO    | uvicorn.access | 85.106.157.114:0 - "GET /api/system/status HTTP/1.1" 200
2026-05-07 20:46:55,070 | INFO    | uvicorn.access | 85.106.157.114:0 - "GET /api/terminal/history HTTP/1.1" 200
2026-05-07 20:46:57,073 | INFO    | uvicorn.access | 85.106.157.114:0 - "GET /api/terminal/history HTTP/1.1" 200
2026-05-07 20:46:59,068 | INFO    | uvicorn.access | 85.106.157.114:0 - "GET /api/system/status HTTP/1.1" 200
2026-05-07 20:46:59,071 | INFO    | uvicorn.access | 85.106.157.114:0 - "GET /api/security/status HTTP/1.1" 200
2026-05-07 20:46:59,072 | INFO    | uvicorn.access | 85.106.157.114:0 - "GET /api/terminal/history HTTP/1.1" 200
2026-05-07 20:47:01,071 | INFO    | uvicorn.access | 85.106.157.114:0 - "GET /api/terminal/history HTTP/1.1" 200
2026-05-07 20:47:03,051 | INFO    | uvicorn.access | 85.106.157.114:0 - "GET /api/terminal/history HTTP/1.1" 200
2026-05-07 20:47:04,072 | INFO    | uvicorn.access | 85.106.157.114:0 - "GET /api/system/status HTTP/1.1" 200
2026-05-07 20:47:04,073 | INFO    | uvicorn.access | 85.106.157.114:0 - "GET /api/security/status HTTP/1.1" 200
2026-05-07 20:47:05,070 | INFO    | uvicorn.access | 85.106.157.114:0 - "GET /api/terminal/history HTTP/1.1" 200
2026-05-07 20:47:07,071 | INFO    | uvicorn.access | 85.106.157.114:0 - "GET /api/terminal/history HTTP/1.1" 200
2026-05-07 20:47:09,079 | INFO    | uvicorn.access | 85.106.157.114:0 - "GET /api/security/status HTTP/1.1" 200
2026-05-07 20:47:09,080 | INFO    | uvicorn.access | 85.106.157.114:0 - "GET /api/terminal/history HTTP/1.1" 200
2026-05-07 20:47:09,080 | INFO    | uvicorn.access | 85.106.157.114:0 - "GET /api/system/status HTTP/1.1" 200
2026-05-07 20:47:11,067 | INFO    | uvicorn.access | 85.106.157.114:0 - "GET /api/terminal/history HTTP/1.1" 200
2026-05-07 20:47:13,055 | INFO    | uvicorn.access | 85.106.157.114:0 - "GET /api/terminal/history HTTP/1.1" 200
2026-05-07 20:47:14,058 | INFO    | uvicorn.access | 85.106.157.114:0 - "GET /api/system/status HTTP/1.1" 200
2026-05-07 20:47:14,059 | INFO    | uvicorn.access | 85.106.157.114:0 - "GET /api/security/status HTTP/1.1" 200
2026-05-07 20:47:15,056 | INFO    | uvicorn.access | 85.106.157.114:0 - "GET /api/terminal/history HTTP/1.1" 200
2026-05-07 20:47:17,045 | INFO    | uvicorn.access | 85.106.157.114:0 - "GET /api/terminal/history HTTP/1.1" 200
2026-05-07 20:47:19,071 | INFO    | uvicorn.access | 85.106.157.114:0 - "GET /api/system/status HTTP/1.1" 200
2026-05-07 20:47:19,072 | INFO    | uvicorn.access | 85.106.157.114:0 - "GET /api/terminal/history HTTP/1.1" 200
2026-05-07 20:47:19,080 | INFO    | uvicorn.access | 85.106.157.114:0 - "GET /api/security/status HTTP/1.1" 200
2026-05-07 20:47:21,064 | INFO    | uvicorn.access | 85.106.157.114:0 - "GET /api/terminal/history HTTP/1.1" 200
2026-05-07 20:47:23,050 | INFO    | uvicorn.access | 85.106.157.114:0 - "GET /api/terminal/history HTTP/1.1" 200
2026-05-07 20:47:24,091 | INFO    | uvicorn.access | 85.106.157.114:0 - "GET /api/security/status HTTP/1.1" 200
2026-05-07 20:47:24,093 | INFO    | uvicorn.access | 85.106.157.114:0 - "GET /api/system/status HTTP/1.1" 200
2026-05-07 20:47:25,179 | INFO    | uvicorn.access | 85.106.157.114:0 - "GET /api/terminal/history HTTP/1.1" 200
2026-05-07 20:47:27,195 | INFO    | uvicorn.access | 85.106.157.114:0 - "GET /api/terminal/history HTTP/1.1" 200
2026-05-07 20:47:29,219 | INFO    | uvicorn.access | 85.106.157.114:0 - "GET /api/system/status HTTP/1.1" 200
2026-05-07 20:47:29,220 | INFO    | uvicorn.access | 85.106.157.114:0 - "GET /api/terminal/history HTTP/1.1" 200
2026-05-07 20:47:29,221 | INFO    | uvicorn.access | 85.106.157.114:0 - "GET /api/security/status HTTP/1.1" 200
2026-05-07 20:47:31,223 | INFO    | uvicorn.access | 85.106.157.114:0 - "GET /api/terminal/history HTTP/1.1" 200
2026-05-07 20:47:33,047 | INFO    | uvicorn.access | 85.106.157.114:0 - "GET /api/terminal/history HTTP/1.1" 200
2026-05-07 20:47:34,056 | INFO    | uvicorn.access | 85.106.157.114:0 - "GET /api/security/status HTTP/1.1" 200
2026-05-07 20:47:34,057 | INFO    | uvicorn.access | 85.106.157.114:0 - "GET /api/system/status HTTP/1.1" 200
2026-05-07 20:47:35,059 | INFO    | uvicorn.access | 85.106.157.114:0 - "GET /api/terminal/history HTTP/1.1" 200
2026-05-07 20:47:37,072 | INFO    | uvicorn.access | 85.106.157.114:0 - "GET /api/terminal/history HTTP/1.1" 200
2026-05-07 20:47:39,090 | INFO    | uvicorn.access | 85.106.157.114:0 - "GET /api/security/status HTTP/1.1" 200
2026-05-07 20:47:39,092 | INFO    | uvicorn.access | 85.106.157.114:0 - "GET /api/terminal/history HTTP/1.1" 200
2026-05-07 20:47:39,093 | INFO    | uvicorn.access | 85.106.157.114:0 - "GET /api/system/status HTTP/1.1" 200
2026-05-07 20:47:41,071 | INFO    | uvicorn.access | 85.106.157.114:0 - "GET /api/terminal/history HTTP/1.1" 200
2026-05-07 20:47:43,055 | INFO    | uvicorn.access | 85.106.157.114:0 - "GET /api/terminal/history HTTP/1.1" 200
2026-05-07 20:47:44,072 | INFO    | uvicorn.access | 85.106.157.114:0 - "GET /api/security/status HTTP/1.1" 200
2026-05-07 20:47:44,074 | INFO    | uvicorn.access | 85.106.157.114:0 - "GET /api/system/status HTTP/1.1" 200
2026-05-07 20:47:45,052 | INFO    | uvicorn.access | 85.106.157.114:0 - "GET /api/terminal/history HTTP/1.1" 200
2026-05-07 20:47:47,074 | INFO    | uvicorn.access | 85.106.157.114:0 - "GET /api/terminal/history HTTP/1.1" 200
2026-05-07 20:47:49,116 | INFO    | uvicorn.access | 85.106.157.114:0 - "GET /api/security/status HTTP/1.1" 200
2026-05-07 20:47:49,117 | INFO    | uvicorn.access | 85.106.157.114:0 - "GET /api/terminal/history HTTP/1.1" 200
2026-05-07 20:47:49,118 | INFO    | uvicorn.access | 85.106.157.114:0 - "GET /api/system/status HTTP/1.1" 200
2026-05-07 20:47:51,076 | INFO    | uvicorn.access | 85.106.157.114:0 - "GET /api/terminal/history HTTP/1.1" 200
2026-05-07 20:47:53,057 | INFO    | uvicorn.access | 85.106.157.114:0 - "GET /api/terminal/history HTTP/1.1" 200
2026-05-07 20:47:54,062 | INFO    | uvicorn.access | 85.106.157.114:0 - "GET /api/system/status HTTP/1.1" 200
2026-05-07 20:47:54,070 | INFO    | uvicorn.access | 85.106.157.114:0 - "GET /api/security/status HTTP/1.1" 200
2026-05-07 20:47:55,055 | INFO    | uvicorn.access | 85.106.157.114:0 - "GET /api/terminal/history HTTP/1.1" 200
2026-05-07 20:47:57,081 | INFO    | uvicorn.access | 85.106.157.114:0 - "GET /api/terminal/history HTTP/1.1" 200
2026-05-07 20:47:59,066 | INFO    | uvicorn.access | 85.106.157.114:0 - "GET /api/system/status HTTP/1.1" 200
2026-05-07 20:47:59,066 | INFO    | uvicorn.access | 85.106.157.114:0 - "GET /api/terminal/history HTTP/1.1" 200
2026-05-07 20:47:59,067 | INFO    | uvicorn.access | 85.106.157.114:0 - "GET /api/security/status HTTP/1.1" 200
2026-05-07 20:48:01,062 | INFO    | uvicorn.access | 85.106.157.114:0 - "GET /api/terminal/history HTTP/1.1" 200
2026-05-07 20:48:03,048 | INFO    | uvicorn.access | 85.106.157.114:0 - "GET /api/terminal/history HTTP/1.1" 200
2026-05-07 20:48:04,060 | INFO    | uvicorn.access | 85.106.157.114:0 - "GET /api/system/status HTTP/1.1" 200
2026-05-07 20:48:04,061 | INFO    | uvicorn.access | 85.106.157.114:0 - "GET /api/security/status HTTP/1.1" 200
2026-05-07 20:48:05,052 | INFO    | uvicorn.access | 85.106.157.114:0 - "GET /api/terminal/history HTTP/1.1" 200
2026-05-07 20:48:07,144 | INFO    | uvicorn.access | 85.106.157.114:0 - "GET /api/terminal/history HTTP/1.1" 200
2026-05-07 20:48:09,106 | INFO    | uvicorn.access | 85.106.157.114:0 - "GET /api/security/status HTTP/1.1" 200
2026-05-07 20:48:09,107 | INFO    | uvicorn.access | 85.106.157.114:0 - "GET /api/system/status HTTP/1.1" 200
2026-05-07 20:48:09,108 | INFO    | uvicorn.access | 85.106.157.114:0 - "GET /api/terminal/history HTTP/1.1" 200
2026-05-07 20:48:11,072 | INFO    | uvicorn.access | 85.106.157.114:0 - "GET /api/terminal/history HTTP/1.1" 200
2026-05-07 20:48:13,051 | INFO    | uvicorn.access | 85.106.157.114:0 - "GET /api/terminal/history HTTP/1.1" 200
2026-05-07 20:48:14,061 | INFO    | uvicorn.access | 85.106.157.114:0 - "GET /api/system/status HTTP/1.1" 200
2026-05-07 20:48:14,067 | INFO    | uvicorn.access | 85.106.157.114:0 - "GET /api/security/status HTTP/1.1" 200
2026-05-07 20:48:15,077 | INFO    | uvicorn.access | 85.106.157.114:0 - "GET /api/terminal/history HTTP/1.1" 200
2026-05-07 20:48:17,053 | INFO    | uvicorn.access | 85.106.157.114:0 - "GET /api/terminal/history HTTP/1.1" 200
2026-05-07 20:48:19,083 | INFO    | uvicorn.access | 85.106.157.114:0 - "GET /api/security/status HTTP/1.1" 200
2026-05-07 20:48:19,084 | INFO    | uvicorn.access | 85.106.157.114:0 - "GET /api/system/status HTTP/1.1" 200
2026-05-07 20:48:19,085 | INFO    | uvicorn.access | 85.106.157.114:0 - "GET /api/terminal/history HTTP/1.1" 200
2026-05-07 20:48:21,053 | INFO    | uvicorn.access | 85.106.157.114:0 - "GET /api/terminal/history HTTP/1.1" 200
2026-05-07 20:48:23,057 | INFO    | uvicorn.access | 85.106.157.114:0 - "GET /api/terminal/history HTTP/1.1" 200
2026-05-07 20:48:24,065 | INFO    | uvicorn.access | 85.106.157.114:0 - "GET /api/security/status HTTP/1.1" 200
2026-05-07 20:48:24,070 | INFO    | uvicorn.access | 85.106.157.114:0 - "GET /api/system/status HTTP/1.1" 200
2026-05-07 20:48:25,074 | INFO    | uvicorn.access | 85.106.157.114:0 - "GET /api/terminal/history HTTP/1.1" 200
2026-05-07 20:48:27,065 | INFO    | uvicorn.access | 85.106.157.114:0 - "GET /api/terminal/history HTTP/1.1" 200
2026-05-07 20:48:29,075 | INFO    | uvicorn.access | 85.106.157.114:0 - "GET /api/security/status HTTP/1.1" 200
2026-05-07 20:48:29,077 | INFO    | uvicorn.access | 85.106.157.114:0 - "GET /api/system/status HTTP/1.1" 200
2026-05-07 20:48:29,077 | INFO    | uvicorn.access | 85.106.157.114:0 - "GET /api/terminal/history HTTP/1.1" 200
2026-05-07 20:48:31,060 | INFO    | uvicorn.access | 85.106.157.114:0 - "GET /api/terminal/history HTTP/1.1" 200
2026-05-07 20:48:33,077 | INFO    | uvicorn.access | 85.106.157.114:0 - "GET /api/terminal/history HTTP/1.1" 200
2026-05-07 20:48:34,075 | INFO    | uvicorn.access | 85.106.157.114:0 - "GET /api/system/status HTTP/1.1" 200
2026-05-07 20:48:34,076 | INFO    | uvicorn.access | 85.106.157.114:0 - "GET /api/security/status HTTP/1.1" 200
2026-05-07 20:48:35,066 | INFO    | uvicorn.access | 85.106.157.114:0 - "GET /api/terminal/history HTTP/1.1" 200
2026-05-07 20:48:37,079 | INFO    | uvicorn.access | 85.106.157.114:0 - "GET /api/terminal/history HTTP/1.1" 200
2026-05-07 20:48:39,082 | INFO    | uvicorn.access | 85.106.157.114:0 - "GET /api/system/status HTTP/1.1" 200
2026-05-07 20:48:39,083 | INFO    | uvicorn.access | 85.106.157.114:0 - "GET /api/terminal/history HTTP/1.1" 200
2026-05-07 20:48:39,085 | INFO    | uvicorn.access | 85.106.157.114:0 - "GET /api/security/status HTTP/1.1" 200
2026-05-07 20:48:41,065 | INFO    | uvicorn.access | 85.106.157.114:0 - "GET /api/terminal/history HTTP/1.1" 200
2026-05-07 20:48:43,070 | INFO    | uvicorn.access | 85.106.157.114:0 - "GET /api/terminal/history HTTP/1.1" 200
2026-05-07 20:48:44,128 | INFO    | uvicorn.access | 85.106.157.114:0 - "GET /api/security/status HTTP/1.1" 200
2026-05-07 20:48:44,128 | INFO    | uvicorn.access | 85.106.157.114:0 - "GET /api/system/status HTTP/1.1" 200
2026-05-07 20:48:45,086 | INFO    | uvicorn.access | 85.106.157.114:0 - "GET /api/terminal/history HTTP/1.1" 200
2026-05-07 20:48:47,066 | INFO    | uvicorn.access | 85.106.157.114:0 - "GET /api/terminal/history HTTP/1.1" 200
2026-05-07 20:48:49,067 | INFO    | uvicorn.access | 85.106.157.114:0 - "GET /api/system/status HTTP/1.1" 200
2026-05-07 20:48:49,068 | INFO    | uvicorn.access | 85.106.157.114:0 - "GET /api/security/status HTTP/1.1" 200
2026-05-07 20:48:49,069 | INFO    | uvicorn.access | 85.106.157.114:0 - "GET /api/terminal/history HTTP/1.1" 200
2026-05-07 20:48:51,237 | INFO    | uvicorn.access | 85.106.157.114:0 - "GET /api/terminal/history HTTP/1.1" 200
2026-05-07 20:48:53,079 | INFO    | uvicorn.access | 85.106.157.114:0 - "GET /api/terminal/history HTTP/1.1" 200
2026-05-07 20:48:54,135 | INFO    | uvicorn.access | 85.106.157.114:0 - "GET /api/system/status HTTP/1.1" 200
2026-05-07 20:48:54,136 | INFO    | uvicorn.access | 85.106.157.114:0 - "GET /api/security/status HTTP/1.1" 200
2026-05-07 20:48:55,383 | INFO    | uvicorn.access | 85.106.157.114:0 - "GET /api/terminal/history HTTP/1.1" 200
2026-05-07 20:48:57,540 | INFO    | uvicorn.access | 85.106.157.114:0 - "GET /api/terminal/history HTTP/1.1" 200
2026-05-07 20:48:59,207 | INFO    | uvicorn.access | 85.106.157.114:0 - "GET /api/system/status HTTP/1.1" 200
2026-05-07 20:48:59,213 | INFO    | uvicorn.access | 85.106.157.114:0 - "GET /api/security/status HTTP/1.1" 200
2026-05-07 20:48:59,214 | INFO    | uvicorn.access | 85.106.157.114:0 - "GET /api/terminal/history HTTP/1.1" 200
2026-05-07 20:49:01,238 | INFO    | uvicorn.access | 85.106.157.114:0 - "GET /api/terminal/history HTTP/1.1" 200
2026-05-07 20:49:03,177 | INFO    | uvicorn.access | 85.106.157.114:0 - "GET /api/terminal/history HTTP/1.1" 200
2026-05-07 20:49:04,151 | INFO    | uvicorn.access | 85.106.157.114:0 - "GET /api/system/status HTTP/1.1" 200
2026-05-07 20:49:04,162 | INFO    | uvicorn.access | 85.106.157.114:0 - "GET /api/security/status HTTP/1.1" 200
2026-05-07 20:49:05,126 | INFO    | uvicorn.access | 85.106.157.114:0 - "GET /api/terminal/history HTTP/1.1" 200
2026-05-07 20:49:07,059 | INFO    | uvicorn.access | 85.106.157.114:0 - "GET /api/terminal/history HTTP/1.1" 200
2026-05-07 20:49:09,078 | INFO    | uvicorn.access | 85.106.157.114:0 - "GET /api/system/status HTTP/1.1" 200
2026-05-07 20:49:09,079 | INFO    | uvicorn.access | 85.106.157.114:0 - "GET /api/security/status HTTP/1.1" 200
2026-05-07 20:49:09,081 | INFO    | uvicorn.access | 85.106.157.114:0 - "GET /api/terminal/history HTTP/1.1" 200
2026-05-07 20:49:11,079 | INFO    | uvicorn.access | 85.106.157.114:0 - "GET /api/terminal/history HTTP/1.1" 200
2026-05-07 20:49:13,080 | INFO    | uvicorn.access | 85.106.157.114:0 - "GET /api/terminal/history HTTP/1.1" 200
2026-05-07 20:49:14,070 | INFO    | uvicorn.access | 85.106.157.114:0 - "GET /api/system/status HTTP/1.1" 200
2026-05-07 20:49:14,076 | INFO    | uvicorn.access | 85.106.157.114:0 - "GET /api/security/status HTTP/1.1" 200
2026-05-07 20:49:15,106 | INFO    | uvicorn.access | 85.106.157.114:0 - "GET /api/terminal/history HTTP/1.1" 200
2026-05-07 20:49:17,063 | INFO    | uvicorn.access | 85.106.157.114:0 - "GET /api/terminal/history HTTP/1.1" 200
2026-05-07 20:49:19,082 | INFO    | uvicorn.access | 85.106.157.114:0 - "GET /api/system/status HTTP/1.1" 200
2026-05-07 20:49:19,084 | INFO    | uvicorn.access | 85.106.157.114:0 - "GET /api/security/status HTTP/1.1" 200
2026-05-07 20:49:19,085 | INFO    | uvicorn.access | 85.106.157.114:0 - "GET /api/terminal/history HTTP/1.1" 200
2026-05-07 20:49:21,078 | INFO    | uvicorn.access | 85.106.157.114:0 - "GET /api/terminal/history HTTP/1.1" 200
2026-05-07 20:49:23,051 | INFO    | uvicorn.access | 85.106.157.114:0 - "GET /api/terminal/history HTTP/1.1" 200
2026-05-07 20:49:24,056 | INFO    | uvicorn.access | 85.106.157.114:0 - "GET /api/security/status HTTP/1.1" 200
2026-05-07 20:49:24,057 | INFO    | uvicorn.access | 85.106.157.114:0 - "GET /api/system/status HTTP/1.1" 200
2026-05-07 20:49:25,066 | INFO    | uvicorn.access | 85.106.157.114:0 - "GET /api/terminal/history HTTP/1.1" 200
2026-05-07 20:49:27,085 | INFO    | uvicorn.access | 85.106.157.114:0 - "GET /api/terminal/history HTTP/1.1" 200
2026-05-07 20:49:29,079 | INFO    | uvicorn.access | 85.106.157.114:0 - "GET /api/system/status HTTP/1.1" 200
2026-05-07 20:49:29,080 | INFO    | uvicorn.access | 85.106.157.114:0 - "GET /api/security/status HTTP/1.1" 200
2026-05-07 20:49:29,081 | INFO    | uvicorn.access | 85.106.157.114:0 - "GET /api/terminal/history HTTP/1.1" 200
2026-05-07 20:49:31,050 | INFO    | uvicorn.access | 85.106.157.114:0 - "GET /api/terminal/history HTTP/1.1" 200
2026-05-07 20:49:33,078 | INFO    | uvicorn.access | 85.106.157.114:0 - "GET /api/terminal/history HTTP/1.1" 200
2026-05-07 20:49:34,074 | INFO    | uvicorn.access | 85.106.157.114:0 - "GET /api/system/status HTTP/1.1" 200
2026-05-07 20:49:34,079 | INFO    | uvicorn.access | 85.106.157.114:0 - "GET /api/security/status HTTP/1.1" 200
2026-05-07 20:49:35,112 | INFO    | uvicorn.access | 85.106.157.114:0 - "GET /api/terminal/history HTTP/1.1" 200
2026-05-07 20:49:37,080 | INFO    | uvicorn.access | 85.106.157.114:0 - "GET /api/terminal/history HTTP/1.1" 200
2026-05-07 20:49:39,226 | INFO    | uvicorn.access | 85.106.157.114:0 - "GET /api/system/status HTTP/1.1" 200
2026-05-07 20:49:39,228 | INFO    | uvicorn.access | 85.106.157.114:0 - "GET /api/security/status HTTP/1.1" 200
2026-05-07 20:49:39,229 | INFO    | uvicorn.access | 85.106.157.114:0 - "GET /api/terminal/history HTTP/1.1" 200
2026-05-07 20:49:41,238 | INFO    | uvicorn.access | 85.106.157.114:0 - "GET /api/terminal/history HTTP/1.1" 200
2026-05-07 20:49:43,229 | INFO    | uvicorn.access | 85.106.157.114:0 - "GET /api/terminal/history HTTP/1.1" 200
2026-05-07 20:49:44,249 | INFO    | uvicorn.access | 85.106.157.114:0 - "GET /api/security/status HTTP/1.1" 200
2026-05-07 20:49:44,250 | INFO    | uvicorn.access | 85.106.157.114:0 - "GET /api/system/status HTTP/1.1" 200
2026-05-07 20:49:45,210 | INFO    | uvicorn.access | 85.106.157.114:0 - "GET /api/terminal/history HTTP/1.1" 200
2026-05-07 20:49:47,191 | INFO    | uvicorn.access | 85.106.157.114:0 - "GET /api/terminal/history HTTP/1.1" 200
2026-05-07 20:49:49,061 | INFO    | uvicorn.access | 85.106.157.114:0 - "GET /api/system/status HTTP/1.1" 200
2026-05-07 20:49:49,062 | INFO    | uvicorn.access | 85.106.157.114:0 - "GET /api/terminal/history HTTP/1.1" 200
2026-05-07 20:49:49,063 | INFO    | uvicorn.access | 85.106.157.114:0 - "GET /api/security/status HTTP/1.1" 200
2026-05-07 20:49:51,062 | INFO    | uvicorn.access | 85.106.157.114:0 - "GET /api/terminal/history HTTP/1.1" 200
2026-05-07 20:49:53,093 | INFO    | uvicorn.access | 85.106.157.114:0 - "GET /api/terminal/history HTTP/1.1" 200
2026-05-07 20:49:54,088 | INFO    | uvicorn.access | 85.106.157.114:0 - "GET /api/system/status HTTP/1.1" 200
2026-05-07 20:49:54,090 | INFO    | uvicorn.access | 85.106.157.114:0 - "GET /api/security/status HTTP/1.1" 200
2026-05-07 20:49:55,053 | INFO    | uvicorn.access | 85.106.157.114:0 - "GET /api/terminal/history HTTP/1.1" 200
2026-05-07 20:49:57,076 | INFO    | uvicorn.access | 85.106.157.114:0 - "GET /api/terminal/history HTTP/1.1" 200
2026-05-07 20:49:59,069 | INFO    | uvicorn.access | 85.106.157.114:0 - "GET /api/terminal/history HTTP/1.1" 200
2026-05-07 20:49:59,069 | INFO    | uvicorn.access | 85.106.157.114:0 - "GET /api/system/status HTTP/1.1" 200
2026-05-07 20:49:59,070 | INFO    | uvicorn.access | 85.106.157.114:0 - "GET /api/security/status HTTP/1.1" 200
2026-05-07 20:50:01,062 | INFO    | uvicorn.access | 85.106.157.114:0 - "GET /api/terminal/history HTTP/1.1" 200
2026-05-07 20:50:03,131 | INFO    | uvicorn.access | 85.106.157.114:0 - "GET /api/terminal/history HTTP/1.1" 200
2026-05-07 20:50:04,058 | INFO    | uvicorn.access | 85.106.157.114:0 - "GET /api/system/status HTTP/1.1" 200
2026-05-07 20:50:04,060 | INFO    | uvicorn.access | 85.106.157.114:0 - "GET /api/security/status HTTP/1.1" 200
2026-05-07 20:50:05,056 | INFO    | uvicorn.access | 85.106.157.114:0 - "GET /api/terminal/history HTTP/1.1" 200
2026-05-07 20:50:05 | INFO    | remote.server | Masaustu UI baslatildi.
2026-05-07 20:50:05,159 | INFO    | uvicorn.access | 85.106.157.114:0 - "POST /api/ui/launch HTTP/1.1" 200
2026-05-07 20:50:07,065 | INFO    | uvicorn.access | 85.106.157.114:0 - "GET /api/terminal/history HTTP/1.1" 200
2026-05-07 20:50:09,075 | INFO    | uvicorn.access | 85.106.157.114:0 - "GET /api/security/status HTTP/1.1" 200
2026-05-07 20:50:09,076 | INFO    | uvicorn.access | 85.106.157.114:0 - "GET /api/system/status HTTP/1.1" 200
2026-05-07 20:50:09,076 | INFO    | uvicorn.access | 85.106.157.114:0 - "GET /api/terminal/history HTTP/1.1" 200
2026-05-07 20:50:11,072 | INFO    | uvicorn.access | 85.106.157.114:0 - "GET /api/terminal/history HTTP/1.1" 200
2026-05-07 20:50:13,052 | INFO    | uvicorn.access | 85.106.157.114:0 - "GET /api/terminal/history HTTP/1.1" 200
2026-05-07 20:50:14,082 | INFO    | uvicorn.access | 85.106.157.114:0 - "GET /api/system/status HTTP/1.1" 200
2026-05-07 20:50:14,085 | INFO    | uvicorn.access | 85.106.157.114:0 - "GET /api/security/status HTTP/1.1" 200
2026-05-07 20:50:15,050 | INFO    | uvicorn.access | 85.106.157.114:0 - "GET /api/terminal/history HTTP/1.1" 200
2026-05-07 20:50:17,086 | INFO    | uvicorn.access | 85.106.157.114:0 - "GET /api/terminal/history HTTP/1.1" 200
2026-05-07 20:50:19,084 | INFO    | uvicorn.access | 85.106.157.114:0 - "GET /api/terminal/history HTTP/1.1" 200
2026-05-07 20:50:19,084 | INFO    | uvicorn.access | 85.106.157.114:0 - "GET /api/system/status HTTP/1.1" 200
2026-05-07 20:50:19,086 | INFO    | uvicorn.access | 85.106.157.114:0 - "GET /api/security/status HTTP/1.1" 200
2026-05-07 20:50:21,073 | INFO    | uvicorn.access | 85.106.157.114:0 - "GET /api/terminal/history HTTP/1.1" 200
2026-05-07 20:50:23,068 | INFO    | uvicorn.access | 85.106.157.114:0 - "GET /api/terminal/history HTTP/1.1" 200
2026-05-07 20:50:24,082 | INFO    | uvicorn.access | 85.106.157.114:0 - "GET /api/system/status HTTP/1.1" 200
2026-05-07 20:50:24,101 | INFO    | uvicorn.access | 85.106.157.114:0 - "GET /api/security/status HTTP/1.1" 200
2026-05-07 20:50:25,163 | INFO    | uvicorn.access | 85.106.157.114:0 - "GET /api/terminal/history HTTP/1.1" 200
2026-05-07 20:50:27,482 | INFO    | uvicorn.access | 85.106.157.114:0 - "GET /api/terminal/history HTTP/1.1" 200
2026-05-07 20:50:29,067 | INFO    | uvicorn.access | 85.106.157.114:0 - "GET /api/system/status HTTP/1.1" 200
2026-05-07 20:50:29,073 | INFO    | uvicorn.access | 85.106.157.114:0 - "GET /api/security/status HTTP/1.1" 200
2026-05-07 20:50:29,077 | INFO    | uvicorn.access | 85.106.157.114:0 - "GET /api/terminal/history HTTP/1.1" 200
2026-05-07 20:50:31,080 | INFO    | uvicorn.access | 85.106.157.114:0 - "GET /api/terminal/history HTTP/1.1" 200
2026-05-07 20:50:33,056 | INFO    | uvicorn.access | 85.106.157.114:0 - "GET /api/terminal/history HTTP/1.1" 200
2026-05-07 20:50:34,061 | INFO    | uvicorn.access | 85.106.157.114:0 - "GET /api/system/status HTTP/1.1" 200
2026-05-07 20:50:34,062 | INFO    | uvicorn.access | 85.106.157.114:0 - "GET /api/security/status HTTP/1.1" 200
2026-05-07 20:50:35,059 | INFO    | uvicorn.access | 85.106.157.114:0 - "GET /api/terminal/history HTTP/1.1" 200
2026-05-07 20:50:37,060 | INFO    | uvicorn.access | 85.106.157.114:0 - "GET /api/terminal/history HTTP/1.1" 200
2026-05-07 20:50:39,068 | INFO    | uvicorn.access | 85.106.157.114:0 - "GET /api/system/status HTTP/1.1" 200
2026-05-07 20:50:39,069 | INFO    | uvicorn.access | 85.106.157.114:0 - "GET /api/security/status HTTP/1.1" 200
2026-05-07 20:50:39,070 | INFO    | uvicorn.access | 85.106.157.114:0 - "GET /api/terminal/history HTTP/1.1" 200
2026-05-07 20:50:41,058 | INFO    | uvicorn.access | 85.106.157.114:0 - "GET /api/terminal/history HTTP/1.1" 200
2026-05-07 20:50:43,111 | INFO    | uvicorn.access | 85.106.157.114:0 - "GET /api/terminal/history HTTP/1.1" 200
2026-05-07 20:50:44,072 | INFO    | uvicorn.access | 85.106.157.114:0 - "GET /api/system/status HTTP/1.1" 200
2026-05-07 20:50:44,080 | INFO    | uvicorn.access | 85.106.157.114:0 - "GET /api/security/status HTTP/1.1" 200
2026-05-07 20:50:45,069 | INFO    | uvicorn.access | 85.106.157.114:0 - "GET /api/terminal/history HTTP/1.1" 200
2026-05-07 20:50:47,079 | INFO    | uvicorn.access | 85.106.157.114:0 - "GET /api/terminal/history HTTP/1.1" 200
2026-05-07 20:50:49,088 | INFO    | uvicorn.access | 85.106.157.114:0 - "GET /api/system/status HTTP/1.1" 200
2026-05-07 20:50:49,089 | INFO    | uvicorn.access | 85.106.157.114:0 - "GET /api/security/status HTTP/1.1" 200
2026-05-07 20:50:49,091 | INFO    | uvicorn.access | 85.106.157.114:0 - "GET /api/terminal/history HTTP/1.1" 200
2026-05-07 20:50:51,060 | INFO    | uvicorn.access | 85.106.157.114:0 - "GET /api/terminal/history HTTP/1.1" 200
2026-05-07 20:50:53,064 | INFO    | uvicorn.access | 85.106.157.114:0 - "GET /api/terminal/history HTTP/1.1" 200
2026-05-07 20:50:54,064 | INFO    | uvicorn.access | 85.106.157.114:0 - "GET /api/system/status HTTP/1.1" 200
2026-05-07 20:50:54,065 | INFO    | uvicorn.access | 85.106.157.114:0 - "GET /api/security/status HTTP/1.1" 200
2026-05-07 20:50:55,070 | INFO    | uvicorn.access | 85.106.157.114:0 - "GET /api/terminal/history HTTP/1.1" 200
2026-05-07 20:50:57,058 | INFO    | uvicorn.access | 85.106.157.114:0 - "GET /api/terminal/history HTTP/1.1" 200
2026-05-07 20:50:59,085 | INFO    | uvicorn.access | 85.106.157.114:0 - "GET /api/system/status HTTP/1.1" 200
2026-05-07 20:50:59,086 | INFO    | uvicorn.access | 85.106.157.114:0 - "GET /api/security/status HTTP/1.1" 200
2026-05-07 20:50:59,087 | INFO    | uvicorn.access | 85.106.157.114:0 - "GET /api/terminal/history HTTP/1.1" 200
2026-05-07 20:51:01,059 | INFO    | uvicorn.access | 85.106.157.114:0 - "GET /api/terminal/history HTTP/1.1" 200
2026-05-07 20:51:03,067 | INFO    | uvicorn.access | 85.106.157.114:0 - "GET /api/terminal/history HTTP/1.1" 200
2026-05-07 20:51:04,085 | INFO    | uvicorn.access | 85.106.157.114:0 - "GET /api/system/status HTTP/1.1" 200
2026-05-07 20:51:04,086 | INFO    | uvicorn.access | 85.106.157.114:0 - "GET /api/security/status HTTP/1.1" 200
2026-05-07 20:51:05,072 | INFO    | uvicorn.access | 85.106.157.114:0 - "GET /api/terminal/history HTTP/1.1" 200
2026-05-07 20:51:07,049 | INFO    | uvicorn.access | 85.106.157.114:0 - "GET /api/terminal/history HTTP/1.1" 200
2026-05-07 20:51:09,092 | INFO    | uvicorn.access | 85.106.157.114:0 - "GET /api/system/status HTTP/1.1" 200
2026-05-07 20:51:09,092 | INFO    | uvicorn.access | 85.106.157.114:0 - "GET /api/terminal/history HTTP/1.1" 200
2026-05-07 20:51:09,094 | INFO    | uvicorn.access | 85.106.157.114:0 - "GET /api/security/status HTTP/1.1" 200
2026-05-07 20:51:11,063 | INFO    | uvicorn.access | 85.106.157.114:0 - "GET /api/terminal/history HTTP/1.1" 200
2026-05-07 20:51:13,062 | INFO    | uvicorn.access | 85.106.157.114:0 - "GET /api/terminal/history HTTP/1.1" 200
2026-05-07 20:51:14,082 | INFO    | uvicorn.access | 85.106.157.114:0 - "GET /api/system/status HTTP/1.1" 200
2026-05-07 20:51:14,084 | INFO    | uvicorn.access | 85.106.157.114:0 - "GET /api/security/status HTTP/1.1" 200
2026-05-07 20:51:15,093 | INFO    | uvicorn.access | 85.106.157.114:0 - "GET /api/terminal/history HTTP/1.1" 200
2026-05-07 20:51:17,078 | INFO    | uvicorn.access | 85.106.157.114:0 - "GET /api/terminal/history HTTP/1.1" 200
2026-05-07 20:51:19,077 | INFO    | uvicorn.access | 85.106.157.114:0 - "GET /api/security/status HTTP/1.1" 200
2026-05-07 20:51:19,077 | INFO    | uvicorn.access | 85.106.157.114:0 - "GET /api/terminal/history HTTP/1.1" 200
2026-05-07 20:51:19,079 | INFO    | uvicorn.access | 85.106.157.114:0 - "GET /api/system/status HTTP/1.1" 200
2026-05-07 20:51:21,057 | INFO    | uvicorn.access | 85.106.157.114:0 - "GET /api/terminal/history HTTP/1.1" 200
2026-05-07 20:51:23,067 | INFO    | uvicorn.access | 85.106.157.114:0 - "GET /api/terminal/history HTTP/1.1" 200
2026-05-07 20:51:24,061 | INFO    | uvicorn.access | 85.106.157.114:0 - "GET /api/system/status HTTP/1.1" 200
2026-05-07 20:51:24,065 | INFO    | uvicorn.access | 85.106.157.114:0 - "GET /api/security/status HTTP/1.1" 200
2026-05-07 20:51:25,084 | INFO    | uvicorn.access | 85.106.157.114:0 - "GET /api/terminal/history HTTP/1.1" 200
2026-05-07 20:51:27,091 | INFO    | uvicorn.access | 85.106.157.114:0 - "GET /api/terminal/history HTTP/1.1" 200
2026-05-07 20:51:29,111 | INFO    | uvicorn.access | 85.106.157.114:0 - "GET /api/system/status HTTP/1.1" 200
2026-05-07 20:51:29,113 | INFO    | uvicorn.access | 85.106.157.114:0 - "GET /api/terminal/history HTTP/1.1" 200
2026-05-07 20:51:29,114 | INFO    | uvicorn.access | 85.106.157.114:0 - "GET /api/security/status HTTP/1.1" 200
2026-05-07 20:51:31,085 | INFO    | uvicorn.access | 85.106.157.114:0 - "GET /api/terminal/history HTTP/1.1" 200
2026-05-07 20:51:33,080 | INFO    | uvicorn.access | 85.106.157.114:0 - "GET /api/terminal/history HTTP/1.1" 200
2026-05-07 20:51:34,066 | INFO    | uvicorn.access | 85.106.157.114:0 - "GET /api/security/status HTTP/1.1" 200
2026-05-07 20:51:34,066 | INFO    | uvicorn.access | 85.106.157.114:0 - "GET /api/system/status HTTP/1.1" 200
2026-05-07 20:51:35,073 | INFO    | uvicorn.access | 85.106.157.114:0 - "GET /api/terminal/history HTTP/1.1" 200
2026-05-07 20:51:37,071 | INFO    | uvicorn.access | 85.106.157.114:0 - "GET /api/terminal/history HTTP/1.1" 200
2026-05-07 20:51:39,082 | INFO    | uvicorn.access | 85.106.157.114:0 - "GET /api/terminal/history HTTP/1.1" 200
2026-05-07 20:51:39,083 | INFO    | uvicorn.access | 85.106.157.114:0 - "GET /api/system/status HTTP/1.1" 200
2026-05-07 20:51:39,083 | INFO    | uvicorn.access | 85.106.157.114:0 - "GET /api/security/status HTTP/1.1" 200
2026-05-07 20:51:41,080 | INFO    | uvicorn.access | 85.106.157.114:0 - "GET /api/terminal/history HTTP/1.1" 200
2026-05-07 20:51:43,176 | INFO    | uvicorn.access | 85.106.157.114:0 - "GET /api/terminal/history HTTP/1.1" 200
2026-05-07 20:51:44,182 | INFO    | uvicorn.access | 85.106.157.114:0 - "GET /api/system/status HTTP/1.1" 200
2026-05-07 20:51:44,185 | INFO    | uvicorn.access | 85.106.157.114:0 - "GET /api/security/status HTTP/1.1" 200
2026-05-07 20:51:45,199 | INFO    | uvicorn.access | 85.106.157.114:0 - "GET /api/terminal/history HTTP/1.1" 200
2026-05-07 20:51:47,206 | INFO    | uvicorn.access | 85.106.157.114:0 - "GET /api/terminal/history HTTP/1.1" 200
2026-05-07 20:51:49,235 | INFO    | uvicorn.access | 85.106.157.114:0 - "GET /api/terminal/history HTTP/1.1" 200
2026-05-07 20:51:49,237 | INFO    | uvicorn.access | 85.106.157.114:0 - "GET /api/system/status HTTP/1.1" 200
2026-05-07 20:51:49,238 | INFO    | uvicorn.access | 85.106.157.114:0 - "GET /api/security/status HTTP/1.1" 200
2026-05-07 20:51:51,232 | INFO    | uvicorn.access | 85.106.157.114:0 - "GET /api/terminal/history HTTP/1.1" 200
2026-05-07 20:51:53,267 | INFO    | uvicorn.access | 85.106.157.114:0 - "GET /api/terminal/history HTTP/1.1" 200
2026-05-07 20:51:54,189 | INFO    | uvicorn.access | 85.106.157.114:0 - "GET /api/security/status HTTP/1.1" 200
2026-05-07 20:51:54,194 | INFO    | uvicorn.access | 85.106.157.114:0 - "GET /api/system/status HTTP/1.1" 200
2026-05-07 20:51:55,059 | INFO    | uvicorn.access | 85.106.157.114:0 - "GET /api/terminal/history HTTP/1.1" 200
2026-05-07 20:51:57,062 | INFO    | uvicorn.access | 85.106.157.114:0 - "GET /api/terminal/history HTTP/1.1" 200
2026-05-07 20:51:59,092 | INFO    | uvicorn.access | 85.106.157.114:0 - "GET /api/terminal/history HTTP/1.1" 200
2026-05-07 20:51:59,093 | INFO    | uvicorn.access | 85.106.157.114:0 - "GET /api/system/status HTTP/1.1" 200
2026-05-07 20:51:59,094 | INFO    | uvicorn.access | 85.106.157.114:0 - "GET /api/security/status HTTP/1.1" 200
2026-05-07 20:52:01,075 | INFO    | uvicorn.access | 85.106.157.114:0 - "GET /api/terminal/history HTTP/1.1" 200
2026-05-07 20:52:03,061 | INFO    | uvicorn.access | 85.106.157.114:0 - "GET /api/terminal/history HTTP/1.1" 200
2026-05-07 20:52:04,069 | INFO    | uvicorn.access | 85.106.157.114:0 - "GET /api/system/status HTTP/1.1" 200
2026-05-07 20:52:04,081 | INFO    | uvicorn.access | 85.106.157.114:0 - "GET /api/security/status HTTP/1.1" 200
2026-05-07 20:52:05,074 | INFO    | uvicorn.access | 85.106.157.114:0 - "GET /api/terminal/history HTTP/1.1" 200
2026-05-07 20:52:07,068 | INFO    | uvicorn.access | 85.106.157.114:0 - "GET /api/terminal/history HTTP/1.1" 200
2026-05-07 20:52:09,065 | INFO    | uvicorn.access | 85.106.157.114:0 - "GET /api/system/status HTTP/1.1" 200
2026-05-07 20:52:09,067 | INFO    | uvicorn.access | 85.106.157.114:0 - "GET /api/security/status HTTP/1.1" 200
2026-05-07 20:52:09,074 | INFO    | uvicorn.access | 85.106.157.114:0 - "GET /api/terminal/history HTTP/1.1" 200
2026-05-07 20:52:11,065 | INFO    | uvicorn.access | 85.106.157.114:0 - "GET /api/terminal/history HTTP/1.1" 200
2026-05-07 20:52:13,085 | INFO    | uvicorn.access | 85.106.157.114:0 - "GET /api/terminal/history HTTP/1.1" 200
2026-05-07 20:52:14,067 | INFO    | uvicorn.access | 85.106.157.114:0 - "GET /api/system/status HTTP/1.1" 200
2026-05-07 20:52:14,068 | INFO    | uvicorn.access | 85.106.157.114:0 - "GET /api/security/status HTTP/1.1" 200
2026-05-07 20:52:15,078 | INFO    | uvicorn.access | 85.106.157.114:0 - "GET /api/terminal/history HTTP/1.1" 200
2026-05-07 20:52:17,058 | INFO    | uvicorn.access | 85.106.157.114:0 - "GET /api/terminal/history HTTP/1.1" 200
2026-05-07 20:52:19,093 | INFO    | uvicorn.access | 85.106.157.114:0 - "GET /api/security/status HTTP/1.1" 200
2026-05-07 20:52:19,094 | INFO    | uvicorn.access | 85.106.157.114:0 - "GET /api/system/status HTTP/1.1" 200
2026-05-07 20:52:19,096 | INFO    | uvicorn.access | 85.106.157.114:0 - "GET /api/terminal/history HTTP/1.1" 200
2026-05-07 20:52:21,067 | INFO    | uvicorn.access | 85.106.157.114:0 - "GET /api/terminal/history HTTP/1.1" 200
2026-05-07 20:52:23,069 | INFO    | uvicorn.access | 85.106.157.114:0 - "GET /api/terminal/history HTTP/1.1" 200
2026-05-07 20:52:24,072 | INFO    | uvicorn.access | 85.106.157.114:0 - "GET /api/system/status HTTP/1.1" 200
2026-05-07 20:52:24,072 | INFO    | uvicorn.access | 85.106.157.114:0 - "GET /api/security/status HTTP/1.1" 200
2026-05-07 20:52:25,084 | INFO    | uvicorn.access | 85.106.157.114:0 - "GET /api/terminal/history HTTP/1.1" 200
2026-05-07 20:52:27,111 | INFO    | uvicorn.access | 85.106.157.114:0 - "GET /api/terminal/history HTTP/1.1" 200
2026-05-07 20:52:29,229 | INFO    | uvicorn.access | 85.106.157.114:0 - "GET /api/system/status HTTP/1.1" 200
2026-05-07 20:52:29,240 | INFO    | uvicorn.access | 85.106.157.114:0 - "GET /api/terminal/history HTTP/1.1" 200
2026-05-07 20:52:29,241 | INFO    | uvicorn.access | 85.106.157.114:0 - "GET /api/security/status HTTP/1.1" 200
2026-05-07 20:52:31,072 | INFO    | uvicorn.access | 85.106.157.114:0 - "GET /api/terminal/history HTTP/1.1" 200
2026-05-07 20:52:33,073 | INFO    | uvicorn.access | 85.106.157.114:0 - "GET /api/terminal/history HTTP/1.1" 200
2026-05-07 20:52:34,159 | INFO    | uvicorn.access | 85.106.157.114:0 - "GET /api/system/status HTTP/1.1" 200
2026-05-07 20:52:34,161 | INFO    | uvicorn.access | 85.106.157.114:0 - "GET /api/security/status HTTP/1.1" 200
2026-05-07 20:52:35,144 | INFO    | uvicorn.access | 85.106.157.114:0 - "GET /api/terminal/history HTTP/1.1" 200
2026-05-07 20:52:37,101 | INFO    | uvicorn.access | 85.106.157.114:0 - "GET /api/terminal/history HTTP/1.1" 200
2026-05-07 20:52:39,078 | INFO    | uvicorn.access | 85.106.157.114:0 - "GET /api/system/status HTTP/1.1" 200
2026-05-07 20:52:39,098 | INFO    | uvicorn.access | 85.106.157.114:0 - "GET /api/security/status HTTP/1.1" 200
2026-05-07 20:52:39,103 | INFO    | uvicorn.access | 85.106.157.114:0 - "GET /api/terminal/history HTTP/1.1" 200
2026-05-07 20:52:41,121 | INFO    | uvicorn.access | 85.106.157.114:0 - "GET /api/terminal/history HTTP/1.1" 200
2026-05-07 20:52:43,084 | INFO    | uvicorn.access | 85.106.157.114:0 - "GET /api/terminal/history HTTP/1.1" 200
2026-05-07 20:52:44,061 | INFO    | uvicorn.access | 85.106.157.114:0 - "GET /api/security/status HTTP/1.1" 200
2026-05-07 20:52:44,064 | INFO    | uvicorn.access | 85.106.157.114:0 - "GET /api/system/status HTTP/1.1" 200
2026-05-07 20:52:45,077 | INFO    | uvicorn.access | 85.106.157.114:0 - "GET /api/terminal/history HTTP/1.1" 200
2026-05-07 20:52:47,062 | INFO    | uvicorn.access | 85.106.157.114:0 - "GET /api/terminal/history HTTP/1.1" 200
2026-05-07 20:52:49,097 | INFO    | uvicorn.access | 85.106.157.114:0 - "GET /api/security/status HTTP/1.1" 200
2026-05-07 20:52:49,098 | INFO    | uvicorn.access | 85.106.157.114:0 - "GET /api/terminal/history HTTP/1.1" 200
2026-05-07 20:52:49,098 | INFO    | uvicorn.access | 85.106.157.114:0 - "GET /api/system/status HTTP/1.1" 200
2026-05-07 20:52:51,083 | INFO    | uvicorn.access | 85.106.157.114:0 - "GET /api/terminal/history HTTP/1.1" 200
2026-05-07 20:52:53,092 | INFO    | uvicorn.access | 85.106.157.114:0 - "GET /api/terminal/history HTTP/1.1" 200
2026-05-07 20:52:54,089 | INFO    | uvicorn.access | 85.106.157.114:0 - "GET /api/system/status HTTP/1.1" 200
2026-05-07 20:52:54,089 | INFO    | uvicorn.access | 85.106.157.114:0 - "GET /api/security/status HTTP/1.1" 200
2026-05-07 20:52:55,091 | INFO    | uvicorn.access | 85.106.157.114:0 - "GET /api/terminal/history HTTP/1.1" 200
2026-05-07 20:52:57,068 | INFO    | uvicorn.access | 85.106.157.114:0 - "GET /api/terminal/history HTTP/1.1" 200
2026-05-07 20:52:59,064 | INFO    | uvicorn.access | 85.106.157.114:0 - "GET /api/security/status HTTP/1.1" 200
2026-05-07 20:52:59,068 | INFO    | uvicorn.access | 85.106.157.114:0 - "GET /api/system/status HTTP/1.1" 200
2026-05-07 20:52:59,069 | INFO    | uvicorn.access | 85.106.157.114:0 - "GET /api/terminal/history HTTP/1.1" 200
2026-05-07 20:53:01,071 | INFO    | uvicorn.access | 85.106.157.114:0 - "GET /api/terminal/history HTTP/1.1" 200
2026-05-07 20:53:03,071 | INFO    | uvicorn.access | 85.106.157.114:0 - "GET /api/terminal/history HTTP/1.1" 200
2026-05-07 20:53:04,060 | INFO    | uvicorn.access | 85.106.157.114:0 - "GET /api/system/status HTTP/1.1" 200
2026-05-07 20:53:04,063 | INFO    | uvicorn.access | 85.106.157.114:0 - "GET /api/security/status HTTP/1.1" 200
2026-05-07 20:53:05,071 | INFO    | uvicorn.access | 85.106.157.114:0 - "GET /api/terminal/history HTTP/1.1" 200
2026-05-07 20:53:07,095 | INFO    | uvicorn.access | 85.106.157.114:0 - "GET /api/terminal/history HTTP/1.1" 200
2026-05-07 20:53:09,068 | INFO    | uvicorn.access | 85.106.157.114:0 - "GET /api/system/status HTTP/1.1" 200
2026-05-07 20:53:09,101 | INFO    | uvicorn.access | 85.106.157.114:0 - "GET /api/security/status HTTP/1.1" 200
2026-05-07 20:53:09,102 | INFO    | uvicorn.access | 85.106.157.114:0 - "GET /api/terminal/history HTTP/1.1" 200
2026-05-07 20:53:11,061 | INFO    | uvicorn.access | 85.106.157.114:0 - "GET /api/terminal/history HTTP/1.1" 200
2026-05-07 20:53:13,066 | INFO    | uvicorn.access | 85.106.157.114:0 - "GET /api/terminal/history HTTP/1.1" 200
2026-05-07 20:53:14,073 | INFO    | uvicorn.access | 85.106.157.114:0 - "GET /api/system/status HTTP/1.1" 200
2026-05-07 20:53:14,102 | INFO    | uvicorn.access | 85.106.157.114:0 - "GET /api/security/status HTTP/1.1" 200
2026-05-07 20:53:15,060 | INFO    | uvicorn.access | 85.106.157.114:0 - "GET /api/terminal/history HTTP/1.1" 200
2026-05-07 20:53:17,062 | INFO    | uvicorn.access | 85.106.157.114:0 - "GET /api/terminal/history HTTP/1.1" 200
2026-05-07 20:53:19,082 | INFO    | uvicorn.access | 85.106.157.114:0 - "GET /api/security/status HTTP/1.1" 200
2026-05-07 20:53:19,084 | INFO    | uvicorn.access | 85.106.157.114:0 - "GET /api/terminal/history HTTP/1.1" 200
2026-05-07 20:53:19,085 | INFO    | uvicorn.access | 85.106.157.114:0 - "GET /api/system/status HTTP/1.1" 200
2026-05-07 20:53:21,061 | INFO    | uvicorn.access | 85.106.157.114:0 - "GET /api/terminal/history HTTP/1.1" 200
2026-05-07 20:53:23,075 | INFO    | uvicorn.access | 85.106.157.114:0 - "GET /api/terminal/history HTTP/1.1" 200
2026-05-07 20:53:24,063 | INFO    | uvicorn.access | 85.106.157.114:0 - "GET /api/system/status HTTP/1.1" 200
2026-05-07 20:53:24,065 | INFO    | uvicorn.access | 85.106.157.114:0 - "GET /api/security/status HTTP/1.1" 200
2026-05-07 20:53:25,071 | INFO    | uvicorn.access | 85.106.157.114:0 - "GET /api/terminal/history HTTP/1.1" 200
2026-05-07 20:53:27,083 | INFO    | uvicorn.access | 85.106.157.114:0 - "GET /api/terminal/history HTTP/1.1" 200
2026-05-07 20:53:29,067 | INFO    | uvicorn.access | 85.106.157.114:0 - "GET /api/system/status HTTP/1.1" 200
2026-05-07 20:53:29,070 | INFO    | uvicorn.access | 85.106.157.114:0 - "GET /api/security/status HTTP/1.1" 200
2026-05-07 20:53:29,070 | INFO    | uvicorn.access | 85.106.157.114:0 - "GET /api/terminal/history HTTP/1.1" 200
2026-05-07 20:53:31,065 | INFO    | uvicorn.access | 85.106.157.114:0 - "GET /api/terminal/history HTTP/1.1" 200
2026-05-07 20:53:33,086 | INFO    | uvicorn.access | 85.106.157.114:0 - "GET /api/terminal/history HTTP/1.1" 200
2026-05-07 20:53:34,078 | INFO    | uvicorn.access | 85.106.157.114:0 - "GET /api/system/status HTTP/1.1" 200
2026-05-07 20:53:34,079 | INFO    | uvicorn.access | 85.106.157.114:0 - "GET /api/security/status HTTP/1.1" 200
2026-05-07 20:53:35,074 | INFO    | uvicorn.access | 85.106.157.114:0 - "GET /api/terminal/history HTTP/1.1" 200
2026-05-07 20:53:37,119 | INFO    | uvicorn.access | 85.106.157.114:0 - "GET /api/terminal/history HTTP/1.1" 200
2026-05-07 20:53:39,070 | INFO    | uvicorn.access | 85.106.157.114:0 - "GET /api/system/status HTTP/1.1" 200
2026-05-07 20:53:39,071 | INFO    | uvicorn.access | 85.106.157.114:0 - "GET /api/terminal/history HTTP/1.1" 200
2026-05-07 20:53:39,072 | INFO    | uvicorn.access | 85.106.157.114:0 - "GET /api/security/status HTTP/1.1" 200
2026-05-07 20:53:41,056 | INFO    | uvicorn.access | 85.106.157.114:0 - "GET /api/terminal/history HTTP/1.1" 200
2026-05-07 20:53:43,088 | INFO    | uvicorn.access | 85.106.157.114:0 - "GET /api/terminal/history HTTP/1.1" 200
2026-05-07 20:53:44,059 | INFO    | uvicorn.access | 85.106.157.114:0 - "GET /api/system/status HTTP/1.1" 200
2026-05-07 20:53:44,064 | INFO    | uvicorn.access | 85.106.157.114:0 - "GET /api/security/status HTTP/1.1" 200
2026-05-07 20:53:45,089 | INFO    | uvicorn.access | 85.106.157.114:0 - "GET /api/terminal/history HTTP/1.1" 200
2026-05-07 20:53:47,070 | INFO    | uvicorn.access | 85.106.157.114:0 - "GET /api/terminal/history HTTP/1.1" 200
2026-05-07 20:53:49,078 | INFO    | uvicorn.access | 85.106.157.114:0 - "GET /api/security/status HTTP/1.1" 200
2026-05-07 20:53:49,080 | INFO    | uvicorn.access | 85.106.157.114:0 - "GET /api/terminal/history HTTP/1.1" 200
2026-05-07 20:53:49,081 | INFO    | uvicorn.access | 85.106.157.114:0 - "GET /api/system/status HTTP/1.1" 200
2026-05-07 20:53:51,105 | INFO    | uvicorn.access | 85.106.157.114:0 - "GET /api/terminal/history HTTP/1.1" 200
2026-05-07 20:53:53,059 | INFO    | uvicorn.access | 85.106.157.114:0 - "GET /api/terminal/history HTTP/1.1" 200
2026-05-07 20:53:54,079 | INFO    | uvicorn.access | 85.106.157.114:0 - "GET /api/security/status HTTP/1.1" 200
2026-05-07 20:53:54,081 | INFO    | uvicorn.access | 85.106.157.114:0 - "GET /api/system/status HTTP/1.1" 200
2026-05-07 20:53:55,063 | INFO    | uvicorn.access | 85.106.157.114:0 - "GET /api/terminal/history HTTP/1.1" 200
2026-05-07 20:53:57,132 | INFO    | uvicorn.access | 85.106.157.114:0 - "GET /api/terminal/history HTTP/1.1" 200
2026-05-07 20:53:59,196 | INFO    | uvicorn.access | 85.106.157.114:0 - "GET /api/system/status HTTP/1.1" 200
2026-05-07 20:53:59,199 | INFO    | uvicorn.access | 85.106.157.114:0 - "GET /api/security/status HTTP/1.1" 200
2026-05-07 20:53:59,200 | INFO    | uvicorn.access | 85.106.157.114:0 - "GET /api/terminal/history HTTP/1.1" 200
2026-05-07 20:54:01,200 | INFO    | uvicorn.access | 85.106.157.114:0 - "GET /api/terminal/history HTTP/1.1" 200
2026-05-07 20:54:03,222 | INFO    | uvicorn.access | 85.106.157.114:0 - "GET /api/terminal/history HTTP/1.1" 200
2026-05-07 20:54:04,227 | INFO    | uvicorn.access | 85.106.157.114:0 - "GET /api/system/status HTTP/1.1" 200
2026-05-07 20:54:04,228 | INFO    | uvicorn.access | 85.106.157.114:0 - "GET /api/security/status HTTP/1.1" 200
2026-05-07 20:54:05,234 | INFO    | uvicorn.access | 85.106.157.114:0 - "GET /api/terminal/history HTTP/1.1" 200
2026-05-07 20:54:07,123 | INFO    | uvicorn.access | 85.106.157.114:0 - "GET /api/terminal/history HTTP/1.1" 200
2026-05-07 20:54:09,094 | INFO    | uvicorn.access | 85.106.157.114:0 - "GET /api/system/status HTTP/1.1" 200
2026-05-07 20:54:09,109 | INFO    | uvicorn.access | 85.106.157.114:0 - "GET /api/terminal/history HTTP/1.1" 200
2026-05-07 20:54:09,110 | INFO    | uvicorn.access | 85.106.157.114:0 - "GET /api/security/status HTTP/1.1" 200
2026-05-07 20:54:11,169 | INFO    | uvicorn.access | 85.106.157.114:0 - "GET /api/terminal/history HTTP/1.1" 200
2026-05-07 20:54:13,188 | INFO    | uvicorn.access | 85.106.157.114:0 - "GET /api/terminal/history HTTP/1.1" 200
2026-05-07 20:54:14,289 | INFO    | uvicorn.access | 85.106.157.114:0 - "GET /api/system/status HTTP/1.1" 200
2026-05-07 20:54:14,319 | INFO    | uvicorn.access | 85.106.157.114:0 - "GET /api/security/status HTTP/1.1" 200
2026-05-07 20:54:15,256 | INFO    | uvicorn.access | 85.106.157.114:0 - "GET /api/terminal/history HTTP/1.1" 200
2026-05-07 20:54:17,315 | INFO    | uvicorn.access | 85.106.157.114:0 - "GET /api/terminal/history HTTP/1.1" 200
2026-05-07 20:54:19,284 | INFO    | uvicorn.access | 85.106.157.114:0 - "GET /api/system/status HTTP/1.1" 200
2026-05-07 20:54:19,287 | INFO    | uvicorn.access | 85.106.157.114:0 - "GET /api/security/status HTTP/1.1" 200
2026-05-07 20:54:19,290 | INFO    | uvicorn.access | 85.106.157.114:0 - "GET /api/terminal/history HTTP/1.1" 200
2026-05-07 20:54:21,216 | INFO    | uvicorn.access | 85.106.157.114:0 - "GET /api/terminal/history HTTP/1.1" 200
2026-05-07 20:54:23,239 | INFO    | uvicorn.access | 85.106.157.114:0 - "GET /api/terminal/history HTTP/1.1" 200
2026-05-07 20:54:24,253 | INFO    | uvicorn.access | 85.106.157.114:0 - "GET /api/system/status HTTP/1.1" 200
2026-05-07 20:54:24,253 | INFO    | uvicorn.access | 85.106.157.114:0 - "GET /api/security/status HTTP/1.1" 200
2026-05-07 20:54:25,261 | INFO    | uvicorn.access | 85.106.157.114:0 - "GET /api/terminal/history HTTP/1.1" 200
2026-05-07 20:54:27,123 | INFO    | uvicorn.access | 85.106.157.114:0 - "GET /api/terminal/history HTTP/1.1" 200
2026-05-07 20:54:29,170 | INFO    | uvicorn.access | 85.106.157.114:0 - "GET /api/terminal/history HTTP/1.1" 200
2026-05-07 20:54:29,171 | INFO    | uvicorn.access | 85.106.157.114:0 - "GET /api/security/status HTTP/1.1" 200
2026-05-07 20:54:29,172 | INFO    | uvicorn.access | 85.106.157.114:0 - "GET /api/system/status HTTP/1.1" 200
2026-05-07 20:54:31,183 | INFO    | uvicorn.access | 85.106.157.114:0 - "GET /api/terminal/history HTTP/1.1" 200
2026-05-07 20:54:33,128 | INFO    | uvicorn.access | 85.106.157.114:0 - "GET /api/terminal/history HTTP/1.1" 200
2026-05-07 20:54:34,132 | INFO    | uvicorn.access | 85.106.157.114:0 - "GET /api/security/status HTTP/1.1" 200
2026-05-07 20:54:34,139 | INFO    | uvicorn.access | 85.106.157.114:0 - "GET /api/system/status HTTP/1.1" 200
2026-05-07 20:54:35,149 | INFO    | uvicorn.access | 85.106.157.114:0 - "GET /api/terminal/history HTTP/1.1" 200
2026-05-07 20:54:37,157 | INFO    | uvicorn.access | 85.106.157.114:0 - "GET /api/terminal/history HTTP/1.1" 200
2026-05-07 20:54:39,105 | INFO    | uvicorn.access | 85.106.157.114:0 - "GET /api/system/status HTTP/1.1" 200
2026-05-07 20:54:39,109 | INFO    | uvicorn.access | 85.106.157.114:0 - "GET /api/security/status HTTP/1.1" 200
2026-05-07 20:54:39,110 | INFO    | uvicorn.access | 85.106.157.114:0 - "GET /api/terminal/history HTTP/1.1" 200
2026-05-07 20:54:41,191 | INFO    | uvicorn.access | 85.106.157.114:0 - "GET /api/terminal/history HTTP/1.1" 200
2026-05-07 20:54:43,126 | INFO    | uvicorn.access | 85.106.157.114:0 - "GET /api/terminal/history HTTP/1.1" 200
2026-05-07 20:54:44,114 | INFO    | uvicorn.access | 85.106.157.114:0 - "GET /api/system/status HTTP/1.1" 200
2026-05-07 20:54:44,115 | INFO    | uvicorn.access | 85.106.157.114:0 - "GET /api/security/status HTTP/1.1" 200
2026-05-07 20:54:45,354 | INFO    | uvicorn.access | 85.106.157.114:0 - "GET /api/terminal/history HTTP/1.1" 200
2026-05-07 20:54:47,280 | INFO    | uvicorn.access | 85.106.157.114:0 - "GET /api/terminal/history HTTP/1.1" 200
2026-05-07 20:54:49,240 | INFO    | uvicorn.access | 85.106.157.114:0 - "GET /api/system/status HTTP/1.1" 200
2026-05-07 20:54:49,243 | INFO    | uvicorn.access | 85.106.157.114:0 - "GET /api/security/status HTTP/1.1" 200
2026-05-07 20:54:49,244 | INFO    | uvicorn.access | 85.106.157.114:0 - "GET /api/terminal/history HTTP/1.1" 200
2026-05-07 20:54:51,163 | INFO    | uvicorn.access | 85.106.157.114:0 - "GET /api/terminal/history HTTP/1.1" 200
2026-05-07 20:54:53,116 | INFO    | uvicorn.access | 85.106.157.114:0 - "GET /api/terminal/history HTTP/1.1" 200
2026-05-07 20:54:54,098 | INFO    | uvicorn.access | 85.106.157.114:0 - "GET /api/system/status HTTP/1.1" 200
2026-05-07 20:54:54,098 | INFO    | uvicorn.access | 85.106.157.114:0 - "GET /api/security/status HTTP/1.1" 200
2026-05-07 20:54:55,118 | INFO    | uvicorn.access | 85.106.157.114:0 - "GET /api/terminal/history HTTP/1.1" 200
2026-05-07 20:54:57,243 | INFO    | uvicorn.access | 85.106.157.114:0 - "GET /api/terminal/history HTTP/1.1" 200
2026-05-07 20:54:59,345 | INFO    | uvicorn.access | 85.106.157.114:0 - "GET /api/security/status HTTP/1.1" 200
2026-05-07 20:54:59,347 | INFO    | uvicorn.access | 85.106.157.114:0 - "GET /api/system/status HTTP/1.1" 200
2026-05-07 20:54:59,347 | INFO    | uvicorn.access | 85.106.157.114:0 - "GET /api/terminal/history HTTP/1.1" 200
2026-05-07 20:55:01,254 | INFO    | uvicorn.access | 85.106.157.114:0 - "GET /api/terminal/history HTTP/1.1" 200
2026-05-07 20:55:03,271 | INFO    | uvicorn.access | 85.106.157.114:0 - "GET /api/terminal/history HTTP/1.1" 200
2026-05-07 20:55:04,292 | INFO    | uvicorn.access | 85.106.157.114:0 - "GET /api/system/status HTTP/1.1" 200
2026-05-07 20:55:04,293 | INFO    | uvicorn.access | 85.106.157.114:0 - "GET /api/security/status HTTP/1.1" 200
2026-05-07 20:55:05,223 | INFO    | uvicorn.access | 85.106.157.114:0 - "GET /api/terminal/history HTTP/1.1" 200
2026-05-07 20:55:07,225 | INFO    | uvicorn.access | 85.106.157.114:0 - "GET /api/terminal/history HTTP/1.1" 200
2026-05-07 20:55:09,217 | INFO    | uvicorn.access | 85.106.157.114:0 - "GET /api/system/status HTTP/1.1" 200
2026-05-07 20:55:09,226 | INFO    | uvicorn.access | 85.106.157.114:0 - "GET /api/security/status HTTP/1.1" 200
2026-05-07 20:55:09,231 | INFO    | uvicorn.access | 85.106.157.114:0 - "GET /api/terminal/history HTTP/1.1" 200
2026-05-07 20:55:11,267 | INFO    | uvicorn.access | 85.106.157.114:0 - "GET /api/terminal/history HTTP/1.1" 200
2026-05-07 20:55:13,264 | INFO    | uvicorn.access | 85.106.157.114:0 - "GET /api/terminal/history HTTP/1.1" 200
2026-05-07 20:55:14,281 | INFO    | uvicorn.access | 85.106.157.114:0 - "GET /api/system/status HTTP/1.1" 200
2026-05-07 20:55:14,285 | INFO    | uvicorn.access | 85.106.157.114:0 - "GET /api/security/status HTTP/1.1" 200
2026-05-07 20:55:15,223 | INFO    | uvicorn.access | 85.106.157.114:0 - "GET /api/terminal/history HTTP/1.1" 200
2026-05-07 20:55:17,213 | INFO    | uvicorn.access | 85.106.157.114:0 - "GET /api/terminal/history HTTP/1.1" 200
2026-05-07 20:55:19,208 | INFO    | uvicorn.access | 85.106.157.114:0 - "GET /api/system/status HTTP/1.1" 200
2026-05-07 20:55:19,215 | INFO    | uvicorn.access | 85.106.157.114:0 - "GET /api/security/status HTTP/1.1" 200
2026-05-07 20:55:19,218 | INFO    | uvicorn.access | 85.106.157.114:0 - "GET /api/terminal/history HTTP/1.1" 200
2026-05-07 20:55:21,061 | INFO    | uvicorn.access | 85.106.157.114:0 - "GET /api/terminal/history HTTP/1.1" 200
2026-05-07 20:55:23,208 | INFO    | uvicorn.access | 85.106.157.114:0 - "GET /api/terminal/history HTTP/1.1" 200
2026-05-07 20:55:24,177 | INFO    | uvicorn.access | 85.106.157.114:0 - "GET /api/system/status HTTP/1.1" 200
2026-05-07 20:55:24,178 | INFO    | uvicorn.access | 85.106.157.114:0 - "GET /api/security/status HTTP/1.1" 200
2026-05-07 20:55:25,205 | INFO    | uvicorn.access | 85.106.157.114:0 - "GET /api/terminal/history HTTP/1.1" 200
2026-05-07 20:55:27,199 | INFO    | uvicorn.access | 85.106.157.114:0 - "GET /api/terminal/history HTTP/1.1" 200
2026-05-07 20:55:29,204 | INFO    | uvicorn.access | 85.106.157.114:0 - "GET /api/system/status HTTP/1.1" 200
2026-05-07 20:55:29,205 | INFO    | uvicorn.access | 85.106.157.114:0 - "GET /api/terminal/history HTTP/1.1" 200
2026-05-07 20:55:29,206 | INFO    | uvicorn.access | 85.106.157.114:0 - "GET /api/security/status HTTP/1.1" 200
2026-05-07 20:55:31,148 | INFO    | uvicorn.access | 85.106.157.114:0 - "GET /api/terminal/history HTTP/1.1" 200
2026-05-07 20:55:33,225 | INFO    | uvicorn.access | 85.106.157.114:0 - "GET /api/terminal/history HTTP/1.1" 200
2026-05-07 20:55:34,251 | INFO    | uvicorn.access | 85.106.157.114:0 - "GET /api/security/status HTTP/1.1" 200
2026-05-07 20:55:34,252 | INFO    | uvicorn.access | 85.106.157.114:0 - "GET /api/system/status HTTP/1.1" 200
2026-05-07 20:55:35,252 | INFO    | uvicorn.access | 85.106.157.114:0 - "GET /api/terminal/history HTTP/1.1" 200
2026-05-07 20:55:37,265 | INFO    | uvicorn.access | 85.106.157.114:0 - "GET /api/terminal/history HTTP/1.1" 200
2026-05-07 20:55:39,309 | INFO    | uvicorn.access | 85.106.157.114:0 - "GET /api/system/status HTTP/1.1" 200
2026-05-07 20:55:39,314 | INFO    | uvicorn.access | 85.106.157.114:0 - "GET /api/terminal/history HTTP/1.1" 200
2026-05-07 20:55:39,316 | INFO    | uvicorn.access | 85.106.157.114:0 - "GET /api/security/status HTTP/1.1" 200
2026-05-07 20:55:41,250 | INFO    | uvicorn.access | 85.106.157.114:0 - "GET /api/terminal/history HTTP/1.1" 200
2026-05-07 20:55:43,280 | INFO    | uvicorn.access | 85.106.157.114:0 - "GET /api/terminal/history HTTP/1.1" 200
2026-05-07 20:55:44,318 | INFO    | uvicorn.access | 85.106.157.114:0 - "GET /api/security/status HTTP/1.1" 200
2026-05-07 20:55:44,471 | INFO    | uvicorn.access | 85.106.157.114:0 - "GET /api/system/status HTTP/1.1" 200
2026-05-07 20:55:45,246 | INFO    | uvicorn.access | 85.106.157.114:0 - "GET /api/terminal/history HTTP/1.1" 200
2026-05-07 20:55:47,263 | INFO    | uvicorn.access | 85.106.157.114:0 - "GET /api/terminal/history HTTP/1.1" 200
2026-05-07 20:55:49,299 | INFO    | uvicorn.access | 85.106.157.114:0 - "GET /api/system/status HTTP/1.1" 200
2026-05-07 20:55:49,305 | INFO    | uvicorn.access | 85.106.157.114:0 - "GET /api/security/status HTTP/1.1" 200
2026-05-07 20:55:49,309 | INFO    | uvicorn.access | 85.106.157.114:0 - "GET /api/terminal/history HTTP/1.1" 200
2026-05-07 20:55:51,220 | INFO    | uvicorn.access | 85.106.157.114:0 - "GET /api/terminal/history HTTP/1.1" 200
2026-05-07 20:55:53,237 | INFO    | uvicorn.access | 85.106.157.114:0 - "GET /api/terminal/history HTTP/1.1" 200
2026-05-07 20:55:54,249 | INFO    | uvicorn.access | 85.106.157.114:0 - "GET /api/system/status HTTP/1.1" 200
2026-05-07 20:55:54,249 | INFO    | uvicorn.access | 85.106.157.114:0 - "GET /api/security/status HTTP/1.1" 200
2026-05-07 20:55:55,259 | INFO    | uvicorn.access | 85.106.157.114:0 - "GET /api/terminal/history HTTP/1.1" 200
2026-05-07 20:55:57,227 | INFO    | uvicorn.access | 85.106.157.114:0 - "GET /api/terminal/history HTTP/1.1" 200
2026-05-07 20:55:59,239 | INFO    | uvicorn.access | 85.106.157.114:0 - "GET /api/system/status HTTP/1.1" 200
2026-05-07 20:55:59,242 | INFO    | uvicorn.access | 85.106.157.114:0 - "GET /api/security/status HTTP/1.1" 200
2026-05-07 20:55:59,243 | INFO    | uvicorn.access | 85.106.157.114:0 - "GET /api/terminal/history HTTP/1.1" 200
2026-05-07 20:56:01,233 | INFO    | uvicorn.access | 85.106.157.114:0 - "GET /api/terminal/history HTTP/1.1" 200
2026-05-07 20:56:03,265 | INFO    | uvicorn.access | 85.106.157.114:0 - "GET /api/terminal/history HTTP/1.1" 200
2026-05-07 20:56:04,258 | INFO    | uvicorn.access | 85.106.157.114:0 - "GET /api/system/status HTTP/1.1" 200
2026-05-07 20:56:04,258 | INFO    | uvicorn.access | 85.106.157.114:0 - "GET /api/security/status HTTP/1.1" 200
2026-05-07 20:56:05,289 | INFO    | uvicorn.access | 85.106.157.114:0 - "GET /api/terminal/history HTTP/1.1" 200
2026-05-07 20:56:07,219 | INFO    | uvicorn.access | 85.106.157.114:0 - "GET /api/terminal/history HTTP/1.1" 200
2026-05-07 20:56:09,240 | INFO    | uvicorn.access | 85.106.157.114:0 - "GET /api/system/status HTTP/1.1" 200
2026-05-07 20:56:09,241 | INFO    | uvicorn.access | 85.106.157.114:0 - "GET /api/security/status HTTP/1.1" 200
2026-05-07 20:56:09,242 | INFO    | uvicorn.access | 85.106.157.114:0 - "GET /api/terminal/history HTTP/1.1" 200
2026-05-07 20:56:11,240 | INFO    | uvicorn.access | 85.106.157.114:0 - "GET /api/terminal/history HTTP/1.1" 200
2026-05-07 20:56:13,260 | INFO    | uvicorn.access | 85.106.157.114:0 - "GET /api/terminal/history HTTP/1.1" 200
2026-05-07 20:56:14,278 | INFO    | uvicorn.access | 85.106.157.114:0 - "GET /api/system/status HTTP/1.1" 200
2026-05-07 20:56:14,280 | INFO    | uvicorn.access | 85.106.157.114:0 - "GET /api/security/status HTTP/1.1" 200
2026-05-07 20:56:14,430 | ERROR   | uvicorn.error | keepalive ping failed
Traceback (most recent call last):
  File "C:\Users\Berat\Downloads\Mark-XXXIX-main - Kopya\Mark-XXXIX-main\venv\Lib\site-packages\websockets\legacy\protocol.py", line 1233, in keepalive_ping
    pong_waiter = await self.ping()
                  ^^^^^^^^^^^^^^^^^
  File "C:\Users\Berat\Downloads\Mark-XXXIX-main - Kopya\Mark-XXXIX-main\venv\Lib\site-packages\websockets\legacy\protocol.py", line 843, in ping
    await self.write_frame(True, OP_PING, data)
  File "C:\Users\Berat\Downloads\Mark-XXXIX-main - Kopya\Mark-XXXIX-main\venv\Lib\site-packages\websockets\legacy\protocol.py", line 1184, in write_frame
    await self.drain()
  File "C:\Users\Berat\Downloads\Mark-XXXIX-main - Kopya\Mark-XXXIX-main\venv\Lib\site-packages\websockets\legacy\protocol.py", line 1167, in drain
    await self._drain()
  File "C:\Users\Berat\Downloads\Mark-XXXIX-main - Kopya\Mark-XXXIX-main\venv\Lib\site-packages\websockets\legacy\protocol.py", line 328, in _drain
    await self._drain_helper()
  File "C:\Users\Berat\Downloads\Mark-XXXIX-main - Kopya\Mark-XXXIX-main\venv\Lib\site-packages\websockets\legacy\protocol.py", line 308, in _drain_helper
    assert waiter is None or waiter.cancelled()
           ^^^^^^^^^^^^^^^^^^^^^^^^^^^^^^^^^^^^
AssertionError
2026-05-07 20:56:15,268 | INFO    | uvicorn.access | 85.106.157.114:0 - "GET /api/terminal/history HTTP/1.1" 200
2026-05-07 20:56:17,240 | INFO    | uvicorn.access | 85.106.157.114:0 - "GET /api/terminal/history HTTP/1.1" 200
2026-05-07 20:56:19,216 | INFO    | uvicorn.access | 85.106.157.114:0 - "GET /api/system/status HTTP/1.1" 200
2026-05-07 20:56:19,216 | INFO    | uvicorn.access | 85.106.157.114:0 - "GET /api/security/status HTTP/1.1" 200
2026-05-07 20:56:19,216 | INFO    | uvicorn.access | 85.106.157.114:0 - "GET /api/terminal/history HTTP/1.1" 200
2026-05-07 20:56:21,246 | INFO    | uvicorn.access | 85.106.157.114:0 - "GET /api/terminal/history HTTP/1.1" 200
2026-05-07 20:56:23,254 | INFO    | uvicorn.access | 85.106.157.114:0 - "GET /api/terminal/history HTTP/1.1" 200
2026-05-07 20:56:24,266 | INFO    | uvicorn.access | 85.106.157.114:0 - "GET /api/system/status HTTP/1.1" 200
2026-05-07 20:56:24,268 | INFO    | uvicorn.access | 85.106.157.114:0 - "GET /api/security/status HTTP/1.1" 200
2026-05-07 20:56:25,285 | INFO    | uvicorn.access | 85.106.157.114:0 - "GET /api/terminal/history HTTP/1.1" 200
2026-05-07 20:56:27,222 | INFO    | uvicorn.access | 85.106.157.114:0 - "GET /api/terminal/history HTTP/1.1" 200
2026-05-07 20:56:29,241 | INFO    | uvicorn.access | 85.106.157.114:0 - "GET /api/system/status HTTP/1.1" 200
2026-05-07 20:56:29,243 | INFO    | uvicorn.access | 85.106.157.114:0 - "GET /api/terminal/history HTTP/1.1" 200
2026-05-07 20:56:29,244 | INFO    | uvicorn.access | 85.106.157.114:0 - "GET /api/security/status HTTP/1.1" 200
2026-05-07 20:56:31,246 | INFO    | uvicorn.access | 85.106.157.114:0 - "GET /api/terminal/history HTTP/1.1" 200
2026-05-07 20:56:33,268 | INFO    | uvicorn.access | 85.106.157.114:0 - "GET /api/terminal/history HTTP/1.1" 200
2026-05-07 20:56:34,283 | INFO    | uvicorn.access | 85.106.157.114:0 - "GET /api/system/status HTTP/1.1" 200
2026-05-07 20:56:34,291 | INFO    | uvicorn.access | 85.106.157.114:0 - "GET /api/security/status HTTP/1.1" 200
2026-05-07 20:56:35,274 | INFO    | uvicorn.access | 85.106.157.114:0 - "GET /api/terminal/history HTTP/1.1" 200
2026-05-07 20:56:37,218 | INFO    | uvicorn.access | 85.106.157.114:0 - "GET /api/terminal/history HTTP/1.1" 200
2026-05-07 20:56:39,270 | INFO    | uvicorn.access | 85.106.157.114:0 - "GET /api/terminal/history HTTP/1.1" 200
2026-05-07 20:56:39,273 | INFO    | uvicorn.access | 85.106.157.114:0 - "GET /api/security/status HTTP/1.1" 200
2026-05-07 20:56:39,273 | INFO    | uvicorn.access | 85.106.157.114:0 - "GET /api/system/status HTTP/1.1" 200
2026-05-07 20:56:41,272 | INFO    | uvicorn.access | 85.106.157.114:0 - "GET /api/terminal/history HTTP/1.1" 200
2026-05-07 20:56:43,283 | INFO    | uvicorn.access | 85.106.157.114:0 - "GET /api/terminal/history HTTP/1.1" 200
2026-05-07 20:56:44,274 | INFO    | uvicorn.access | 85.106.157.114:0 - "GET /api/system/status HTTP/1.1" 200
2026-05-07 20:56:44,275 | INFO    | uvicorn.access | 85.106.157.114:0 - "GET /api/security/status HTTP/1.1" 200
2026-05-07 20:56:45,294 | INFO    | uvicorn.access | 85.106.157.114:0 - "GET /api/terminal/history HTTP/1.1" 200
2026-05-07 20:56:47,242 | INFO    | uvicorn.access | 85.106.157.114:0 - "GET /api/terminal/history HTTP/1.1" 200
2026-05-07 20:56:49,274 | INFO    | uvicorn.access | 85.106.157.114:0 - "GET /api/system/status HTTP/1.1" 200
2026-05-07 20:56:49,275 | INFO    | uvicorn.access | 85.106.157.114:0 - "GET /api/security/status HTTP/1.1" 200
2026-05-07 20:56:49,276 | INFO    | uvicorn.access | 85.106.157.114:0 - "GET /api/terminal/history HTTP/1.1" 200
2026-05-07 20:56:51,254 | INFO    | uvicorn.access | 85.106.157.114:0 - "GET /api/terminal/history HTTP/1.1" 200
2026-05-07 20:56:53,260 | INFO    | uvicorn.access | 85.106.157.114:0 - "GET /api/terminal/history HTTP/1.1" 200
2026-05-07 20:56:54,274 | INFO    | uvicorn.access | 85.106.157.114:0 - "GET /api/system/status HTTP/1.1" 200
2026-05-07 20:56:54,275 | INFO    | uvicorn.access | 85.106.157.114:0 - "GET /api/security/status HTTP/1.1" 200
2026-05-07 20:56:55,278 | INFO    | uvicorn.access | 85.106.157.114:0 - "GET /api/terminal/history HTTP/1.1" 200
2026-05-07 20:56:57,213 | INFO    | uvicorn.access | 85.106.157.114:0 - "GET /api/terminal/history HTTP/1.1" 200
2026-05-07 20:56:59,257 | INFO    | uvicorn.access | 85.106.157.114:0 - "GET /api/system/status HTTP/1.1" 200
2026-05-07 20:56:59,260 | INFO    | uvicorn.access | 85.106.157.114:0 - "GET /api/security/status HTTP/1.1" 200
2026-05-07 20:56:59,269 | INFO    | uvicorn.access | 85.106.157.114:0 - "GET /api/terminal/history HTTP/1.1" 200
2026-05-07 20:57:01,246 | INFO    | uvicorn.access | 85.106.157.114:0 - "GET /api/terminal/history HTTP/1.1" 200
2026-05-07 20:57:03,267 | INFO    | uvicorn.access | 85.106.157.114:0 - "GET /api/terminal/history HTTP/1.1" 200
2026-05-07 20:57:04,296 | INFO    | uvicorn.access | 85.106.157.114:0 - "GET /api/system/status HTTP/1.1" 200
2026-05-07 20:57:04,301 | INFO    | uvicorn.access | 85.106.157.114:0 - "GET /api/security/status HTTP/1.1" 200
2026-05-07 20:57:05,273 | INFO    | uvicorn.access | 85.106.157.114:0 - "GET /api/terminal/history HTTP/1.1" 200
2026-05-07 20:57:07,211 | INFO    | uvicorn.access | 85.106.157.114:0 - "GET /api/terminal/history HTTP/1.1" 200
2026-05-07 20:57:09,245 | INFO    | uvicorn.access | 85.106.157.114:0 - "GET /api/system/status HTTP/1.1" 200
2026-05-07 20:57:09,246 | INFO    | uvicorn.access | 85.106.157.114:0 - "GET /api/security/status HTTP/1.1" 200
2026-05-07 20:57:09,247 | INFO    | uvicorn.access | 85.106.157.114:0 - "GET /api/terminal/history HTTP/1.1" 200
2026-05-07 20:57:11,262 | INFO    | uvicorn.access | 85.106.157.114:0 - "GET /api/terminal/history HTTP/1.1" 200
2026-05-07 20:57:13,258 | INFO    | uvicorn.access | 85.106.157.114:0 - "GET /api/terminal/history HTTP/1.1" 200
2026-05-07 20:57:14,334 | INFO    | uvicorn.access | 85.106.157.114:0 - "GET /api/system/status HTTP/1.1" 200
2026-05-07 20:57:14,335 | INFO    | uvicorn.access | 85.106.157.114:0 - "GET /api/security/status HTTP/1.1" 200
2026-05-07 20:57:15,286 | INFO    | uvicorn.access | 85.106.157.114:0 - "GET /api/terminal/history HTTP/1.1" 200
2026-05-07 20:57:17,215 | INFO    | uvicorn.access | 85.106.157.114:0 - "GET /api/terminal/history HTTP/1.1" 200
2026-05-07 20:57:19,264 | INFO    | uvicorn.access | 85.106.157.114:0 - "GET /api/system/status HTTP/1.1" 200
2026-05-07 20:57:19,271 | INFO    | uvicorn.access | 85.106.157.114:0 - "GET /api/terminal/history HTTP/1.1" 200
2026-05-07 20:57:19,271 | INFO    | uvicorn.access | 85.106.157.114:0 - "GET /api/security/status HTTP/1.1" 200
2026-05-07 20:57:21,259 | INFO    | uvicorn.access | 85.106.157.114:0 - "GET /api/terminal/history HTTP/1.1" 200
2026-05-07 20:57:23,262 | INFO    | uvicorn.access | 85.106.157.114:0 - "GET /api/terminal/history HTTP/1.1" 200
2026-05-07 20:57:24,198 | INFO    | uvicorn.access | 85.106.157.114:0 - "GET /api/system/status HTTP/1.1" 200
2026-05-07 20:57:24,202 | INFO    | uvicorn.access | 85.106.157.114:0 - "GET /api/security/status HTTP/1.1" 200
2026-05-07 20:57:25,209 | INFO    | uvicorn.access | 85.106.157.114:0 - "GET /api/terminal/history HTTP/1.1" 200
2026-05-07 20:57:27,234 | INFO    | uvicorn.access | 85.106.157.114:0 - "GET /api/terminal/history HTTP/1.1" 200
2026-05-07 20:57:29,247 | INFO    | uvicorn.access | 85.106.157.114:0 - "GET /api/system/status HTTP/1.1" 200
2026-05-07 20:57:29,249 | INFO    | uvicorn.access | 85.106.157.114:0 - "GET /api/security/status HTTP/1.1" 200
2026-05-07 20:57:29,250 | INFO    | uvicorn.access | 85.106.157.114:0 - "GET /api/terminal/history HTTP/1.1" 200
2026-05-07 20:57:31,212 | INFO    | uvicorn.access | 85.106.157.114:0 - "GET /api/terminal/history HTTP/1.1" 200
2026-05-07 20:57:33,209 | INFO    | uvicorn.access | 85.106.157.114:0 - "GET /api/terminal/history HTTP/1.1" 200
2026-05-07 20:57:34,234 | INFO    | uvicorn.access | 85.106.157.114:0 - "GET /api/system/status HTTP/1.1" 200
2026-05-07 20:57:34,235 | INFO    | uvicorn.access | 85.106.157.114:0 - "GET /api/security/status HTTP/1.1" 200
2026-05-07 20:57:35,242 | INFO    | uvicorn.access | 85.106.157.114:0 - "GET /api/terminal/history HTTP/1.1" 200
2026-05-07 20:57:37,249 | INFO    | uvicorn.access | 85.106.157.114:0 - "GET /api/terminal/history HTTP/1.1" 200
2026-05-07 20:57:39,274 | INFO    | uvicorn.access | 85.106.157.114:0 - "GET /api/system/status HTTP/1.1" 200
2026-05-07 20:57:39,275 | INFO    | uvicorn.access | 85.106.157.114:0 - "GET /api/security/status HTTP/1.1" 200
2026-05-07 20:57:39,275 | INFO    | uvicorn.access | 85.106.157.114:0 - "GET /api/terminal/history HTTP/1.1" 200
2026-05-07 20:57:41,274 | INFO    | uvicorn.access | 85.106.157.114:0 - "GET /api/terminal/history HTTP/1.1" 200
2026-05-07 20:57:43,284 | INFO    | uvicorn.access | 85.106.157.114:0 - "GET /api/terminal/history HTTP/1.1" 200
2026-05-07 20:57:44,228 | INFO    | uvicorn.access | 85.106.157.114:0 - "GET /api/system/status HTTP/1.1" 200
2026-05-07 20:57:44,229 | INFO    | uvicorn.access | 85.106.157.114:0 - "GET /api/security/status HTTP/1.1" 200
2026-05-07 20:57:45,241 | INFO    | uvicorn.access | 85.106.157.114:0 - "GET /api/terminal/history HTTP/1.1" 200
2026-05-07 20:57:47,249 | INFO    | uvicorn.access | 85.106.157.114:0 - "GET /api/terminal/history HTTP/1.1" 200
2026-05-07 20:57:49,278 | INFO    | uvicorn.access | 85.106.157.114:0 - "GET /api/system/status HTTP/1.1" 200
2026-05-07 20:57:49,284 | INFO    | uvicorn.access | 85.106.157.114:0 - "GET /api/terminal/history HTTP/1.1" 200
2026-05-07 20:57:49,284 | INFO    | uvicorn.access | 85.106.157.114:0 - "GET /api/security/status HTTP/1.1" 200
2026-05-07 20:57:51,214 | INFO    | uvicorn.access | 85.106.157.114:0 - "GET /api/terminal/history HTTP/1.1" 200
2026-05-07 20:57:53,241 | INFO    | uvicorn.access | 85.106.157.114:0 - "GET /api/terminal/history HTTP/1.1" 200
2026-05-07 20:57:54,250 | INFO    | uvicorn.access | 85.106.157.114:0 - "GET /api/system/status HTTP/1.1" 200
2026-05-07 20:57:54,251 | INFO    | uvicorn.access | 85.106.157.114:0 - "GET /api/security/status HTTP/1.1" 200
2026-05-07 20:57:55,235 | INFO    | uvicorn.access | 85.106.157.114:0 - "GET /api/terminal/history HTTP/1.1" 200
2026-05-07 20:57:57,267 | INFO    | uvicorn.access | 85.106.157.114:0 - "GET /api/terminal/history HTTP/1.1" 200
2026-05-07 20:57:59,283 | INFO    | uvicorn.access | 85.106.157.114:0 - "GET /api/system/status HTTP/1.1" 200
2026-05-07 20:57:59,312 | INFO    | uvicorn.access | 85.106.157.114:0 - "GET /api/terminal/history HTTP/1.1" 200
2026-05-07 20:57:59,312 | INFO    | uvicorn.access | 85.106.157.114:0 - "GET /api/security/status HTTP/1.1" 200
2026-05-07 20:58:01,280 | INFO    | uvicorn.access | 85.106.157.114:0 - "GET /api/terminal/history HTTP/1.1" 200
2026-05-07 20:58:03,237 | INFO    | uvicorn.access | 85.106.157.114:0 - "GET /api/terminal/history HTTP/1.1" 200
2026-05-07 20:58:04,235 | INFO    | uvicorn.access | 85.106.157.114:0 - "GET /api/system/status HTTP/1.1" 200
2026-05-07 20:58:04,241 | INFO    | uvicorn.access | 85.106.157.114:0 - "GET /api/security/status HTTP/1.1" 200
2026-05-07 20:58:05,239 | INFO    | uvicorn.access | 85.106.157.114:0 - "GET /api/terminal/history HTTP/1.1" 200
2026-05-07 20:58:07,255 | INFO    | uvicorn.access | 85.106.157.114:0 - "GET /api/terminal/history HTTP/1.1" 200
2026-05-07 20:58:09,297 | INFO    | uvicorn.access | 85.106.157.114:0 - "GET /api/terminal/history HTTP/1.1" 200
2026-05-07 20:58:09,299 | INFO    | uvicorn.access | 85.106.157.114:0 - "GET /api/security/status HTTP/1.1" 200
2026-05-07 20:58:09,299 | INFO    | uvicorn.access | 85.106.157.114:0 - "GET /api/system/status HTTP/1.1" 200
2026-05-07 20:58:11,228 | INFO    | uvicorn.access | 85.106.157.114:0 - "GET /api/terminal/history HTTP/1.1" 200
2026-05-07 20:58:13,262 | INFO    | uvicorn.access | 85.106.157.114:0 - "GET /api/terminal/history HTTP/1.1" 200
2026-05-07 20:58:14,254 | INFO    | uvicorn.access | 85.106.157.114:0 - "GET /api/system/status HTTP/1.1" 200
2026-05-07 20:58:14,260 | INFO    | uvicorn.access | 85.106.157.114:0 - "GET /api/security/status HTTP/1.1" 200
2026-05-07 20:58:15,207 | INFO    | uvicorn.access | 85.106.157.114:0 - "GET /api/terminal/history HTTP/1.1" 200
2026-05-07 20:58:17,225 | INFO    | uvicorn.access | 85.106.157.114:0 - "GET /api/terminal/history HTTP/1.1" 200
2026-05-07 20:58:19,229 | INFO    | uvicorn.access | 85.106.157.114:0 - "GET /api/system/status HTTP/1.1" 200
2026-05-07 20:58:19,233 | INFO    | uvicorn.access | 85.106.157.114:0 - "GET /api/security/status HTTP/1.1" 200
2026-05-07 20:58:19,234 | INFO    | uvicorn.access | 85.106.157.114:0 - "GET /api/terminal/history HTTP/1.1" 200
2026-05-07 20:58:21,254 | INFO    | uvicorn.access | 85.106.157.114:0 - "GET /api/terminal/history HTTP/1.1" 200
2026-05-07 20:58:23,269 | INFO    | uvicorn.access | 85.106.157.114:0 - "GET /api/terminal/history HTTP/1.1" 200
2026-05-07 20:58:24,267 | INFO    | uvicorn.access | 85.106.157.114:0 - "GET /api/system/status HTTP/1.1" 200
2026-05-07 20:58:24,268 | INFO    | uvicorn.access | 85.106.157.114:0 - "GET /api/security/status HTTP/1.1" 200
2026-05-07 20:58:25,198 | INFO    | uvicorn.access | 85.106.157.114:0 - "GET /api/terminal/history HTTP/1.1" 200
2026-05-07 20:58:27,220 | INFO    | uvicorn.access | 85.106.157.114:0 - "GET /api/terminal/history HTTP/1.1" 200
2026-05-07 20:58:29,252 | INFO    | uvicorn.access | 85.106.157.114:0 - "GET /api/security/status HTTP/1.1" 200
2026-05-07 20:58:29,255 | INFO    | uvicorn.access | 85.106.157.114:0 - "GET /api/terminal/history HTTP/1.1" 200
2026-05-07 20:58:29,256 | INFO    | uvicorn.access | 85.106.157.114:0 - "GET /api/system/status HTTP/1.1" 200
2026-05-07 20:58:31,251 | INFO    | uvicorn.access | 85.106.157.114:0 - "GET /api/terminal/history HTTP/1.1" 200
2026-05-07 20:58:33,277 | INFO    | uvicorn.access | 85.106.157.114:0 - "GET /api/terminal/history HTTP/1.1" 200
2026-05-07 20:58:34,298 | INFO    | uvicorn.access | 85.106.157.114:0 - "GET /api/security/status HTTP/1.1" 200
2026-05-07 20:58:34,304 | INFO    | uvicorn.access | 85.106.157.114:0 - "GET /api/system/status HTTP/1.1" 200
2026-05-07 20:58:35,275 | INFO    | uvicorn.access | 85.106.157.114:0 - "GET /api/terminal/history HTTP/1.1" 200
2026-05-07 20:58:37,227 | INFO    | uvicorn.access | 85.106.157.114:0 - "GET /api/terminal/history HTTP/1.1" 200
2026-05-07 20:58:39,269 | INFO    | uvicorn.access | 85.106.157.114:0 - "GET /api/security/status HTTP/1.1" 200
2026-05-07 20:58:39,271 | INFO    | uvicorn.access | 85.106.157.114:0 - "GET /api/system/status HTTP/1.1" 200
2026-05-07 20:58:39,271 | INFO    | uvicorn.access | 85.106.157.114:0 - "GET /api/terminal/history HTTP/1.1" 200
2026-05-07 20:58:41,255 | INFO    | uvicorn.access | 85.106.157.114:0 - "GET /api/terminal/history HTTP/1.1" 200
2026-05-07 20:58:43,264 | INFO    | uvicorn.access | 85.106.157.114:0 - "GET /api/terminal/history HTTP/1.1" 200
2026-05-07 20:58:44,285 | INFO    | uvicorn.access | 85.106.157.114:0 - "GET /api/security/status HTTP/1.1" 200
2026-05-07 20:58:44,286 | INFO    | uvicorn.access | 85.106.157.114:0 - "GET /api/system/status HTTP/1.1" 200
2026-05-07 20:58:45,284 | INFO    | uvicorn.access | 85.106.157.114:0 - "GET /api/terminal/history HTTP/1.1" 200
2026-05-07 20:58:47,236 | INFO    | uvicorn.access | 85.106.157.114:0 - "GET /api/terminal/history HTTP/1.1" 200
2026-05-07 20:58:49,245 | INFO    | uvicorn.access | 85.106.157.114:0 - "GET /api/system/status HTTP/1.1" 200
2026-05-07 20:58:49,248 | INFO    | uvicorn.access | 85.106.157.114:0 - "GET /api/terminal/history HTTP/1.1" 200
2026-05-07 20:58:49,249 | INFO    | uvicorn.access | 85.106.157.114:0 - "GET /api/security/status HTTP/1.1" 200
2026-05-07 20:58:51,289 | INFO    | uvicorn.access | 85.106.157.114:0 - "GET /api/terminal/history HTTP/1.1" 200
2026-05-07 20:58:53,283 | INFO    | uvicorn.access | 85.106.157.114:0 - "GET /api/terminal/history HTTP/1.1" 200
2026-05-07 20:58:54,286 | INFO    | uvicorn.access | 85.106.157.114:0 - "GET /api/system/status HTTP/1.1" 200
2026-05-07 20:58:54,294 | INFO    | uvicorn.access | 85.106.157.114:0 - "GET /api/security/status HTTP/1.1" 200
2026-05-07 20:58:55,249 | INFO    | uvicorn.access | 85.106.157.114:0 - "GET /api/terminal/history HTTP/1.1" 200
2026-05-07 20:58:57,240 | INFO    | uvicorn.access | 85.106.157.114:0 - "GET /api/terminal/history HTTP/1.1" 200
2026-05-07 20:58:59,250 | INFO    | uvicorn.access | 85.106.157.114:0 - "GET /api/system/status HTTP/1.1" 200
2026-05-07 20:58:59,255 | INFO    | uvicorn.access | 85.106.157.114:0 - "GET /api/security/status HTTP/1.1" 200
2026-05-07 20:58:59,256 | INFO    | uvicorn.access | 85.106.157.114:0 - "GET /api/terminal/history HTTP/1.1" 200
2026-05-07 20:59:01,262 | INFO    | uvicorn.access | 85.106.157.114:0 - "GET /api/terminal/history HTTP/1.1" 200
2026-05-07 20:59:03,272 | INFO    | uvicorn.access | 85.106.157.114:0 - "GET /api/terminal/history HTTP/1.1" 200
2026-05-07 20:59:04,273 | INFO    | uvicorn.access | 85.106.157.114:0 - "GET /api/system/status HTTP/1.1" 200
2026-05-07 20:59:04,278 | INFO    | uvicorn.access | 85.106.157.114:0 - "GET /api/security/status HTTP/1.1" 200
2026-05-07 20:59:05,294 | INFO    | uvicorn.access | 85.106.157.114:0 - "GET /api/terminal/history HTTP/1.1" 200
2026-05-07 20:59:07,226 | INFO    | uvicorn.access | 85.106.157.114:0 - "GET /api/terminal/history HTTP/1.1" 200
2026-05-07 20:59:09,220 | INFO    | uvicorn.access | 85.106.157.114:0 - "GET /api/system/status HTTP/1.1" 200
2026-05-07 20:59:09,222 | INFO    | uvicorn.access | 85.106.157.114:0 - "GET /api/terminal/history HTTP/1.1" 200
2026-05-07 20:59:09,223 | INFO    | uvicorn.access | 85.106.157.114:0 - "GET /api/security/status HTTP/1.1" 200
2026-05-07 20:59:11,260 | INFO    | uvicorn.access | 85.106.157.114:0 - "GET /api/terminal/history HTTP/1.1" 200
2026-05-07 20:59:13,295 | INFO    | uvicorn.access | 85.106.157.114:0 - "GET /api/terminal/history HTTP/1.1" 200
2026-05-07 20:59:14,282 | INFO    | uvicorn.access | 85.106.157.114:0 - "GET /api/system/status HTTP/1.1" 200
2026-05-07 20:59:14,284 | INFO    | uvicorn.access | 85.106.157.114:0 - "GET /api/security/status HTTP/1.1" 200
2026-05-07 20:59:15,306 | INFO    | uvicorn.access | 85.106.157.114:0 - "GET /api/terminal/history HTTP/1.1" 200
2026-05-07 20:59:17,219 | INFO    | uvicorn.access | 85.106.157.114:0 - "GET /api/terminal/history HTTP/1.1" 200
2026-05-07 20:59:19,244 | INFO    | uvicorn.access | 85.106.157.114:0 - "GET /api/system/status HTTP/1.1" 200
2026-05-07 20:59:19,248 | INFO    | uvicorn.access | 85.106.157.114:0 - "GET /api/security/status HTTP/1.1" 200
2026-05-07 20:59:19,249 | INFO    | uvicorn.access | 85.106.157.114:0 - "GET /api/terminal/history HTTP/1.1" 200
2026-05-07 20:59:21,254 | INFO    | uvicorn.access | 85.106.157.114:0 - "GET /api/terminal/history HTTP/1.1" 200
2026-05-07 20:59:23,264 | INFO    | uvicorn.access | 85.106.157.114:0 - "GET /api/terminal/history HTTP/1.1" 200
2026-05-07 20:59:24,288 | INFO    | uvicorn.access | 85.106.157.114:0 - "GET /api/security/status HTTP/1.1" 200
2026-05-07 20:59:24,289 | INFO    | uvicorn.access | 85.106.157.114:0 - "GET /api/system/status HTTP/1.1" 200
2026-05-07 20:59:25,289 | INFO    | uvicorn.access | 85.106.157.114:0 - "GET /api/terminal/history HTTP/1.1" 200
2026-05-07 20:59:27,231 | INFO    | uvicorn.access | 85.106.157.114:0 - "GET /api/terminal/history HTTP/1.1" 200
2026-05-07 20:59:29,302 | INFO    | uvicorn.access | 85.106.157.114:0 - "GET /api/system/status HTTP/1.1" 200
2026-05-07 20:59:29,347 | INFO    | uvicorn.access | 85.106.157.114:0 - "GET /api/security/status HTTP/1.1" 200
2026-05-07 20:59:29,351 | INFO    | uvicorn.access | 85.106.157.114:0 - "GET /api/terminal/history HTTP/1.1" 200
2026-05-07 20:59:31,261 | INFO    | uvicorn.access | 85.106.157.114:0 - "GET /api/terminal/history HTTP/1.1" 200
2026-05-07 20:59:33,274 | INFO    | uvicorn.access | 85.106.157.114:0 - "GET /api/terminal/history HTTP/1.1" 200
2026-05-07 20:59:34,278 | INFO    | uvicorn.access | 85.106.157.114:0 - "GET /api/security/status HTTP/1.1" 200
2026-05-07 20:59:34,279 | INFO    | uvicorn.access | 85.106.157.114:0 - "GET /api/system/status HTTP/1.1" 200
2026-05-07 20:59:35,279 | INFO    | uvicorn.access | 85.106.157.114:0 - "GET /api/terminal/history HTTP/1.1" 200
2026-05-07 20:59:37,227 | INFO    | uvicorn.access | 85.106.157.114:0 - "GET /api/terminal/history HTTP/1.1" 200
2026-05-07 20:59:39,281 | INFO    | uvicorn.access | 85.106.157.114:0 - "GET /api/system/status HTTP/1.1" 200
2026-05-07 20:59:39,295 | INFO    | uvicorn.access | 85.106.157.114:0 - "GET /api/security/status HTTP/1.1" 200
2026-05-07 20:59:39,297 | INFO    | uvicorn.access | 85.106.157.114:0 - "GET /api/terminal/history HTTP/1.1" 200
2026-05-07 20:59:41,254 | INFO    | uvicorn.access | 85.106.157.114:0 - "GET /api/terminal/history HTTP/1.1" 200
2026-05-07 20:59:43,275 | INFO    | uvicorn.access | 85.106.157.114:0 - "GET /api/terminal/history HTTP/1.1" 200
2026-05-07 20:59:44,297 | INFO    | uvicorn.access | 85.106.157.114:0 - "GET /api/security/status HTTP/1.1" 200
2026-05-07 20:59:44,298 | INFO    | uvicorn.access | 85.106.157.114:0 - "GET /api/system/status HTTP/1.1" 200
2026-05-07 20:59:45,277 | INFO    | uvicorn.access | 85.106.157.114:0 - "GET /api/terminal/history HTTP/1.1" 200
2026-05-07 20:59:47,227 | INFO    | uvicorn.access | 85.106.157.114:0 - "GET /api/terminal/history HTTP/1.1" 200
2026-05-07 20:59:49,244 | INFO    | uvicorn.access | 85.106.157.114:0 - "GET /api/system/status HTTP/1.1" 200
2026-05-07 20:59:49,247 | INFO    | uvicorn.access | 85.106.157.114:0 - "GET /api/security/status HTTP/1.1" 200
2026-05-07 20:59:49,249 | INFO    | uvicorn.access | 85.106.157.114:0 - "GET /api/terminal/history HTTP/1.1" 200
2026-05-07 20:59:51,272 | INFO    | uvicorn.access | 85.106.157.114:0 - "GET /api/terminal/history HTTP/1.1" 200
2026-05-07 20:59:53,270 | INFO    | uvicorn.access | 85.106.157.114:0 - "GET /api/terminal/history HTTP/1.1" 200
2026-05-07 20:59:54,275 | INFO    | uvicorn.access | 85.106.157.114:0 - "GET /api/system/status HTTP/1.1" 200
2026-05-07 20:59:54,277 | INFO    | uvicorn.access | 85.106.157.114:0 - "GET /api/security/status HTTP/1.1" 200
2026-05-07 20:59:55,268 | INFO    | uvicorn.access | 85.106.157.114:0 - "GET /api/terminal/history HTTP/1.1" 200
2026-05-07 20:59:57,083 | INFO    | uvicorn.access | 85.106.157.114:0 - "GET /api/terminal/history HTTP/1.1" 200
2026-05-07 20:59:59,090 | INFO    | uvicorn.access | 85.106.157.114:0 - "GET /api/system/status HTTP/1.1" 200
2026-05-07 20:59:59,093 | INFO    | uvicorn.access | 85.106.157.114:0 - "GET /api/security/status HTTP/1.1" 200
2026-05-07 20:59:59,093 | INFO    | uvicorn.access | 85.106.157.114:0 - "GET /api/terminal/history HTTP/1.1" 200
2026-05-07 21:00:01,118 | INFO    | uvicorn.access | 85.106.157.114:0 - "GET /api/terminal/history HTTP/1.1" 200
2026-05-07 21:00:03,140 | INFO    | uvicorn.access | 85.106.157.114:0 - "GET /api/terminal/history HTTP/1.1" 200
2026-05-07 21:00:04,079 | INFO    | uvicorn.access | 85.106.157.114:0 - "GET /api/system/status HTTP/1.1" 200
2026-05-07 21:00:04,096 | INFO    | uvicorn.access | 85.106.157.114:0 - "GET /api/security/status HTTP/1.1" 200
2026-05-07 21:00:05,125 | INFO    | uvicorn.access | 85.106.157.114:0 - "GET /api/terminal/history HTTP/1.1" 200
2026-05-07 21:00:07,134 | INFO    | uvicorn.access | 85.106.157.114:0 - "GET /api/terminal/history HTTP/1.1" 200
2026-05-07 21:00:09,105 | INFO    | uvicorn.access | 85.106.157.114:0 - "GET /api/security/status HTTP/1.1" 200
2026-05-07 21:00:09,106 | INFO    | uvicorn.access | 85.106.157.114:0 - "GET /api/terminal/history HTTP/1.1" 200
2026-05-07 21:00:09,107 | INFO    | uvicorn.access | 85.106.157.114:0 - "GET /api/system/status HTTP/1.1" 200
2026-05-07 21:00:11,107 | INFO    | uvicorn.access | 85.106.157.114:0 - "GET /api/terminal/history HTTP/1.1" 200
2026-05-07 21:00:13,231 | INFO    | uvicorn.access | 85.106.157.114:0 - "GET /api/terminal/history HTTP/1.1" 200
2026-05-07 21:00:14,232 | INFO    | uvicorn.access | 85.106.157.114:0 - "GET /api/system/status HTTP/1.1" 200
2026-05-07 21:00:14,233 | INFO    | uvicorn.access | 85.106.157.114:0 - "GET /api/security/status HTTP/1.1" 200
2026-05-07 21:00:15,237 | INFO    | uvicorn.access | 85.106.157.114:0 - "GET /api/terminal/history HTTP/1.1" 200
2026-05-07 21:00:17,284 | INFO    | uvicorn.access | 85.106.157.114:0 - "GET /api/terminal/history HTTP/1.1" 200
2026-05-07 21:00:19,273 | INFO    | uvicorn.access | 85.106.157.114:0 - "GET /api/terminal/history HTTP/1.1" 200
2026-05-07 21:00:19,274 | INFO    | uvicorn.access | 85.106.157.114:0 - "GET /api/system/status HTTP/1.1" 200
2026-05-07 21:00:19,275 | INFO    | uvicorn.access | 85.106.157.114:0 - "GET /api/security/status HTTP/1.1" 200
2026-05-07 21:00:21,379 | INFO    | uvicorn.access | 85.106.157.114:0 - "GET /api/terminal/history HTTP/1.1" 200
2026-05-07 21:00:23,261 | INFO    | uvicorn.access | 85.106.157.114:0 - "GET /api/terminal/history HTTP/1.1" 200
2026-05-07 21:00:24,272 | INFO    | uvicorn.access | 85.106.157.114:0 - "GET /api/system/status HTTP/1.1" 200
2026-05-07 21:00:24,274 | INFO    | uvicorn.access | 85.106.157.114:0 - "GET /api/security/status HTTP/1.1" 200
2026-05-07 21:00:25,236 | INFO    | uvicorn.access | 85.106.157.114:0 - "GET /api/terminal/history HTTP/1.1" 200
2026-05-07 21:00:27,275 | INFO    | uvicorn.access | 85.106.157.114:0 - "GET /api/terminal/history HTTP/1.1" 200
2026-05-07 21:00:29,271 | INFO    | uvicorn.access | 85.106.157.114:0 - "GET /api/system/status HTTP/1.1" 200
2026-05-07 21:00:29,272 | INFO    | uvicorn.access | 85.106.157.114:0 - "GET /api/security/status HTTP/1.1" 200
2026-05-07 21:00:29,274 | INFO    | uvicorn.access | 85.106.157.114:0 - "GET /api/terminal/history HTTP/1.1" 200
2026-05-07 21:00:31,151 | INFO    | uvicorn.access | 85.106.157.114:0 - "GET /api/terminal/history HTTP/1.1" 200
2026-05-07 21:00:33,160 | INFO    | uvicorn.access | 85.106.157.114:0 - "GET /api/terminal/history HTTP/1.1" 200
2026-05-07 21:00:34,182 | INFO    | uvicorn.access | 85.106.157.114:0 - "GET /api/system/status HTTP/1.1" 200
2026-05-07 21:00:34,187 | INFO    | uvicorn.access | 85.106.157.114:0 - "GET /api/security/status HTTP/1.1" 200
2026-05-07 21:00:35,264 | INFO    | uvicorn.access | 85.106.157.114:0 - "GET /api/terminal/history HTTP/1.1" 200
2026-05-07 21:00:37,243 | INFO    | uvicorn.access | 85.106.157.114:0 - "GET /api/terminal/history HTTP/1.1" 200
2026-05-07 21:00:39,251 | INFO    | uvicorn.access | 85.106.157.114:0 - "GET /api/system/status HTTP/1.1" 200
2026-05-07 21:00:39,255 | INFO    | uvicorn.access | 85.106.157.114:0 - "GET /api/security/status HTTP/1.1" 200
2026-05-07 21:00:39,256 | INFO    | uvicorn.access | 85.106.157.114:0 - "GET /api/terminal/history HTTP/1.1" 200
2026-05-07 21:00:41,266 | INFO    | uvicorn.access | 85.106.157.114:0 - "GET /api/terminal/history HTTP/1.1" 200
2026-05-07 21:00:43,287 | INFO    | uvicorn.access | 85.106.157.114:0 - "GET /api/terminal/history HTTP/1.1" 200
2026-05-07 21:00:44,279 | INFO    | uvicorn.access | 85.106.157.114:0 - "GET /api/system/status HTTP/1.1" 200
2026-05-07 21:00:44,279 | INFO    | uvicorn.access | 85.106.157.114:0 - "GET /api/security/status HTTP/1.1" 200
2026-05-07 21:00:45,274 | INFO    | uvicorn.access | 85.106.157.114:0 - "GET /api/terminal/history HTTP/1.1" 200
2026-05-07 21:00:47,228 | INFO    | uvicorn.access | 85.106.157.114:0 - "GET /api/terminal/history HTTP/1.1" 200
2026-05-07 21:00:49,255 | INFO    | uvicorn.access | 85.106.157.114:0 - "GET /api/system/status HTTP/1.1" 200
2026-05-07 21:00:49,256 | INFO    | uvicorn.access | 85.106.157.114:0 - "GET /api/terminal/history HTTP/1.1" 200
2026-05-07 21:00:49,260 | INFO    | uvicorn.access | 85.106.157.114:0 - "GET /api/security/status HTTP/1.1" 200
2026-05-07 21:00:51,181 | INFO    | uvicorn.access | 85.106.157.114:0 - "GET /api/terminal/history HTTP/1.1" 200
2026-05-07 21:00:53,137 | INFO    | uvicorn.access | 85.106.157.114:0 - "GET /api/terminal/history HTTP/1.1" 200
2026-05-07 21:00:54,248 | INFO    | uvicorn.access | 85.106.157.114:0 - "GET /api/system/status HTTP/1.1" 200
2026-05-07 21:00:54,252 | INFO    | uvicorn.access | 85.106.157.114:0 - "GET /api/security/status HTTP/1.1" 200
2026-05-07 21:00:55,254 | INFO    | uvicorn.access | 85.106.157.114:0 - "GET /api/terminal/history HTTP/1.1" 200
2026-05-07 21:00:57,267 | INFO    | uvicorn.access | 85.106.157.114:0 - "GET /api/terminal/history HTTP/1.1" 200
2026-05-07 21:00:59,300 | INFO    | uvicorn.access | 85.106.157.114:0 - "GET /api/system/status HTTP/1.1" 200
2026-05-07 21:00:59,301 | INFO    | uvicorn.access | 85.106.157.114:0 - "GET /api/terminal/history HTTP/1.1" 200
2026-05-07 21:00:59,303 | INFO    | uvicorn.access | 85.106.157.114:0 - "GET /api/security/status HTTP/1.1" 200
2026-05-07 21:01:01,229 | INFO    | uvicorn.access | 85.106.157.114:0 - "GET /api/terminal/history HTTP/1.1" 200
2026-05-07 21:01:03,242 | INFO    | uvicorn.access | 85.106.157.114:0 - "GET /api/terminal/history HTTP/1.1" 200
2026-05-07 21:01:04,252 | INFO    | uvicorn.access | 85.106.157.114:0 - "GET /api/system/status HTTP/1.1" 200
2026-05-07 21:01:04,252 | INFO    | uvicorn.access | 85.106.157.114:0 - "GET /api/security/status HTTP/1.1" 200
2026-05-07 21:01:05,270 | INFO    | uvicorn.access | 85.106.157.114:0 - "GET /api/terminal/history HTTP/1.1" 200
2026-05-07 21:01:07,274 | INFO    | uvicorn.access | 85.106.157.114:0 - "GET /api/terminal/history HTTP/1.1" 200
2026-05-07 21:01:09,314 | INFO    | uvicorn.access | 85.106.157.114:0 - "GET /api/security/status HTTP/1.1" 200
2026-05-07 21:01:09,315 | INFO    | uvicorn.access | 85.106.157.114:0 - "GET /api/system/status HTTP/1.1" 200
2026-05-07 21:01:09,316 | INFO    | uvicorn.access | 85.106.157.114:0 - "GET /api/terminal/history HTTP/1.1" 200
2026-05-07 21:01:11,237 | INFO    | uvicorn.access | 85.106.157.114:0 - "GET /api/terminal/history HTTP/1.1" 200
2026-05-07 21:01:13,248 | INFO    | uvicorn.access | 85.106.157.114:0 - "GET /api/terminal/history HTTP/1.1" 200
2026-05-07 21:01:14,245 | INFO    | uvicorn.access | 85.106.157.114:0 - "GET /api/system/status HTTP/1.1" 200
2026-05-07 21:01:14,245 | INFO    | uvicorn.access | 85.106.157.114:0 - "GET /api/security/status HTTP/1.1" 200
2026-05-07 21:01:15,249 | INFO    | uvicorn.access | 85.106.157.114:0 - "GET /api/terminal/history HTTP/1.1" 200
2026-05-07 21:01:17,271 | INFO    | uvicorn.access | 85.106.157.114:0 - "GET /api/terminal/history HTTP/1.1" 200
2026-05-07 21:01:19,290 | INFO    | uvicorn.access | 85.106.157.114:0 - "GET /api/system/status HTTP/1.1" 200
2026-05-07 21:01:19,291 | INFO    | uvicorn.access | 85.106.157.114:0 - "GET /api/terminal/history HTTP/1.1" 200
2026-05-07 21:01:19,291 | INFO    | uvicorn.access | 85.106.157.114:0 - "GET /api/security/status HTTP/1.1" 200
2026-05-07 21:01:21,218 | INFO    | uvicorn.access | 85.106.157.114:0 - "GET /api/terminal/history HTTP/1.1" 200
2026-05-07 21:01:23,240 | INFO    | uvicorn.access | 85.106.157.114:0 - "GET /api/terminal/history HTTP/1.1" 200
2026-05-07 21:01:24,248 | INFO    | uvicorn.access | 85.106.157.114:0 - "GET /api/security/status HTTP/1.1" 200
2026-05-07 21:01:24,254 | INFO    | uvicorn.access | 85.106.157.114:0 - "GET /api/system/status HTTP/1.1" 200
2026-05-07 21:01:25,255 | INFO    | uvicorn.access | 85.106.157.114:0 - "GET /api/terminal/history HTTP/1.1" 200
2026-05-07 21:01:27,264 | INFO    | uvicorn.access | 85.106.157.114:0 - "GET /api/terminal/history HTTP/1.1" 200
2026-05-07 21:01:29,301 | INFO    | uvicorn.access | 85.106.157.114:0 - "GET /api/system/status HTTP/1.1" 200
2026-05-07 21:01:29,304 | INFO    | uvicorn.access | 85.106.157.114:0 - "GET /api/terminal/history HTTP/1.1" 200
2026-05-07 21:01:29,305 | INFO    | uvicorn.access | 85.106.157.114:0 - "GET /api/security/status HTTP/1.1" 200
2026-05-07 21:01:31,233 | INFO    | uvicorn.access | 85.106.157.114:0 - "GET /api/terminal/history HTTP/1.1" 200
2026-05-07 21:01:33,247 | INFO    | uvicorn.access | 85.106.157.114:0 - "GET /api/terminal/history HTTP/1.1" 200
2026-05-07 21:01:34,255 | INFO    | uvicorn.access | 85.106.157.114:0 - "GET /api/system/status HTTP/1.1" 200
2026-05-07 21:01:34,256 | INFO    | uvicorn.access | 85.106.157.114:0 - "GET /api/security/status HTTP/1.1" 200
2026-05-07 21:01:35,274 | INFO    | uvicorn.access | 85.106.157.114:0 - "GET /api/terminal/history HTTP/1.1" 200
2026-05-07 21:01:37,178 | INFO    | uvicorn.access | 85.106.157.114:0 - "GET /api/terminal/history HTTP/1.1" 200
2026-05-07 21:01:39,228 | INFO    | uvicorn.access | 85.106.157.114:0 - "GET /api/system/status HTTP/1.1" 200
2026-05-07 21:01:39,233 | INFO    | uvicorn.access | 85.106.157.114:0 - "GET /api/terminal/history HTTP/1.1" 200
2026-05-07 21:01:39,235 | INFO    | uvicorn.access | 85.106.157.114:0 - "GET /api/security/status HTTP/1.1" 200
2026-05-07 21:01:41,241 | INFO    | uvicorn.access | 85.106.157.114:0 - "GET /api/terminal/history HTTP/1.1" 200
2026-05-07 21:01:43,256 | INFO    | uvicorn.access | 85.106.157.114:0 - "GET /api/terminal/history HTTP/1.1" 200
2026-05-07 21:01:44,337 | INFO    | uvicorn.access | 85.106.157.114:0 - "GET /api/system/status HTTP/1.1" 200
2026-05-07 21:01:44,345 | INFO    | uvicorn.access | 85.106.157.114:0 - "GET /api/security/status HTTP/1.1" 200
2026-05-07 21:01:45,267 | INFO    | uvicorn.access | 85.106.157.114:0 - "GET /api/terminal/history HTTP/1.1" 200
2026-05-07 21:01:47,292 | INFO    | uvicorn.access | 85.106.157.114:0 - "GET /api/terminal/history HTTP/1.1" 200
2026-05-07 21:01:49,230 | INFO    | uvicorn.access | 85.106.157.114:0 - "GET /api/system/status HTTP/1.1" 200
2026-05-07 21:01:49,232 | INFO    | uvicorn.access | 85.106.157.114:0 - "GET /api/terminal/history HTTP/1.1" 200
2026-05-07 21:01:49,233 | INFO    | uvicorn.access | 85.106.157.114:0 - "GET /api/security/status HTTP/1.1" 200
2026-05-07 21:01:51,239 | INFO    | uvicorn.access | 85.106.157.114:0 - "GET /api/terminal/history HTTP/1.1" 200
2026-05-07 21:01:53,251 | INFO    | uvicorn.access | 85.106.157.114:0 - "GET /api/terminal/history HTTP/1.1" 200
2026-05-07 21:01:54,272 | INFO    | uvicorn.access | 85.106.157.114:0 - "GET /api/system/status HTTP/1.1" 200
2026-05-07 21:01:54,274 | INFO    | uvicorn.access | 85.106.157.114:0 - "GET /api/security/status HTTP/1.1" 200
2026-05-07 21:01:55,277 | INFO    | uvicorn.access | 85.106.157.114:0 - "GET /api/terminal/history HTTP/1.1" 200
2026-05-07 21:01:57,282 | INFO    | uvicorn.access | 85.106.157.114:0 - "GET /api/terminal/history HTTP/1.1" 200
2026-05-07 21:01:59,243 | INFO    | uvicorn.access | 85.106.157.114:0 - "GET /api/security/status HTTP/1.1" 200
2026-05-07 21:01:59,244 | INFO    | uvicorn.access | 85.106.157.114:0 - "GET /api/terminal/history HTTP/1.1" 200
2026-05-07 21:01:59,245 | INFO    | uvicorn.access | 85.106.157.114:0 - "GET /api/system/status HTTP/1.1" 200
2026-05-07 21:02:01,245 | INFO    | uvicorn.access | 85.106.157.114:0 - "GET /api/terminal/history HTTP/1.1" 200
2026-05-07 21:02:03,270 | INFO    | uvicorn.access | 85.106.157.114:0 - "GET /api/terminal/history HTTP/1.1" 200
2026-05-07 21:02:04,262 | INFO    | uvicorn.access | 85.106.157.114:0 - "GET /api/system/status HTTP/1.1" 200
2026-05-07 21:02:04,263 | INFO    | uvicorn.access | 85.106.157.114:0 - "GET /api/security/status HTTP/1.1" 200
2026-05-07 21:02:05,277 | INFO    | uvicorn.access | 85.106.157.114:0 - "GET /api/terminal/history HTTP/1.1" 200
2026-05-07 21:02:07,308 | INFO    | uvicorn.access | 85.106.157.114:0 - "GET /api/terminal/history HTTP/1.1" 200
2026-05-07 21:02:09,232 | INFO    | uvicorn.access | 85.106.157.114:0 - "GET /api/system/status HTTP/1.1" 200
2026-05-07 21:02:09,236 | INFO    | uvicorn.access | 85.106.157.114:0 - "GET /api/terminal/history HTTP/1.1" 200
2026-05-07 21:02:09,236 | INFO    | uvicorn.access | 85.106.157.114:0 - "GET /api/security/status HTTP/1.1" 200
2026-05-07 21:02:11,239 | INFO    | uvicorn.access | 85.106.157.114:0 - "GET /api/terminal/history HTTP/1.1" 200
2026-05-07 21:02:13,261 | INFO    | uvicorn.access | 85.106.157.114:0 - "GET /api/terminal/history HTTP/1.1" 200
2026-05-07 21:02:14,278 | INFO    | uvicorn.access | 85.106.157.114:0 - "GET /api/system/status HTTP/1.1" 200
2026-05-07 21:02:14,280 | INFO    | uvicorn.access | 85.106.157.114:0 - "GET /api/security/status HTTP/1.1" 200
2026-05-07 21:02:15,274 | INFO    | uvicorn.access | 85.106.157.114:0 - "GET /api/terminal/history HTTP/1.1" 200
2026-05-07 21:02:17,281 | INFO    | uvicorn.access | 85.106.157.114:0 - "GET /api/terminal/history HTTP/1.1" 200
2026-05-07 21:02:19,235 | INFO    | uvicorn.access | 85.106.157.114:0 - "GET /api/system/status HTTP/1.1" 200
2026-05-07 21:02:19,244 | INFO    | uvicorn.access | 85.106.157.114:0 - "GET /api/terminal/history HTTP/1.1" 200
2026-05-07 21:02:19,248 | INFO    | uvicorn.access | 85.106.157.114:0 - "GET /api/security/status HTTP/1.1" 200
2026-05-07 21:02:21,246 | INFO    | uvicorn.access | 85.106.157.114:0 - "GET /api/terminal/history HTTP/1.1" 200
2026-05-07 21:02:23,267 | INFO    | uvicorn.access | 85.106.157.114:0 - "GET /api/terminal/history HTTP/1.1" 200
2026-05-07 21:02:24,272 | INFO    | uvicorn.access | 85.106.157.114:0 - "GET /api/security/status HTTP/1.1" 200
2026-05-07 21:02:24,273 | INFO    | uvicorn.access | 85.106.157.114:0 - "GET /api/system/status HTTP/1.1" 200
2026-05-07 21:02:25,293 | INFO    | uvicorn.access | 85.106.157.114:0 - "GET /api/terminal/history HTTP/1.1" 200
2026-05-07 21:02:27,615 | INFO    | uvicorn.access | 85.106.157.114:0 - "GET /api/terminal/history HTTP/1.1" 200
2026-05-07 21:02:29,234 | INFO    | uvicorn.access | 85.106.157.114:0 - "GET /api/system/status HTTP/1.1" 200
2026-05-07 21:02:29,235 | INFO    | uvicorn.access | 85.106.157.114:0 - "GET /api/terminal/history HTTP/1.1" 200
2026-05-07 21:02:29,237 | INFO    | uvicorn.access | 85.106.157.114:0 - "GET /api/security/status HTTP/1.1" 200
2026-05-07 21:02:31,247 | INFO    | uvicorn.access | 85.106.157.114:0 - "GET /api/terminal/history HTTP/1.1" 200
2026-05-07 21:02:33,263 | INFO    | uvicorn.access | 85.106.157.114:0 - "GET /api/terminal/history HTTP/1.1" 200
2026-05-07 21:02:34,271 | INFO    | uvicorn.access | 85.106.157.114:0 - "GET /api/system/status HTTP/1.1" 200
2026-05-07 21:02:34,272 | INFO    | uvicorn.access | 85.106.157.114:0 - "GET /api/security/status HTTP/1.1" 200
2026-05-07 21:02:35,253 | INFO    | uvicorn.access | 85.106.157.114:0 - "GET /api/terminal/history HTTP/1.1" 200
2026-05-07 21:02:37,161 | INFO    | uvicorn.access | 85.106.157.114:0 - "GET /api/terminal/history HTTP/1.1" 200
2026-05-07 21:02:39,178 | INFO    | uvicorn.access | 85.106.157.114:0 - "GET /api/security/status HTTP/1.1" 200
2026-05-07 21:02:39,179 | INFO    | uvicorn.access | 85.106.157.114:0 - "GET /api/terminal/history HTTP/1.1" 200
2026-05-07 21:02:39,183 | INFO    | uvicorn.access | 85.106.157.114:0 - "GET /api/system/status HTTP/1.1" 200
2026-05-07 21:02:41,316 | INFO    | uvicorn.access | 85.106.157.114:0 - "GET /api/terminal/history HTTP/1.1" 200
2026-05-07 21:02:43,330 | INFO    | uvicorn.access | 85.106.157.114:0 - "GET /api/terminal/history HTTP/1.1" 200
2026-05-07 21:02:44,577 | INFO    | uvicorn.access | 85.106.157.114:0 - "GET /api/system/status HTTP/1.1" 200
2026-05-07 21:02:44,579 | INFO    | uvicorn.access | 85.106.157.114:0 - "GET /api/security/status HTTP/1.1" 200
2026-05-07 21:02:45,257 | INFO    | uvicorn.access | 85.106.157.114:0 - "GET /api/terminal/history HTTP/1.1" 200
2026-05-07 21:02:47,256 | INFO    | uvicorn.access | 85.106.157.114:0 - "GET /api/terminal/history HTTP/1.1" 200
2026-05-07 21:02:49,276 | INFO    | uvicorn.access | 85.106.157.114:0 - "GET /api/security/status HTTP/1.1" 200
2026-05-07 21:02:49,278 | INFO    | uvicorn.access | 85.106.157.114:0 - "GET /api/terminal/history HTTP/1.1" 200
2026-05-07 21:02:49,279 | INFO    | uvicorn.access | 85.106.157.114:0 - "GET /api/system/status HTTP/1.1" 200
2026-05-07 21:02:51,272 | INFO    | uvicorn.access | 85.106.157.114:0 - "GET /api/terminal/history HTTP/1.1" 200
2026-05-07 21:02:53,220 | INFO    | uvicorn.access | 85.106.157.114:0 - "GET /api/terminal/history HTTP/1.1" 200
2026-05-07 21:02:54,245 | INFO    | uvicorn.access | 85.106.157.114:0 - "GET /api/system/status HTTP/1.1" 200
2026-05-07 21:02:54,246 | INFO    | uvicorn.access | 85.106.157.114:0 - "GET /api/security/status HTTP/1.1" 200
2026-05-07 21:02:55,236 | INFO    | uvicorn.access | 85.106.157.114:0 - "GET /api/terminal/history HTTP/1.1" 200
2026-05-07 21:02:57,254 | INFO    | uvicorn.access | 85.106.157.114:0 - "GET /api/terminal/history HTTP/1.1" 200
2026-05-07 21:02:59,282 | INFO    | uvicorn.access | 85.106.157.114:0 - "GET /api/system/status HTTP/1.1" 200
2026-05-07 21:02:59,289 | INFO    | uvicorn.access | 85.106.157.114:0 - "GET /api/security/status HTTP/1.1" 200
2026-05-07 21:02:59,292 | INFO    | uvicorn.access | 85.106.157.114:0 - "GET /api/terminal/history HTTP/1.1" 200
2026-05-07 21:03:01,279 | INFO    | uvicorn.access | 85.106.157.114:0 - "GET /api/terminal/history HTTP/1.1" 200
2026-05-07 21:03:03,308 | INFO    | uvicorn.access | 85.106.157.114:0 - "GET /api/terminal/history HTTP/1.1" 200
2026-05-07 21:03:04,228 | INFO    | uvicorn.access | 85.106.157.114:0 - "GET /api/security/status HTTP/1.1" 200
2026-05-07 21:03:04,229 | INFO    | uvicorn.access | 85.106.157.114:0 - "GET /api/system/status HTTP/1.1" 200
2026-05-07 21:03:05,231 | INFO    | uvicorn.access | 85.106.157.114:0 - "GET /api/terminal/history HTTP/1.1" 200
2026-05-07 21:03:07,261 | INFO    | uvicorn.access | 85.106.157.114:0 - "GET /api/terminal/history HTTP/1.1" 200
2026-05-07 21:03:09,291 | INFO    | uvicorn.access | 85.106.157.114:0 - "GET /api/system/status HTTP/1.1" 200
2026-05-07 21:03:09,292 | INFO    | uvicorn.access | 85.106.157.114:0 - "GET /api/security/status HTTP/1.1" 200
2026-05-07 21:03:09,296 | INFO    | uvicorn.access | 85.106.157.114:0 - "GET /api/terminal/history HTTP/1.1" 200
2026-05-07 21:03:11,281 | INFO    | uvicorn.access | 85.106.157.114:0 - "GET /api/terminal/history HTTP/1.1" 200
2026-05-07 21:03:13,259 | INFO    | uvicorn.access | 85.106.157.114:0 - "GET /api/terminal/history HTTP/1.1" 200
2026-05-07 21:03:14,240 | INFO    | uvicorn.access | 85.106.157.114:0 - "GET /api/system/status HTTP/1.1" 200
2026-05-07 21:03:14,251 | INFO    | uvicorn.access | 85.106.157.114:0 - "GET /api/security/status HTTP/1.1" 200
2026-05-07 21:03:14 | INFO    | remote.screen | Ekran istemcisi ayrildi (kalan: 0)
2026-05-07 21:03:14 | INFO    | remote.screen | Ekran yakalama thread'i durduruldu.
2026-05-07 21:03:14,436 | INFO    | uvicorn.error | connection closed
2026-05-07 21:57:12,235 | INFO    | uvicorn.access | 127.0.0.1:56384 - "GET /api/internal/terminal/poll HTTP/1.1" 200
2026-05-07 21:57:15,740 | INFO    | uvicorn.access | 127.0.0.1:56387 - "GET /api/internal/terminal/poll HTTP/1.1" 200
2026-05-07 21:57:19,249 | INFO    | uvicorn.access | 127.0.0.1:56389 - "GET /api/internal/terminal/poll HTTP/1.1" 200
2026-05-07 21:57:22,768 | INFO    | uvicorn.access | 127.0.0.1:56391 - "GET /api/internal/terminal/poll HTTP/1.1" 200
2026-05-07 21:57:26,270 | INFO    | uvicorn.access | 127.0.0.1:56395 - "GET /api/internal/terminal/poll HTTP/1.1" 200
2026-05-07 21:57:29,757 | INFO    | uvicorn.access | 127.0.0.1:56397 - "GET /api/internal/terminal/poll HTTP/1.1" 200
2026-05-07 21:57:33,259 | INFO    | uvicorn.access | 127.0.0.1:56403 - "GET /api/internal/terminal/poll HTTP/1.1" 200
2026-05-07 21:57:36,763 | INFO    | uvicorn.access | 127.0.0.1:56407 - "GET /api/internal/terminal/poll HTTP/1.1" 200
2026-05-07 21:57:40,253 | INFO    | uvicorn.access | 127.0.0.1:56410 - "GET /api/internal/terminal/poll HTTP/1.1" 200
2026-05-07 21:57:43,771 | INFO    | uvicorn.access | 127.0.0.1:56412 - "GET /api/internal/terminal/poll HTTP/1.1" 200
2026-05-07 22:00:53 | INFO    | remote.tray  | Kullanıcı tray üzerinden çıkış talep etti.
2026-05-07 22:00:53 | INFO    | remote       | Sistem kapatiliyor...
2026-05-07 22:00:53 | INFO    | remote.cloudflare | Tünel durduruldu.
2026-05-07 22:00:53 | INFO    | remote.security | MAC tarayıcı durduruldu.
2026-05-07 22:00:53 | INFO    | remote       | Gule gule!
2026-05-07 22:00:57 | INFO    | remote       | ============================================================
2026-05-07 22:00:57 | INFO    | remote       |   JARVIS UZAKTAN KONTROL SISTEMI v1.0
2026-05-07 22:00:57 | INFO    | remote       | ============================================================
2026-05-07 22:00:57 | INFO    | remote       | Cihaz     : DESKTOP-H2DGAQ3
2026-05-07 22:00:57 | INFO    | remote       | Yerel IP  : 192.168.1.165
2026-05-07 22:00:57 | INFO    | remote       | Port      : 8765
2026-05-07 22:00:57 | INFO    | remote       | ntfy konu : jarvis-Web
2026-05-07 22:00:57 | INFO    | remote       | ============================================================
2026-05-07 22:00:57 | INFO    | remote.ntfy  | NtfyClient hazir -> https://ntfy.sh/jarvis-Web
2026-05-07 22:00:57 | INFO    | remote.auth  | Yeni oturum anahtarı oluşturuldu.
2026-05-07 22:00:57 | INFO    | remote       | Oturum anahtarı oluşturuldu: YtGlj0AbQDVqPJRr…
2026-05-07 22:00:57 | INFO    | remote.terminal | Terminal aracı başlatıldı (Masaüstü Jarvis ile iletişim kurulacak)
2026-05-07 22:00:57 | INFO    | remote.security | MAC tarayıcı başlatıldı — Hedef: fe:84:34:6f:d8:10, Aralık: 60s
2026-05-07 22:00:57 | INFO    | remote       | Sunucunun tamamen hazir olmasi icin 5 saniye bekleniyor...
2026-05-07 22:00:57 | INFO    | remote.tray  | Sistem tepsisi (tray) simgesi başlatıldı.
2026-05-07 22:00:57 | INFO    | remote.security | Ilk tarama: Güvenilir cihaz agda bulunamadi (6 cihaz tespit edildi)
2026-05-07 22:00:57 | INFO    | remote       | FastAPI sunucusu baslatiliyor -> http://127.0.0.1:8765
2026-05-07 22:00:57,838 | INFO    | uvicorn.error | Started server process [21588]
2026-05-07 22:00:57,839 | INFO    | uvicorn.error | Waiting for application startup.
2026-05-07 22:00:57,839 | INFO    | uvicorn.error | Application startup complete.
2026-05-07 22:00:57,840 | INFO    | uvicorn.error | Uvicorn running on http://127.0.0.1:8765 (Press CTRL+C to quit)
2026-05-07 22:00:58 | INFO    | remote.ntfy  | Bildirim gönderildi (Guvenlik Uyarisi) [HTTP 200]
2026-05-07 22:01:02 | INFO    | remote.cloudflare | cloudflared baslatiliyor: C:\Users\Berat\AppData\Local\Microsoft\WinGet\Links\cloudflared.EXE tunnel --url http://127.0.0.1:8765
2026-05-07 22:01:02 | INFO    | remote.cloudflare | Tünel yöneticisi başlatıldı (port=8765)
2026-05-07 22:01:07 | INFO    | remote.cloudflare | Tünel URL: https://shall-only-combined-ericsson.trycloudflare.com
2026-05-07 22:01:07 | INFO    | remote       | Tunel hazir: https://shall-only-combined-ericsson.trycloudflare.com
2026-05-07 22:01:10 | INFO    | remote.auth  | Yeni oturum anahtarı oluşturuldu.
2026-05-07 22:01:11 | INFO    | remote.ntfy  | Bildirim gönderildi (Tunel Hazir) [HTTP 200]
2026-05-07 22:01:11 | INFO    | remote.ntfy  | Bildirim gönderildi (Giris Anahtari) [HTTP 200]
2026-05-07 22:01:11 | INFO    | remote       | Yeni oturum anahtari gonderildi.
2026-05-07 22:01:22 | INFO    | remote.server | Login sayfasi talep edildi. IP: 85.106.157.114
2026-05-07 22:01:22,691 | INFO    | uvicorn.access | 85.106.157.114:0 - "GET / HTTP/1.1" 200
2026-05-07 22:01:23,734 | INFO    | uvicorn.access | 85.106.157.114:0 - "GET /static/style.css HTTP/1.1" 200
2026-05-07 22:01:24,492 | INFO    | uvicorn.access | 85.106.157.114:0 - "GET /api/auth/status HTTP/1.1" 200
2026-05-07 22:01:33 | INFO    | remote.auth  | Oturum anahtarı doğrulandı: 85.106.157.114
2026-05-07 22:01:33 | INFO    | remote.auth  | Yeni OTP oluşturuldu.
2026-05-07 22:01:33 | INFO    | remote.ntfy  | Bildirim gönderildi (OTP Dogrulama) [HTTP 200]
2026-05-07 22:01:33,540 | INFO    | uvicorn.access | 85.106.157.114:0 - "POST /api/auth/token HTTP/1.1" 200
2026-05-07 22:01:39 | INFO    | remote.auth  | OTP doğrulandı: 85.106.157.114
2026-05-07 22:01:39 | INFO    | remote.auth  | Oturum oluşturuldu: R5qVqZdsgCjA… [85.106.157.114]
2026-05-07 22:01:39,693 | INFO    | uvicorn.access | 85.106.157.114:0 - "POST /api/auth/otp HTTP/1.1" 200
2026-05-07 22:01:40,867 | INFO    | uvicorn.access | 85.106.157.114:0 - "GET /dashboard HTTP/1.1" 200
2026-05-07 22:01:41,056 | INFO    | uvicorn.access | 85.106.157.114:0 - "GET /static/app.js HTTP/1.1" 200
2026-05-07 22:01:41,467 | INFO    | uvicorn.access | 85.106.157.114:0 - "GET /api/audio/volume HTTP/1.1" 200
2026-05-07 22:01:41,477 | INFO    | uvicorn.access | 85.106.157.114:0 - "GET /api/autostart/status HTTP/1.1" 200
2026-05-07 22:01:41,480 | INFO    | uvicorn.access | 85.106.157.114:0 - "GET /api/system/status HTTP/1.1" 200
2026-05-07 22:01:41,480 | INFO    | uvicorn.access | 85.106.157.114:0 - "GET /api/security/status HTTP/1.1" 200
2026-05-07 22:01:41,481 | INFO    | uvicorn.access | 85.106.157.114:0 - "GET /api/terminal/history HTTP/1.1" 200
2026-05-07 22:01:43,268 | INFO    | uvicorn.access | 85.106.157.114:0 - "GET /api/terminal/history HTTP/1.1" 200
2026-05-07 22:01:44 | INFO    | remote.server | Masaustu UI baslatildi.
2026-05-07 22:01:44,469 | INFO    | uvicorn.access | 85.106.157.114:0 - "POST /api/ui/launch HTTP/1.1" 200
2026-05-07 22:01:45,277 | INFO    | uvicorn.access | 85.106.157.114:0 - "GET /api/terminal/history HTTP/1.1" 200
2026-05-07 22:01:46,306 | INFO    | uvicorn.access | 85.106.157.114:0 - "GET /api/system/status HTTP/1.1" 200
2026-05-07 22:01:46,306 | INFO    | uvicorn.access | 85.106.157.114:0 - "GET /api/security/status HTTP/1.1" 200
2026-05-07 22:01:47,272 | INFO    | uvicorn.access | 85.106.157.114:0 - "GET /api/terminal/history HTTP/1.1" 200
2026-05-07 22:01:49,276 | INFO    | uvicorn.access | 85.106.157.114:0 - "GET /api/terminal/history HTTP/1.1" 200
2026-05-07 22:01:51,304 | INFO    | uvicorn.access | 85.106.157.114:0 - "GET /api/terminal/history HTTP/1.1" 200
2026-05-07 22:01:51,305 | INFO    | uvicorn.access | 85.106.157.114:0 - "GET /api/security/status HTTP/1.1" 200
2026-05-07 22:01:51,309 | INFO    | uvicorn.access | 85.106.157.114:0 - "GET /api/system/status HTTP/1.1" 200
2026-05-07 22:01:52 | INFO    | remote.server | Masaustu UI baslatildi.
2026-05-07 22:01:52,652 | INFO    | uvicorn.access | 85.106.157.114:0 - "POST /api/ui/launch HTTP/1.1" 200
2026-05-07 22:01:53,272 | INFO    | uvicorn.access | 85.106.157.114:0 - "GET /api/terminal/history HTTP/1.1" 200
2026-05-07 22:01:55,307 | INFO    | uvicorn.access | 85.106.157.114:0 - "GET /api/terminal/history HTTP/1.1" 200
2026-05-07 22:01:56,276 | INFO    | uvicorn.access | 85.106.157.114:0 - "GET /api/security/status HTTP/1.1" 200
2026-05-07 22:01:56,279 | INFO    | uvicorn.access | 85.106.157.114:0 - "GET /api/system/status HTTP/1.1" 200
2026-05-07 22:01:57,275 | INFO    | uvicorn.access | 85.106.157.114:0 - "GET /api/terminal/history HTTP/1.1" 200
2026-05-07 22:01:57,320 | INFO    | uvicorn.access | 127.0.0.1:56522 - "GET /api/internal/terminal/poll HTTP/1.1" 200
2026-05-07 22:01:59,274 | INFO    | uvicorn.access | 85.106.157.114:0 - "GET /api/terminal/history HTTP/1.1" 200
2026-05-07 22:02:00,830 | INFO    | uvicorn.access | 127.0.0.1:56526 - "GET /api/internal/terminal/poll HTTP/1.1" 200
2026-05-07 22:02:01,280 | INFO    | uvicorn.access | 85.106.157.114:0 - "GET /api/security/status HTTP/1.1" 200
2026-05-07 22:02:01,281 | INFO    | uvicorn.access | 85.106.157.114:0 - "GET /api/system/status HTTP/1.1" 200
2026-05-07 22:02:01,282 | INFO    | uvicorn.access | 85.106.157.114:0 - "GET /api/terminal/history HTTP/1.1" 200
2026-05-07 22:02:03,278 | INFO    | uvicorn.access | 85.106.157.114:0 - "GET /api/terminal/history HTTP/1.1" 200
2026-05-07 22:02:04,335 | INFO    | uvicorn.access | 127.0.0.1:56531 - "GET /api/internal/terminal/poll HTTP/1.1" 200
2026-05-07 22:02:05,273 | INFO    | uvicorn.access | 85.106.157.114:0 - "GET /api/terminal/history HTTP/1.1" 200
2026-05-07 22:02:06,276 | INFO    | uvicorn.access | 85.106.157.114:0 - "GET /api/system/status HTTP/1.1" 200
2026-05-07 22:02:06,277 | INFO    | uvicorn.access | 85.106.157.114:0 - "GET /api/security/status HTTP/1.1" 200
2026-05-07 22:02:07,270 | INFO    | uvicorn.access | 85.106.157.114:0 - "GET /api/terminal/history HTTP/1.1" 200
2026-05-07 22:02:07,838 | INFO    | uvicorn.access | 127.0.0.1:56533 - "GET /api/internal/terminal/poll HTTP/1.1" 200
2026-05-07 22:02:09,278 | INFO    | uvicorn.access | 85.106.157.114:0 - "GET /api/terminal/history HTTP/1.1" 200
2026-05-07 22:02:10 | INFO    | remote.terminal | Kullanıcı mesajı kuyruğa eklendi (async): Selam jarvis yapabildigin ozellikleri bana sayarmi
2026-05-07 22:02:11,275 | INFO    | uvicorn.access | 85.106.157.114:0 - "GET /api/system/status HTTP/1.1" 200
2026-05-07 22:02:11,286 | INFO    | uvicorn.access | 85.106.157.114:0 - "GET /api/security/status HTTP/1.1" 200
2026-05-07 22:02:11,299 | INFO    | uvicorn.access | 85.106.157.114:0 - "GET /api/terminal/history HTTP/1.1" 200
2026-05-07 22:02:11,334 | INFO    | uvicorn.access | 127.0.0.1:56536 - "GET /api/internal/terminal/poll HTTP/1.1" 200
2026-05-07 22:02:13,275 | INFO    | uvicorn.access | 85.106.157.114:0 - "GET /api/terminal/history HTTP/1.1" 200
2026-05-07 22:02:14,831 | INFO    | uvicorn.access | 127.0.0.1:56539 - "GET /api/internal/terminal/poll HTTP/1.1" 200
2026-05-07 22:02:15,303 | INFO    | uvicorn.access | 85.106.157.114:0 - "GET /api/terminal/history HTTP/1.1" 200
2026-05-07 22:02:16,280 | INFO    | uvicorn.access | 85.106.157.114:0 - "GET /api/system/status HTTP/1.1" 200
2026-05-07 22:02:16,283 | INFO    | uvicorn.access | 85.106.157.114:0 - "GET /api/security/status HTTP/1.1" 200
2026-05-07 22:02:17,276 | INFO    | uvicorn.access | 85.106.157.114:0 - "GET /api/terminal/history HTTP/1.1" 200
2026-05-07 22:02:18,336 | INFO    | uvicorn.access | 127.0.0.1:56541 - "GET /api/internal/terminal/poll HTTP/1.1" 200
2026-05-07 22:02:19,276 | INFO    | uvicorn.access | 85.106.157.114:0 - "GET /api/terminal/history HTTP/1.1" 200
2026-05-07 22:02:21,298 | INFO    | uvicorn.access | 85.106.157.114:0 - "GET /api/security/status HTTP/1.1" 200
2026-05-07 22:02:21,299 | INFO    | uvicorn.access | 85.106.157.114:0 - "GET /api/terminal/history HTTP/1.1" 200
2026-05-07 22:02:21,299 | INFO    | uvicorn.access | 85.106.157.114:0 - "GET /api/system/status HTTP/1.1" 200
2026-05-07 22:02:21,840 | INFO    | uvicorn.access | 127.0.0.1:56545 - "GET /api/internal/terminal/poll HTTP/1.1" 200
2026-05-07 22:02:23,298 | INFO    | uvicorn.access | 85.106.157.114:0 - "GET /api/terminal/history HTTP/1.1" 200
2026-05-07 22:02:25,069 | INFO    | uvicorn.access | 85.106.157.114:0 - "POST /api/terminal/send HTTP/1.1" 200
2026-05-07 22:02:25,270 | INFO    | uvicorn.access | 85.106.157.114:0 - "GET /api/terminal/history HTTP/1.1" 200
2026-05-07 22:02:25,334 | INFO    | uvicorn.access | 127.0.0.1:56553 - "GET /api/internal/terminal/poll HTTP/1.1" 200
2026-05-07 22:02:26,280 | INFO    | uvicorn.access | 85.106.157.114:0 - "GET /api/system/status HTTP/1.1" 200
2026-05-07 22:02:26,286 | INFO    | uvicorn.access | 85.106.157.114:0 - "GET /api/security/status HTTP/1.1" 200
2026-05-07 22:02:27,278 | INFO    | uvicorn.access | 85.106.157.114:0 - "GET /api/terminal/history HTTP/1.1" 200
2026-05-07 22:02:28,829 | INFO    | uvicorn.access | 127.0.0.1:56567 - "GET /api/internal/terminal/poll HTTP/1.1" 200
2026-05-07 22:02:30,014 | INFO    | uvicorn.access | 85.106.157.114:0 - "GET /api/terminal/history HTTP/1.1" 200
2026-05-07 22:02:31,285 | INFO    | uvicorn.access | 85.106.157.114:0 - "GET /api/security/status HTTP/1.1" 200
2026-05-07 22:02:31,288 | INFO    | uvicorn.access | 85.106.157.114:0 - "GET /api/system/status HTTP/1.1" 200
2026-05-07 22:02:31,288 | INFO    | uvicorn.access | 85.106.157.114:0 - "GET /api/terminal/history HTTP/1.1" 200
2026-05-07 22:02:32,335 | INFO    | uvicorn.access | 127.0.0.1:56588 - "GET /api/internal/terminal/poll HTTP/1.1" 200
2026-05-07 22:02:33,284 | INFO    | uvicorn.access | 85.106.157.114:0 - "GET /api/terminal/history HTTP/1.1" 200
2026-05-07 22:02:35,272 | INFO    | uvicorn.access | 85.106.157.114:0 - "GET /api/terminal/history HTTP/1.1" 200
2026-05-07 22:02:35,838 | INFO    | uvicorn.access | 127.0.0.1:56591 - "GET /api/internal/terminal/poll HTTP/1.1" 200
2026-05-07 22:02:36,279 | INFO    | uvicorn.access | 85.106.157.114:0 - "GET /api/system/status HTTP/1.1" 200
2026-05-07 22:02:36,280 | INFO    | uvicorn.access | 85.106.157.114:0 - "GET /api/security/status HTTP/1.1" 200
2026-05-07 22:02:37,277 | INFO    | uvicorn.access | 85.106.157.114:0 - "GET /api/terminal/history HTTP/1.1" 200
2026-05-07 22:02:39,278 | INFO    | uvicorn.access | 85.106.157.114:0 - "GET /api/terminal/history HTTP/1.1" 200
2026-05-07 22:02:39,342 | INFO    | uvicorn.access | 127.0.0.1:56594 - "GET /api/internal/terminal/poll HTTP/1.1" 200
2026-05-07 22:02:41,279 | INFO    | uvicorn.access | 85.106.157.114:0 - "GET /api/terminal/history HTTP/1.1" 200
2026-05-07 22:02:41,280 | INFO    | uvicorn.access | 85.106.157.114:0 - "GET /api/system/status HTTP/1.1" 200
2026-05-07 22:02:41,284 | INFO    | uvicorn.access | 85.106.157.114:0 - "GET /api/security/status HTTP/1.1" 200
2026-05-07 22:02:42,830 | INFO    | uvicorn.access | 127.0.0.1:56597 - "GET /api/internal/terminal/poll HTTP/1.1" 200
2026-05-07 22:02:43,278 | INFO    | uvicorn.access | 85.106.157.114:0 - "GET /api/terminal/history HTTP/1.1" 200
2026-05-07 22:02:45,276 | INFO    | uvicorn.access | 85.106.157.114:0 - "GET /api/terminal/history HTTP/1.1" 200
2026-05-07 22:02:46,286 | INFO    | uvicorn.access | 85.106.157.114:0 - "GET /api/system/status HTTP/1.1" 200
2026-05-07 22:02:46,287 | INFO    | uvicorn.access | 85.106.157.114:0 - "GET /api/security/status HTTP/1.1" 200
2026-05-07 22:02:46,334 | INFO    | uvicorn.access | 127.0.0.1:56602 - "GET /api/internal/terminal/poll HTTP/1.1" 200
2026-05-07 22:02:47,274 | INFO    | uvicorn.access | 85.106.157.114:0 - "GET /api/terminal/history HTTP/1.1" 200
2026-05-07 22:02:49,278 | INFO    | uvicorn.access | 85.106.157.114:0 - "GET /api/terminal/history HTTP/1.1" 200
2026-05-07 22:02:49,846 | INFO    | uvicorn.access | 127.0.0.1:56608 - "GET /api/internal/terminal/poll HTTP/1.1" 200
2026-05-07 22:02:51,295 | INFO    | uvicorn.access | 85.106.157.114:0 - "GET /api/security/status HTTP/1.1" 200
2026-05-07 22:02:51,296 | INFO    | uvicorn.access | 85.106.157.114:0 - "GET /api/terminal/history HTTP/1.1" 200
2026-05-07 22:02:51,298 | INFO    | uvicorn.access | 85.106.157.114:0 - "GET /api/system/status HTTP/1.1" 200
2026-05-07 22:02:53,276 | INFO    | uvicorn.access | 85.106.157.114:0 - "GET /api/terminal/history HTTP/1.1" 200
2026-05-07 22:02:53,361 | INFO    | uvicorn.access | 127.0.0.1:56610 - "GET /api/internal/terminal/poll HTTP/1.1" 200
2026-05-07 22:02:55,276 | INFO    | uvicorn.access | 85.106.157.114:0 - "GET /api/terminal/history HTTP/1.1" 200
2026-05-07 22:02:56,277 | INFO    | uvicorn.access | 85.106.157.114:0 - "GET /api/system/status HTTP/1.1" 200
2026-05-07 22:02:56,278 | INFO    | uvicorn.access | 85.106.157.114:0 - "GET /api/security/status HTTP/1.1" 200
2026-05-07 22:02:56,869 | INFO    | uvicorn.access | 127.0.0.1:56612 - "GET /api/internal/terminal/poll HTTP/1.1" 200
2026-05-07 22:02:57,281 | INFO    | uvicorn.access | 85.106.157.114:0 - "GET /api/terminal/history HTTP/1.1" 200
2026-05-07 22:02:59,274 | INFO    | uvicorn.access | 85.106.157.114:0 - "GET /api/terminal/history HTTP/1.1" 200
2026-05-07 22:03:00,367 | INFO    | uvicorn.access | 127.0.0.1:56614 - "GET /api/internal/terminal/poll HTTP/1.1" 200
2026-05-07 22:03:01,288 | INFO    | uvicorn.access | 85.106.157.114:0 - "GET /api/terminal/history HTTP/1.1" 200
2026-05-07 22:03:01,290 | INFO    | uvicorn.access | 85.106.157.114:0 - "GET /api/security/status HTTP/1.1" 200
2026-05-07 22:03:01,290 | INFO    | uvicorn.access | 85.106.157.114:0 - "GET /api/system/status HTTP/1.1" 200
2026-05-07 22:03:03,284 | INFO    | uvicorn.access | 85.106.157.114:0 - "GET /api/terminal/history HTTP/1.1" 200
2026-05-07 22:03:03,869 | INFO    | uvicorn.access | 127.0.0.1:56619 - "GET /api/internal/terminal/poll HTTP/1.1" 200
2026-05-07 22:03:04 | INFO    | remote.terminal | Jarvis yanıtı alındı: Elbette, birçok alanda yardımcı olabilirim. Başlıc
2026-05-07 22:03:04,435 | INFO    | uvicorn.access | 127.0.0.1:56621 - "POST /api/internal/terminal/reply HTTP/1.1" 200
2026-05-07 22:03:05,293 | INFO    | uvicorn.access | 85.106.157.114:0 - "GET /api/terminal/history HTTP/1.1" 200
2026-05-07 22:03:06,282 | INFO    | uvicorn.access | 85.106.157.114:0 - "GET /api/security/status HTTP/1.1" 200
2026-05-07 22:03:06,283 | INFO    | uvicorn.access | 85.106.157.114:0 - "GET /api/system/status HTTP/1.1" 200
2026-05-07 22:03:07,276 | INFO    | uvicorn.access | 85.106.157.114:0 - "GET /api/terminal/history HTTP/1.1" 200
2026-05-07 22:03:07,364 | INFO    | uvicorn.access | 127.0.0.1:56623 - "GET /api/internal/terminal/poll HTTP/1.1" 200
2026-05-07 22:03:09,416 | INFO    | uvicorn.access | 85.106.157.114:0 - "GET /api/terminal/history HTTP/1.1" 200
2026-05-07 22:03:10,867 | INFO    | uvicorn.access | 127.0.0.1:56625 - "GET /api/internal/terminal/poll HTTP/1.1" 200
2026-05-07 22:03:11,284 | INFO    | uvicorn.access | 85.106.157.114:0 - "GET /api/terminal/history HTTP/1.1" 200
2026-05-07 22:03:11,285 | INFO    | uvicorn.access | 85.106.157.114:0 - "GET /api/system/status HTTP/1.1" 200
2026-05-07 22:03:11,286 | INFO    | uvicorn.access | 85.106.157.114:0 - "GET /api/security/status HTTP/1.1" 200
2026-05-07 22:03:11 | INFO    | remote.terminal | Kullanıcı mesajı kuyruğa eklendi (async): Oyun guncellemem varmı bakarmisin
2026-05-07 22:03:13,277 | INFO    | uvicorn.access | 85.106.157.114:0 - "GET /api/terminal/history HTTP/1.1" 200
2026-05-07 22:03:14,370 | INFO    | uvicorn.access | 127.0.0.1:56630 - "GET /api/internal/terminal/poll HTTP/1.1" 200
2026-05-07 22:03:15,277 | INFO    | uvicorn.access | 85.106.157.114:0 - "GET /api/terminal/history HTTP/1.1" 200
2026-05-07 22:03:16,282 | INFO    | uvicorn.access | 85.106.157.114:0 - "GET /api/security/status HTTP/1.1" 200
2026-05-07 22:03:16,284 | INFO    | uvicorn.access | 85.106.157.114:0 - "GET /api/system/status HTTP/1.1" 200
2026-05-07 22:03:17,277 | INFO    | uvicorn.access | 85.106.157.114:0 - "GET /api/terminal/history HTTP/1.1" 200
2026-05-07 22:03:17,864 | INFO    | uvicorn.access | 127.0.0.1:56634 - "GET /api/internal/terminal/poll HTTP/1.1" 200
2026-05-07 22:03:19,302 | INFO    | uvicorn.access | 85.106.157.114:0 - "GET /api/terminal/history HTTP/1.1" 200
2026-05-07 22:03:21,298 | INFO    | uvicorn.access | 85.106.157.114:0 - "GET /api/system/status HTTP/1.1" 200
2026-05-07 22:03:21,299 | INFO    | uvicorn.access | 85.106.157.114:0 - "GET /api/terminal/history HTTP/1.1" 200
2026-05-07 22:03:21,300 | INFO    | uvicorn.access | 85.106.157.114:0 - "GET /api/security/status HTTP/1.1" 200
2026-05-07 22:03:21,361 | INFO    | uvicorn.access | 127.0.0.1:56650 - "GET /api/internal/terminal/poll HTTP/1.1" 200
2026-05-07 22:03:23,280 | INFO    | uvicorn.access | 85.106.157.114:0 - "GET /api/terminal/history HTTP/1.1" 200
2026-05-07 22:03:24,879 | INFO    | uvicorn.access | 127.0.0.1:56677 - "GET /api/internal/terminal/poll HTTP/1.1" 200
2026-05-07 22:03:25,285 | INFO    | uvicorn.access | 85.106.157.114:0 - "GET /api/terminal/history HTTP/1.1" 200
2026-05-07 22:03:26,279 | INFO    | uvicorn.access | 85.106.157.114:0 - "GET /api/security/status HTTP/1.1" 200
2026-05-07 22:03:26,282 | INFO    | uvicorn.access | 85.106.157.114:0 - "GET /api/system/status HTTP/1.1" 200
2026-05-07 22:03:26,883 | INFO    | uvicorn.access | 85.106.157.114:0 - "POST /api/terminal/send HTTP/1.1" 200
2026-05-07 22:03:27,295 | INFO    | uvicorn.access | 85.106.157.114:0 - "GET /api/terminal/history HTTP/1.1" 200
2026-05-07 22:03:28,392 | INFO    | uvicorn.access | 127.0.0.1:56725 - "GET /api/internal/terminal/poll HTTP/1.1" 200
2026-05-07 22:03:29,273 | INFO    | uvicorn.access | 85.106.157.114:0 - "GET /api/terminal/history HTTP/1.1" 200
2026-05-07 22:03:31,283 | INFO    | uvicorn.access | 85.106.157.114:0 - "GET /api/system/status HTTP/1.1" 200
2026-05-07 22:03:31,284 | INFO    | uvicorn.access | 85.106.157.114:0 - "GET /api/security/status HTTP/1.1" 200
2026-05-07 22:03:31,287 | INFO    | uvicorn.access | 85.106.157.114:0 - "GET /api/terminal/history HTTP/1.1" 200
2026-05-07 22:03:31,889 | INFO    | uvicorn.access | 127.0.0.1:56745 - "GET /api/internal/terminal/poll HTTP/1.1" 200
2026-05-07 22:03:33,284 | INFO    | uvicorn.access | 85.106.157.114:0 - "GET /api/terminal/history HTTP/1.1" 200
2026-05-07 22:03:35,327 | INFO    | uvicorn.access | 85.106.157.114:0 - "GET /api/terminal/history HTTP/1.1" 200
2026-05-07 22:03:35,390 | INFO    | uvicorn.access | 127.0.0.1:56773 - "GET /api/internal/terminal/poll HTTP/1.1" 200
2026-05-07 22:03:36,328 | INFO    | uvicorn.access | 85.106.157.114:0 - "GET /api/system/status HTTP/1.1" 200
2026-05-07 22:03:36,333 | INFO    | uvicorn.access | 85.106.157.114:0 - "GET /api/security/status HTTP/1.1" 200
2026-05-07 22:03:37,589 | INFO    | uvicorn.access | 85.106.157.114:0 - "GET /api/terminal/history HTTP/1.1" 200
2026-05-07 22:03:38 | INFO    | remote.terminal | Jarvis yanıtı alındı: Steam'de Battlefield™ 1 ve PUBG: BATTLEGROUNDS içi
2026-05-07 22:03:38,047 | INFO    | uvicorn.access | 127.0.0.1:56781 - "POST /api/internal/terminal/reply HTTP/1.1" 200
2026-05-07 22:03:38,894 | INFO    | uvicorn.access | 127.0.0.1:56785 - "GET /api/internal/terminal/poll HTTP/1.1" 200
2026-05-07 22:03:39,336 | INFO    | uvicorn.access | 85.106.157.114:0 - "GET /api/terminal/history HTTP/1.1" 200
2026-05-07 22:03:41,350 | INFO    | uvicorn.access | 85.106.157.114:0 - "GET /api/system/status HTTP/1.1" 200
2026-05-07 22:03:41,354 | INFO    | uvicorn.access | 85.106.157.114:0 - "GET /api/terminal/history HTTP/1.1" 200
2026-05-07 22:03:41,355 | INFO    | uvicorn.access | 85.106.157.114:0 - "GET /api/security/status HTTP/1.1" 200
2026-05-07 22:03:42,405 | INFO    | uvicorn.access | 127.0.0.1:56803 - "GET /api/internal/terminal/poll HTTP/1.1" 200
2026-05-07 22:03:43 | INFO    | remote.terminal | Jarvis yanıtı alındı: Anladım. Güncellemeleriniz devam ediyor. Başka ne 
2026-05-07 22:03:43,123 | INFO    | uvicorn.access | 127.0.0.1:56804 - "POST /api/internal/terminal/reply HTTP/1.1" 200
2026-05-07 22:03:43,409 | INFO    | uvicorn.access | 85.106.157.114:0 - "GET /api/terminal/history HTTP/1.1" 200
2026-05-07 22:03:45,286 | INFO    | uvicorn.access | 85.106.157.114:0 - "GET /api/terminal/history HTTP/1.1" 200
2026-05-07 22:03:45,924 | INFO    | uvicorn.access | 127.0.0.1:56815 - "GET /api/internal/terminal/poll HTTP/1.1" 200
2026-05-07 22:03:46,374 | INFO    | uvicorn.access | 85.106.157.114:0 - "GET /api/security/status HTTP/1.1" 200
2026-05-07 22:03:46,472 | INFO    | uvicorn.access | 85.106.157.114:0 - "GET /api/system/status HTTP/1.1" 200
2026-05-07 22:03:47,391 | INFO    | uvicorn.access | 85.106.157.114:0 - "GET /api/terminal/history HTTP/1.1" 200
2026-05-07 22:03:49,327 | INFO    | uvicorn.access | 85.106.157.114:0 - "GET /api/terminal/history HTTP/1.1" 200
2026-05-07 22:03:49,429 | INFO    | uvicorn.access | 127.0.0.1:56840 - "GET /api/internal/terminal/poll HTTP/1.1" 200
2026-05-07 22:03:51,365 | INFO    | uvicorn.access | 85.106.157.114:0 - "GET /api/terminal/history HTTP/1.1" 200
2026-05-07 22:03:51,366 | INFO    | uvicorn.access | 85.106.157.114:0 - "GET /api/system/status HTTP/1.1" 200
2026-05-07 22:03:51,456 | INFO    | uvicorn.access | 85.106.157.114:0 - "GET /api/security/status HTTP/1.1" 200
2026-05-07 22:03:52,913 | INFO    | uvicorn.access | 127.0.0.1:56874 - "GET /api/internal/terminal/poll HTTP/1.1" 200
2026-05-07 22:03:53,593 | INFO    | uvicorn.access | 85.106.157.114:0 - "GET /api/terminal/history HTTP/1.1" 200
2026-05-07 22:03:55,353 | INFO    | uvicorn.access | 85.106.157.114:0 - "GET /api/terminal/history HTTP/1.1" 200
2026-05-07 22:03:56,314 | INFO    | uvicorn.access | 85.106.157.114:0 - "GET /api/security/status HTTP/1.1" 200
2026-05-07 22:03:56,315 | INFO    | uvicorn.access | 85.106.157.114:0 - "GET /api/system/status HTTP/1.1" 200
2026-05-07 22:03:56,415 | INFO    | uvicorn.access | 127.0.0.1:61252 - "GET /api/internal/terminal/poll HTTP/1.1" 200
2026-05-07 22:03:57,282 | INFO    | uvicorn.access | 85.106.157.114:0 - "GET /api/terminal/history HTTP/1.1" 200
2026-05-07 22:03:59,363 | INFO    | uvicorn.access | 85.106.157.114:0 - "GET /api/terminal/history HTTP/1.1" 200
2026-05-07 22:03:59,909 | INFO    | uvicorn.access | 127.0.0.1:61306 - "GET /api/internal/terminal/poll HTTP/1.1" 200
2026-05-07 22:04:01,351 | INFO    | uvicorn.access | 85.106.157.114:0 - "GET /api/security/status HTTP/1.1" 200
2026-05-07 22:04:01,354 | INFO    | uvicorn.access | 85.106.157.114:0 - "GET /api/system/status HTTP/1.1" 200
2026-05-07 22:04:01,360 | INFO    | uvicorn.access | 85.106.157.114:0 - "GET /api/terminal/history HTTP/1.1" 200
2026-05-07 22:04:03,412 | INFO    | uvicorn.access | 127.0.0.1:61356 - "GET /api/internal/terminal/poll HTTP/1.1" 200
2026-05-07 22:04:03,550 | INFO    | uvicorn.access | 85.106.157.114:0 - "GET /api/terminal/history HTTP/1.1" 200
2026-05-07 22:04:05,625 | INFO    | uvicorn.access | 85.106.157.114:0 - "GET /api/terminal/history HTTP/1.1" 200
2026-05-07 22:04:06,305 | INFO    | uvicorn.access | 85.106.157.114:0 - "GET /api/system/status HTTP/1.1" 200
2026-05-07 22:04:06,306 | INFO    | uvicorn.access | 85.106.157.114:0 - "GET /api/security/status HTTP/1.1" 200
2026-05-07 22:04:06,927 | INFO    | uvicorn.access | 127.0.0.1:61407 - "GET /api/internal/terminal/poll HTTP/1.1" 200
2026-05-07 22:04:07,611 | INFO    | uvicorn.access | 85.106.157.114:0 - "GET /api/terminal/history HTTP/1.1" 200
2026-05-07 22:04:09,285 | INFO    | uvicorn.access | 85.106.157.114:0 - "GET /api/terminal/history HTTP/1.1" 200
2026-05-07 22:04:10,434 | INFO    | uvicorn.access | 127.0.0.1:61454 - "GET /api/internal/terminal/poll HTTP/1.1" 200
2026-05-07 22:04:11,358 | INFO    | uvicorn.access | 85.106.157.114:0 - "GET /api/security/status HTTP/1.1" 200
2026-05-07 22:04:11,360 | INFO    | uvicorn.access | 85.106.157.114:0 - "GET /api/system/status HTTP/1.1" 200
2026-05-07 22:04:11,554 | INFO    | uvicorn.access | 85.106.157.114:0 - "GET /api/terminal/history HTTP/1.1" 200
2026-05-07 22:04:13,298 | INFO    | uvicorn.access | 85.106.157.114:0 - "GET /api/terminal/history HTTP/1.1" 200
2026-05-07 22:04:13,939 | INFO    | uvicorn.access | 127.0.0.1:61467 - "GET /api/internal/terminal/poll HTTP/1.1" 200
2026-05-07 22:04:15,320 | INFO    | uvicorn.access | 85.106.157.114:0 - "GET /api/terminal/history HTTP/1.1" 200
2026-05-07 22:04:16,299 | INFO    | uvicorn.access | 85.106.157.114:0 - "GET /api/system/status HTTP/1.1" 200
2026-05-07 22:04:16,301 | INFO    | uvicorn.access | 85.106.157.114:0 - "GET /api/security/status HTTP/1.1" 200
2026-05-07 22:04:17,300 | INFO    | uvicorn.access | 85.106.157.114:0 - "GET /api/terminal/history HTTP/1.1" 200
2026-05-07 22:04:17,440 | INFO    | uvicorn.access | 127.0.0.1:61474 - "GET /api/internal/terminal/poll HTTP/1.1" 200
2026-05-07 22:04:19,302 | INFO    | uvicorn.access | 85.106.157.114:0 - "GET /api/terminal/history HTTP/1.1" 200
2026-05-07 22:04:20,947 | INFO    | uvicorn.access | 127.0.0.1:61476 - "GET /api/internal/terminal/poll HTTP/1.1" 200
2026-05-07 22:04:21,343 | INFO    | uvicorn.access | 85.106.157.114:0 - "GET /api/terminal/history HTTP/1.1" 200
2026-05-07 22:04:21,345 | INFO    | uvicorn.access | 85.106.157.114:0 - "GET /api/security/status HTTP/1.1" 200
2026-05-07 22:04:21,347 | INFO    | uvicorn.access | 85.106.157.114:0 - "GET /api/system/status HTTP/1.1" 200
2026-05-07 22:04:23,317 | INFO    | uvicorn.access | 85.106.157.114:0 - "GET /api/terminal/history HTTP/1.1" 200
2026-05-07 22:04:24,450 | INFO    | uvicorn.access | 127.0.0.1:61481 - "GET /api/internal/terminal/poll HTTP/1.1" 200
2026-05-07 22:04:25,275 | INFO    | uvicorn.access | 85.106.157.114:0 - "GET /api/terminal/history HTTP/1.1" 200
2026-05-07 22:04:26,290 | INFO    | uvicorn.access | 85.106.157.114:0 - "GET /api/system/status HTTP/1.1" 200
2026-05-07 22:04:26,291 | INFO    | uvicorn.access | 85.106.157.114:0 - "GET /api/security/status HTTP/1.1" 200
2026-05-07 22:04:27,279 | INFO    | uvicorn.access | 85.106.157.114:0 - "GET /api/terminal/history HTTP/1.1" 200
2026-05-07 22:04:27,950 | INFO    | uvicorn.access | 127.0.0.1:61483 - "GET /api/internal/terminal/poll HTTP/1.1" 200
2026-05-07 22:04:29,320 | INFO    | uvicorn.access | 85.106.157.114:0 - "GET /api/terminal/history HTTP/1.1" 200
2026-05-07 22:04:31,282 | INFO    | uvicorn.access | 85.106.157.114:0 - "GET /api/terminal/history HTTP/1.1" 200
2026-05-07 22:04:31,284 | INFO    | uvicorn.access | 85.106.157.114:0 - "GET /api/system/status HTTP/1.1" 200
2026-05-07 22:04:31,285 | INFO    | uvicorn.access | 85.106.157.114:0 - "GET /api/security/status HTTP/1.1" 200
2026-05-07 22:04:31 | INFO    | remote.terminal | Kullanıcı mesajı kuyruğa eklendi (async): Şimdi ben senin dosyalarını bir arkadaşa paylaşaca
2026-05-07 22:04:31,470 | INFO    | uvicorn.access | 127.0.0.1:61489 - "GET /api/internal/terminal/poll HTTP/1.1" 200
2026-05-07 22:04:33,278 | INFO    | uvicorn.access | 85.106.157.114:0 - "GET /api/terminal/history HTTP/1.1" 200
2026-05-07 22:04:34,990 | INFO    | uvicorn.access | 127.0.0.1:61491 - "GET /api/internal/terminal/poll HTTP/1.1" 200
2026-05-07 22:04:35,282 | INFO    | uvicorn.access | 85.106.157.114:0 - "GET /api/terminal/history HTTP/1.1" 200
2026-05-07 22:04:36,289 | INFO    | uvicorn.access | 85.106.157.114:0 - "GET /api/security/status HTTP/1.1" 200
2026-05-07 22:04:36,290 | INFO    | uvicorn.access | 85.106.157.114:0 - "GET /api/system/status HTTP/1.1" 200
2026-05-07 22:04:37,298 | INFO    | uvicorn.access | 85.106.157.114:0 - "GET /api/terminal/history HTTP/1.1" 200
2026-05-07 22:04:38,499 | INFO    | uvicorn.access | 127.0.0.1:61513 - "GET /api/internal/terminal/poll HTTP/1.1" 200
2026-05-07 22:04:39,282 | INFO    | uvicorn.access | 85.106.157.114:0 - "GET /api/terminal/history HTTP/1.1" 200
2026-05-07 22:04:41,361 | INFO    | uvicorn.access | 85.106.157.114:0 - "GET /api/security/status HTTP/1.1" 200
2026-05-07 22:04:41,364 | INFO    | uvicorn.access | 85.106.157.114:0 - "GET /api/system/status HTTP/1.1" 200
2026-05-07 22:04:41,365 | INFO    | uvicorn.access | 85.106.157.114:0 - "GET /api/terminal/history HTTP/1.1" 200
2026-05-07 22:04:42,001 | INFO    | uvicorn.access | 127.0.0.1:61527 - "GET /api/internal/terminal/poll HTTP/1.1" 200
2026-05-07 22:04:43,302 | INFO    | uvicorn.access | 85.106.157.114:0 - "GET /api/terminal/history HTTP/1.1" 200
2026-05-07 22:04:45,364 | INFO    | uvicorn.access | 85.106.157.114:0 - "GET /api/terminal/history HTTP/1.1" 200
2026-05-07 22:04:45,526 | INFO    | uvicorn.access | 127.0.0.1:61537 - "GET /api/internal/terminal/poll HTTP/1.1" 200
2026-05-07 22:04:46,353 | INFO    | uvicorn.access | 85.106.157.114:0 - "GET /api/system/status HTTP/1.1" 200
2026-05-07 22:04:46,354 | INFO    | uvicorn.access | 85.106.157.114:0 - "GET /api/security/status HTTP/1.1" 200
2026-05-07 22:04:46,436 | INFO    | uvicorn.access | 85.106.157.114:0 - "POST /api/terminal/send HTTP/1.1" 200
2026-05-07 22:04:47,322 | INFO    | uvicorn.access | 85.106.157.114:0 - "GET /api/terminal/history HTTP/1.1" 200
2026-05-07 22:04:48 | INFO    | remote.terminal | Jarvis yanıtı alındı: Bu karmaşık bir işlem. İndirilenler klasöründeki d
2026-05-07 22:04:48,565 | INFO    | uvicorn.access | 127.0.0.1:61542 - "POST /api/internal/terminal/reply HTTP/1.1" 200
2026-05-07 22:04:49,063 | INFO    | uvicorn.access | 127.0.0.1:61546 - "GET /api/internal/terminal/poll HTTP/1.1" 200
2026-05-07 22:04:49,301 | INFO    | uvicorn.access | 85.106.157.114:0 - "GET /api/terminal/history HTTP/1.1" 200
2026-05-07 22:04:51,323 | INFO    | uvicorn.access | 85.106.157.114:0 - "GET /api/system/status HTTP/1.1" 200
2026-05-07 22:04:51,324 | INFO    | uvicorn.access | 85.106.157.114:0 - "GET /api/security/status HTTP/1.1" 200
2026-05-07 22:04:51,325 | INFO    | uvicorn.access | 85.106.157.114:0 - "GET /api/terminal/history HTTP/1.1" 200
2026-05-07 22:04:52,571 | INFO    | uvicorn.access | 127.0.0.1:61558 - "GET /api/internal/terminal/poll HTTP/1.1" 200
2026-05-07 22:04:53,325 | INFO    | uvicorn.access | 85.106.157.114:0 - "GET /api/terminal/history HTTP/1.1" 200
2026-05-07 22:04:55,355 | INFO    | uvicorn.access | 85.106.157.114:0 - "GET /api/terminal/history HTTP/1.1" 200
2026-05-07 22:04:56,070 | INFO    | uvicorn.access | 127.0.0.1:61565 - "GET /api/internal/terminal/poll HTTP/1.1" 200
2026-05-07 22:04:56,346 | INFO    | uvicorn.access | 85.106.157.114:0 - "GET /api/security/status HTTP/1.1" 200
2026-05-07 22:04:56,347 | INFO    | uvicorn.access | 85.106.157.114:0 - "GET /api/system/status HTTP/1.1" 200
2026-05-07 22:04:57,351 | INFO    | uvicorn.access | 85.106.157.114:0 - "GET /api/terminal/history HTTP/1.1" 200
2026-05-07 22:04:58 | INFO    | remote.terminal | Kullanıcı mesajı kuyruğa eklendi (async): Temsilci görevini nerden takip edebilirim
2026-05-07 22:04:59,346 | INFO    | uvicorn.access | 85.106.157.114:0 - "GET /api/terminal/history HTTP/1.1" 200
2026-05-07 22:04:59,580 | INFO    | uvicorn.access | 127.0.0.1:61568 - "GET /api/internal/terminal/poll HTTP/1.1" 200
2026-05-07 22:05:01,364 | INFO    | uvicorn.access | 85.106.157.114:0 - "GET /api/security/status HTTP/1.1" 200
2026-05-07 22:05:01,365 | INFO    | uvicorn.access | 85.106.157.114:0 - "GET /api/terminal/history HTTP/1.1" 200
2026-05-07 22:05:01,367 | INFO    | uvicorn.access | 85.106.157.114:0 - "GET /api/system/status HTTP/1.1" 200
2026-05-07 22:05:03,079 | INFO    | uvicorn.access | 127.0.0.1:61572 - "GET /api/internal/terminal/poll HTTP/1.1" 200
2026-05-07 22:05:03,347 | INFO    | uvicorn.access | 85.106.157.114:0 - "GET /api/terminal/history HTTP/1.1" 200
2026-05-07 22:05:05,350 | INFO    | uvicorn.access | 85.106.157.114:0 - "GET /api/terminal/history HTTP/1.1" 200
2026-05-07 22:05:06,357 | INFO    | uvicorn.access | 85.106.157.114:0 - "GET /api/system/status HTTP/1.1" 200
2026-05-07 22:05:06,360 | INFO    | uvicorn.access | 85.106.157.114:0 - "GET /api/security/status HTTP/1.1" 200
2026-05-07 22:05:06,582 | INFO    | uvicorn.access | 127.0.0.1:61577 - "GET /api/internal/terminal/poll HTTP/1.1" 200
2026-05-07 22:05:07,351 | INFO    | uvicorn.access | 85.106.157.114:0 - "GET /api/terminal/history HTTP/1.1" 200
2026-05-07 22:05:09,360 | INFO    | uvicorn.access | 85.106.157.114:0 - "GET /api/terminal/history HTTP/1.1" 200
2026-05-07 22:05:09 | INFO    | remote.terminal | Jarvis yanıtı alındı: Temsilci görevini masaüstünüzde göreceğiniz bir pe
2026-05-07 22:05:09,569 | INFO    | uvicorn.access | 127.0.0.1:61581 - "POST /api/internal/terminal/reply HTTP/1.1" 200
2026-05-07 22:05:09,570 | INFO    | uvicorn.access | 85.106.157.114:0 - "POST /api/terminal/send HTTP/1.1" 200
2026-05-07 22:05:10,081 | INFO    | uvicorn.access | 127.0.0.1:61582 - "GET /api/internal/terminal/poll HTTP/1.1" 200
2026-05-07 22:05:11,351 | INFO    | uvicorn.access | 85.106.157.114:0 - "GET /api/system/status HTTP/1.1" 200
2026-05-07 22:05:11,354 | INFO    | uvicorn.access | 85.106.157.114:0 - "GET /api/terminal/history HTTP/1.1" 200
2026-05-07 22:05:11,355 | INFO    | uvicorn.access | 85.106.157.114:0 - "GET /api/security/status HTTP/1.1" 200
2026-05-07 22:05:13,316 | INFO    | uvicorn.access | 85.106.157.114:0 - "GET /api/terminal/history HTTP/1.1" 200
2026-05-07 22:05:13,583 | INFO    | uvicorn.access | 127.0.0.1:61590 - "GET /api/internal/terminal/poll HTTP/1.1" 200
2026-05-07 22:05:15,325 | INFO    | uvicorn.access | 85.106.157.114:0 - "GET /api/terminal/history HTTP/1.1" 200
2026-05-07 22:05:16,312 | INFO    | uvicorn.access | 85.106.157.114:0 - "GET /api/system/status HTTP/1.1" 200
2026-05-07 22:05:16,313 | INFO    | uvicorn.access | 85.106.157.114:0 - "GET /api/security/status HTTP/1.1" 200
2026-05-07 22:05:17,092 | INFO    | uvicorn.access | 127.0.0.1:61596 - "GET /api/internal/terminal/poll HTTP/1.1" 200
2026-05-07 22:05:17,342 | INFO    | uvicorn.access | 85.106.157.114:0 - "GET /api/terminal/history HTTP/1.1" 200
2026-05-07 22:05:19,342 | INFO    | uvicorn.access | 85.106.157.114:0 - "GET /api/terminal/history HTTP/1.1" 200
2026-05-07 22:05:20,583 | INFO    | uvicorn.access | 127.0.0.1:61598 - "GET /api/internal/terminal/poll HTTP/1.1" 200
2026-05-07 22:05:21,353 | INFO    | uvicorn.access | 85.106.157.114:0 - "GET /api/system/status HTTP/1.1" 200
2026-05-07 22:05:21,357 | INFO    | uvicorn.access | 85.106.157.114:0 - "GET /api/terminal/history HTTP/1.1" 200
2026-05-07 22:05:21,359 | INFO    | uvicorn.access | 85.106.157.114:0 - "GET /api/security/status HTTP/1.1" 200
2026-05-07 22:05:23,565 | INFO    | uvicorn.access | 85.106.157.114:0 - "GET /api/terminal/history HTTP/1.1" 200
2026-05-07 22:05:24,103 | INFO    | uvicorn.access | 127.0.0.1:61604 - "GET /api/internal/terminal/poll HTTP/1.1" 200
2026-05-07 22:05:25,356 | INFO    | uvicorn.access | 85.106.157.114:0 - "GET /api/terminal/history HTTP/1.1" 200
2026-05-07 22:05:26,357 | INFO    | uvicorn.access | 85.106.157.114:0 - "GET /api/security/status HTTP/1.1" 200
2026-05-07 22:05:26,359 | INFO    | uvicorn.access | 85.106.157.114:0 - "GET /api/system/status HTTP/1.1" 200
2026-05-07 22:05:27,341 | INFO    | uvicorn.access | 85.106.157.114:0 - "GET /api/terminal/history HTTP/1.1" 200
2026-05-07 22:05:27,615 | INFO    | uvicorn.access | 127.0.0.1:61609 - "GET /api/internal/terminal/poll HTTP/1.1" 200
2026-05-07 22:05:29,360 | INFO    | uvicorn.access | 85.106.157.114:0 - "GET /api/terminal/history HTTP/1.1" 200
2026-05-07 22:05:29 | INFO    | remote.terminal | Kullanıcı mesajı kuyruğa eklendi (async): Oyunlarım guncelmi
2026-05-07 22:05:31,117 | INFO    | uvicorn.access | 127.0.0.1:61611 - "GET /api/internal/terminal/poll HTTP/1.1" 200
2026-05-07 22:05:31,388 | INFO    | uvicorn.access | 85.106.157.114:0 - "GET /api/terminal/history HTTP/1.1" 200
2026-05-07 22:05:31,389 | INFO    | uvicorn.access | 85.106.157.114:0 - "GET /api/security/status HTTP/1.1" 200
2026-05-07 22:05:31,392 | INFO    | uvicorn.access | 85.106.157.114:0 - "GET /api/system/status HTTP/1.1" 200
2026-05-07 22:05:33,358 | INFO    | uvicorn.access | 85.106.157.114:0 - "GET /api/terminal/history HTTP/1.1" 200
2026-05-07 22:05:34,621 | INFO    | uvicorn.access | 127.0.0.1:61615 - "GET /api/internal/terminal/poll HTTP/1.1" 200
2026-05-07 22:05:35,590 | INFO    | uvicorn.access | 85.106.157.114:0 - "GET /api/terminal/history HTTP/1.1" 200
2026-05-07 22:05:36,364 | INFO    | uvicorn.access | 85.106.157.114:0 - "GET /api/system/status HTTP/1.1" 200
2026-05-07 22:05:36,366 | INFO    | uvicorn.access | 85.106.157.114:0 - "GET /api/security/status HTTP/1.1" 200
2026-05-07 22:05:37,360 | INFO    | uvicorn.access | 85.106.157.114:0 - "GET /api/terminal/history HTTP/1.1" 200
2026-05-07 22:05:38,127 | INFO    | uvicorn.access | 127.0.0.1:61619 - "GET /api/internal/terminal/poll HTTP/1.1" 200
2026-05-07 22:05:39,361 | INFO    | uvicorn.access | 85.106.157.114:0 - "GET /api/terminal/history HTTP/1.1" 200
2026-05-07 22:05:41,361 | INFO    | uvicorn.access | 85.106.157.114:0 - "GET /api/system/status HTTP/1.1" 200
2026-05-07 22:05:41,366 | INFO    | uvicorn.access | 85.106.157.114:0 - "GET /api/security/status HTTP/1.1" 200
2026-05-07 22:05:41,548 | INFO    | uvicorn.access | 85.106.157.114:0 - "GET /api/terminal/history HTTP/1.1" 200
2026-05-07 22:05:41,632 | INFO    | uvicorn.access | 127.0.0.1:61625 - "GET /api/internal/terminal/poll HTTP/1.1" 200
2026-05-07 22:05:43,369 | INFO    | uvicorn.access | 85.106.157.114:0 - "GET /api/terminal/history HTTP/1.1" 200
2026-05-07 22:05:44,883 | INFO    | uvicorn.access | 85.106.157.114:0 - "POST /api/terminal/send HTTP/1.1" 200
2026-05-07 22:05:45,142 | INFO    | uvicorn.access | 127.0.0.1:61627 - "GET /api/internal/terminal/poll HTTP/1.1" 200
2026-05-07 22:05:45,356 | INFO    | uvicorn.access | 85.106.157.114:0 - "GET /api/terminal/history HTTP/1.1" 200
2026-05-07 22:05:46,356 | INFO    | uvicorn.access | 85.106.157.114:0 - "GET /api/system/status HTTP/1.1" 200
2026-05-07 22:05:46,359 | INFO    | uvicorn.access | 85.106.157.114:0 - "GET /api/security/status HTTP/1.1" 200
2026-05-07 22:05:47,786 | INFO    | uvicorn.access | 85.106.157.114:0 - "GET /api/terminal/history HTTP/1.1" 200
2026-05-07 22:05:48,654 | INFO    | uvicorn.access | 127.0.0.1:61630 - "GET /api/internal/terminal/poll HTTP/1.1" 200
2026-05-07 22:05:49,364 | INFO    | uvicorn.access | 85.106.157.114:0 - "GET /api/terminal/history HTTP/1.1" 200
2026-05-07 22:05:51,469 | INFO    | uvicorn.access | 85.106.157.114:0 - "GET /api/terminal/history HTTP/1.1" 200
2026-05-07 22:05:51,470 | INFO    | uvicorn.access | 85.106.157.114:0 - "GET /api/system/status HTTP/1.1" 200
2026-05-07 22:05:51,559 | INFO    | uvicorn.access | 85.106.157.114:0 - "GET /api/security/status HTTP/1.1" 200
2026-05-07 22:05:52,165 | INFO    | uvicorn.access | 127.0.0.1:61634 - "GET /api/internal/terminal/poll HTTP/1.1" 200
2026-05-07 22:05:53,357 | INFO    | uvicorn.access | 85.106.157.114:0 - "GET /api/terminal/history HTTP/1.1" 200
2026-05-07 22:05:55,531 | INFO    | uvicorn.access | 85.106.157.114:0 - "GET /api/terminal/history HTTP/1.1" 200
2026-05-07 22:05:55,667 | INFO    | uvicorn.access | 127.0.0.1:61640 - "GET /api/internal/terminal/poll HTTP/1.1" 200
2026-05-07 22:05:56,455 | INFO    | uvicorn.access | 85.106.157.114:0 - "GET /api/system/status HTTP/1.1" 200
2026-05-07 22:05:56,468 | INFO    | uvicorn.access | 85.106.157.114:0 - "GET /api/security/status HTTP/1.1" 200
2026-05-07 22:05:57,597 | INFO    | uvicorn.access | 85.106.157.114:0 - "GET /api/terminal/history HTTP/1.1" 200
2026-05-07 22:05:59,169 | INFO    | uvicorn.access | 127.0.0.1:61655 - "GET /api/internal/terminal/poll HTTP/1.1" 200
2026-05-07 22:05:59 | INFO    | remote.terminal | Jarvis yanıtı alındı: Steam'de 6 oyununuz yüklü: Battlefield™ 1, HITMAN 
2026-05-07 22:05:59,618 | INFO    | uvicorn.access | 127.0.0.1:61656 - "POST /api/internal/terminal/reply HTTP/1.1" 200
2026-05-07 22:05:59,710 | INFO    | uvicorn.access | 85.106.157.114:0 - "GET /api/terminal/history HTTP/1.1" 200
2026-05-07 22:06:01,631 | INFO    | uvicorn.access | 85.106.157.114:0 - "GET /api/system/status HTTP/1.1" 200
2026-05-07 22:06:01,722 | INFO    | uvicorn.access | 85.106.157.114:0 - "GET /api/security/status HTTP/1.1" 200
2026-05-07 22:06:01,723 | INFO    | uvicorn.access | 85.106.157.114:0 - "GET /api/terminal/history HTTP/1.1" 200
2026-05-07 22:06:02,668 | INFO    | uvicorn.access | 127.0.0.1:61659 - "GET /api/internal/terminal/poll HTTP/1.1" 200
2026-05-07 22:06:03,276 | INFO    | uvicorn.access | 85.106.157.114:0 - "GET /api/terminal/history HTTP/1.1" 200
2026-05-07 22:06:05,342 | INFO    | uvicorn.access | 85.106.157.114:0 - "GET /api/terminal/history HTTP/1.1" 200
2026-05-07 22:06:06,174 | INFO    | uvicorn.access | 127.0.0.1:61661 - "GET /api/internal/terminal/poll HTTP/1.1" 200
2026-05-07 22:06:06,318 | INFO    | uvicorn.access | 85.106.157.114:0 - "GET /api/system/status HTTP/1.1" 200
2026-05-07 22:06:06,319 | INFO    | uvicorn.access | 85.106.157.114:0 - "GET /api/security/status HTTP/1.1" 200
2026-05-07 22:06:07,359 | INFO    | uvicorn.access | 85.106.157.114:0 - "GET /api/terminal/history HTTP/1.1" 200
2026-05-07 22:06:09,358 | INFO    | uvicorn.access | 85.106.157.114:0 - "GET /api/terminal/history HTTP/1.1" 200
2026-05-07 22:06:09,678 | INFO    | uvicorn.access | 127.0.0.1:61664 - "GET /api/internal/terminal/poll HTTP/1.1" 200
2026-05-07 22:06:11,386 | INFO    | uvicorn.access | 85.106.157.114:0 - "GET /api/security/status HTTP/1.1" 200
2026-05-07 22:06:11,387 | INFO    | uvicorn.access | 85.106.157.114:0 - "GET /api/system/status HTTP/1.1" 200
2026-05-07 22:06:11,388 | INFO    | uvicorn.access | 85.106.157.114:0 - "GET /api/terminal/history HTTP/1.1" 200
2026-05-07 22:06:13,184 | INFO    | uvicorn.access | 127.0.0.1:61674 - "GET /api/internal/terminal/poll HTTP/1.1" 200
2026-05-07 22:06:13,334 | INFO    | uvicorn.access | 85.106.157.114:0 - "GET /api/terminal/history HTTP/1.1" 200
2026-05-07 22:06:15,359 | INFO    | uvicorn.access | 85.106.157.114:0 - "GET /api/terminal/history HTTP/1.1" 200
2026-05-07 22:06:16,377 | INFO    | uvicorn.access | 85.106.157.114:0 - "GET /api/system/status HTTP/1.1" 200
2026-05-07 22:06:16,474 | INFO    | uvicorn.access | 85.106.157.114:0 - "GET /api/security/status HTTP/1.1" 200
2026-05-07 22:06:16,687 | INFO    | uvicorn.access | 127.0.0.1:61677 - "GET /api/internal/terminal/poll HTTP/1.1" 200
2026-05-07 22:06:17,454 | INFO    | uvicorn.access | 85.106.157.114:0 - "GET /api/terminal/history HTTP/1.1" 200
2026-05-07 22:06:18 | INFO    | remote.terminal | Kullanıcı mesajı kuyruğa eklendi (async): Benim için youtubeden bir video açıp ozetlermisin
2026-05-07 22:06:19,326 | INFO    | uvicorn.access | 85.106.157.114:0 - "GET /api/terminal/history HTTP/1.1" 200
2026-05-07 22:06:20,161 | INFO    | uvicorn.access | 127.0.0.1:61680 - "GET /api/internal/terminal/poll HTTP/1.1" 200
2026-05-07 22:06:21,371 | INFO    | uvicorn.access | 85.106.157.114:0 - "GET /api/system/status HTTP/1.1" 200
2026-05-07 22:06:21,566 | INFO    | uvicorn.access | 85.106.157.114:0 - "GET /api/security/status HTTP/1.1" 200
2026-05-07 22:06:21,567 | INFO    | uvicorn.access | 85.106.157.114:0 - "GET /api/terminal/history HTTP/1.1" 200
2026-05-07 22:06:23,355 | INFO    | uvicorn.access | 85.106.157.114:0 - "GET /api/terminal/history HTTP/1.1" 200
2026-05-07 22:06:23,664 | INFO    | uvicorn.access | 127.0.0.1:61685 - "GET /api/internal/terminal/poll HTTP/1.1" 200
2026-05-07 22:06:25,328 | INFO    | uvicorn.access | 85.106.157.114:0 - "GET /api/terminal/history HTTP/1.1" 200
2026-05-07 22:06:26 | INFO    | remote.terminal | Jarvis yanıtı alındı: Hangi videoyu açmamı ve özetlememi istersiniz?
2026-05-07 22:06:26,112 | INFO    | uvicorn.access | 127.0.0.1:61688 - "POST /api/internal/terminal/reply HTTP/1.1" 200
2026-05-07 22:06:26,112 | INFO    | uvicorn.access | 85.106.157.114:0 - "POST /api/terminal/send HTTP/1.1" 200
2026-05-07 22:06:26,363 | INFO    | uvicorn.access | 85.106.157.114:0 - "GET /api/system/status HTTP/1.1" 200
2026-05-07 22:06:26,548 | INFO    | uvicorn.access | 85.106.157.114:0 - "GET /api/security/status HTTP/1.1" 200
2026-05-07 22:06:27,159 | INFO    | uvicorn.access | 127.0.0.1:61689 - "GET /api/internal/terminal/poll HTTP/1.1" 200
2026-05-07 22:06:27,391 | INFO    | uvicorn.access | 85.106.157.114:0 - "GET /api/terminal/history HTTP/1.1" 200
2026-05-07 22:06:29,358 | INFO    | uvicorn.access | 85.106.157.114:0 - "GET /api/terminal/history HTTP/1.1" 200
2026-05-07 22:06:30,670 | INFO    | uvicorn.access | 127.0.0.1:61691 - "GET /api/internal/terminal/poll HTTP/1.1" 200
2026-05-07 22:06:31,366 | INFO    | uvicorn.access | 85.106.157.114:0 - "GET /api/terminal/history HTTP/1.1" 200
2026-05-07 22:06:31,369 | INFO    | uvicorn.access | 85.106.157.114:0 - "GET /api/security/status HTTP/1.1" 200
2026-05-07 22:06:31,856 | INFO    | uvicorn.access | 85.106.157.114:0 - "GET /api/system/status HTTP/1.1" 200
2026-05-07 22:06:33,368 | INFO    | uvicorn.access | 85.106.157.114:0 - "GET /api/terminal/history HTTP/1.1" 200
2026-05-07 22:06:34,158 | INFO    | uvicorn.access | 127.0.0.1:61693 - "GET /api/internal/terminal/poll HTTP/1.1" 200
2026-05-07 22:06:35,309 | INFO    | uvicorn.access | 85.106.157.114:0 - "GET /api/terminal/history HTTP/1.1" 200
2026-05-07 22:06:36,359 | INFO    | uvicorn.access | 85.106.157.114:0 - "GET /api/system/status HTTP/1.1" 200
2026-05-07 22:06:36,359 | INFO    | uvicorn.access | 85.106.157.114:0 - "GET /api/security/status HTTP/1.1" 200
2026-05-07 22:06:37,363 | INFO    | uvicorn.access | 85.106.157.114:0 - "GET /api/terminal/history HTTP/1.1" 200
2026-05-07 22:06:37,664 | INFO    | uvicorn.access | 127.0.0.1:61697 - "GET /api/internal/terminal/poll HTTP/1.1" 200
2026-05-07 22:06:39,358 | INFO    | uvicorn.access | 85.106.157.114:0 - "GET /api/terminal/history HTTP/1.1" 200
2026-05-07 22:06:41,166 | INFO    | uvicorn.access | 127.0.0.1:61700 - "GET /api/internal/terminal/poll HTTP/1.1" 200
2026-05-07 22:06:41,363 | INFO    | uvicorn.access | 85.106.157.114:0 - "GET /api/terminal/history HTTP/1.1" 200
2026-05-07 22:06:41,461 | INFO    | uvicorn.access | 85.106.157.114:0 - "GET /api/system/status HTTP/1.1" 200
2026-05-07 22:06:42,073 | INFO    | uvicorn.access | 85.106.157.114:0 - "GET /api/security/status HTTP/1.1" 200
2026-05-07 22:06:43,358 | INFO    | uvicorn.access | 85.106.157.114:0 - "GET /api/terminal/history HTTP/1.1" 200
2026-05-07 22:06:44 | INFO    | remote.terminal | Kullanıcı mesajı kuyruğa eklendi (async): Birtane yusuf ipek videosu aç
2026-05-07 22:06:44,663 | INFO    | uvicorn.access | 127.0.0.1:61702 - "GET /api/internal/terminal/poll HTTP/1.1" 200
2026-05-07 22:06:45,330 | INFO    | uvicorn.access | 85.106.157.114:0 - "GET /api/terminal/history HTTP/1.1" 200
2026-05-07 22:06:46,581 | INFO    | uvicorn.access | 85.106.157.114:0 - "GET /api/security/status HTTP/1.1" 200
2026-05-07 22:06:46,582 | INFO    | uvicorn.access | 85.106.157.114:0 - "GET /api/system/status HTTP/1.1" 200
2026-05-07 22:06:47,751 | INFO    | uvicorn.access | 85.106.157.114:0 - "GET /api/terminal/history HTTP/1.1" 200
2026-05-07 22:06:48,160 | INFO    | uvicorn.access | 127.0.0.1:61708 - "GET /api/internal/terminal/poll HTTP/1.1" 200
2026-05-07 22:06:49,485 | INFO    | uvicorn.access | 85.106.157.114:0 - "GET /api/terminal/history HTTP/1.1" 200
2026-05-07 22:06:51,367 | INFO    | uvicorn.access | 85.106.157.114:0 - "GET /api/security/status HTTP/1.1" 200
2026-05-07 22:06:51,442 | INFO    | uvicorn.access | 85.106.157.114:0 - "GET /api/terminal/history HTTP/1.1" 200
2026-05-07 22:06:51,445 | INFO    | uvicorn.access | 85.106.157.114:0 - "GET /api/system/status HTTP/1.1" 200
2026-05-07 22:06:51,663 | INFO    | uvicorn.access | 127.0.0.1:57518 - "GET /api/internal/terminal/poll HTTP/1.1" 200
2026-05-07 22:06:53,492 | INFO    | uvicorn.access | 85.106.157.114:0 - "GET /api/terminal/history HTTP/1.1" 200
2026-05-07 22:06:55,166 | INFO    | uvicorn.access | 127.0.0.1:56346 - "GET /api/internal/terminal/poll HTTP/1.1" 200
2026-05-07 22:06:55,363 | INFO    | uvicorn.access | 85.106.157.114:0 - "GET /api/terminal/history HTTP/1.1" 200
2026-05-07 22:06:56,471 | INFO    | uvicorn.access | 85.106.157.114:0 - "GET /api/system/status HTTP/1.1" 200
2026-05-07 22:06:56,560 | INFO    | uvicorn.access | 85.106.157.114:0 - "GET /api/security/status HTTP/1.1" 200
2026-05-07 22:06:57,352 | INFO    | uvicorn.access | 85.106.157.114:0 - "GET /api/terminal/history HTTP/1.1" 200
2026-05-07 22:06:58,672 | INFO    | uvicorn.access | 127.0.0.1:60126 - "GET /api/internal/terminal/poll HTTP/1.1" 200
2026-05-07 22:06:59,447 | INFO    | uvicorn.access | 85.106.157.114:0 - "POST /api/terminal/send HTTP/1.1" 200
2026-05-07 22:06:59,587 | INFO    | uvicorn.access | 85.106.157.114:0 - "GET /api/terminal/history HTTP/1.1" 200
2026-05-07 22:07:01,366 | INFO    | uvicorn.access | 85.106.157.114:0 - "GET /api/security/status HTTP/1.1" 200
2026-05-07 22:07:01,367 | INFO    | uvicorn.access | 85.106.157.114:0 - "GET /api/system/status HTTP/1.1" 200
2026-05-07 22:07:01,369 | INFO    | uvicorn.access | 85.106.157.114:0 - "GET /api/terminal/history HTTP/1.1" 200
2026-05-07 22:07:02,178 | INFO    | uvicorn.access | 127.0.0.1:57199 - "GET /api/internal/terminal/poll HTTP/1.1" 200
2026-05-07 22:07:03,349 | INFO    | uvicorn.access | 85.106.157.114:0 - "GET /api/terminal/history HTTP/1.1" 200
2026-05-07 22:07:05,354 | INFO    | uvicorn.access | 85.106.157.114:0 - "GET /api/terminal/history HTTP/1.1" 200
2026-05-07 22:07:05,694 | INFO    | uvicorn.access | 127.0.0.1:60060 - "GET /api/internal/terminal/poll HTTP/1.1" 200
2026-05-07 22:07:05 | INFO    | remote.terminal | Kullanıcı mesajı kuyruğa eklendi (async): URL al
2026-05-07 22:07:06,452 | INFO    | uvicorn.access | 85.106.157.114:0 - "GET /api/security/status HTTP/1.1" 200
2026-05-07 22:07:06,452 | INFO    | uvicorn.access | 85.106.157.114:0 - "GET /api/system/status HTTP/1.1" 200
2026-05-07 22:07:07,595 | INFO    | uvicorn.access | 85.106.157.114:0 - "GET /api/terminal/history HTTP/1.1" 200
2026-05-07 22:07:09,394 | INFO    | uvicorn.access | 85.106.157.114:0 - "GET /api/terminal/history HTTP/1.1" 200
2026-05-07 22:07:11,374 | INFO    | uvicorn.access | 85.106.157.114:0 - "GET /api/system/status HTTP/1.1" 200
2026-05-07 22:07:11,376 | INFO    | uvicorn.access | 85.106.157.114:0 - "GET /api/security/status HTTP/1.1" 200
2026-05-07 22:07:11,377 | INFO    | uvicorn.access | 85.106.157.114:0 - "GET /api/terminal/history HTTP/1.1" 200
2026-05-07 22:07:12,593 | INFO    | uvicorn.access | 127.0.0.1:60183 - "GET /api/internal/terminal/poll HTTP/1.1" 200
2026-05-07 22:07:13,368 | INFO    | uvicorn.access | 85.106.157.114:0 - "GET /api/terminal/history HTTP/1.1" 200
2026-05-07 22:07:15,334 | INFO    | uvicorn.access | 85.106.157.114:0 - "GET /api/terminal/history HTTP/1.1" 200
2026-05-07 22:07:16,111 | INFO    | uvicorn.access | 127.0.0.1:60281 - "GET /api/internal/terminal/poll HTTP/1.1" 200
2026-05-07 22:07:16,387 | INFO    | uvicorn.access | 85.106.157.114:0 - "GET /api/system/status HTTP/1.1" 200
2026-05-07 22:07:16,533 | INFO    | uvicorn.access | 85.106.157.114:0 - "GET /api/security/status HTTP/1.1" 200
2026-05-07 22:07:17,484 | INFO    | uvicorn.access | 85.106.157.114:0 - "GET /api/terminal/history HTTP/1.1" 200
2026-05-07 22:07:19,380 | INFO    | uvicorn.access | 85.106.157.114:0 - "GET /api/terminal/history HTTP/1.1" 200
2026-05-07 22:07:19,615 | INFO    | uvicorn.access | 127.0.0.1:60491 - "GET /api/internal/terminal/poll HTTP/1.1" 200
2026-05-07 22:07:21,003 | INFO    | uvicorn.access | 85.106.157.114:0 - "POST /api/terminal/send HTTP/1.1" 200
2026-05-07 22:07:21,335 | INFO    | uvicorn.access | 85.106.157.114:0 - "GET /api/system/status HTTP/1.1" 200
2026-05-07 22:07:21,371 | INFO    | uvicorn.access | 85.106.157.114:0 - "GET /api/terminal/history HTTP/1.1" 200
2026-05-07 22:07:21,371 | INFO    | uvicorn.access | 85.106.157.114:0 - "GET /api/security/status HTTP/1.1" 200
2026-05-07 22:07:21 | INFO    | remote.terminal | Jarvis yanıtı alındı: Geçerli URL: about:blank
2026-05-07 22:07:21,810 | INFO    | uvicorn.access | 127.0.0.1:53085 - "POST /api/internal/terminal/reply HTTP/1.1" 200
2026-05-07 22:07:23,118 | INFO    | uvicorn.access | 127.0.0.1:53089 - "GET /api/internal/terminal/poll HTTP/1.1" 200
2026-05-07 22:07:23,362 | INFO    | uvicorn.access | 85.106.157.114:0 - "GET /api/terminal/history HTTP/1.1" 200
2026-05-07 22:07:25,361 | INFO    | uvicorn.access | 85.106.157.114:0 - "GET /api/terminal/history HTTP/1.1" 200
2026-05-07 22:07:26,366 | INFO    | uvicorn.access | 85.106.157.114:0 - "GET /api/system/status HTTP/1.1" 200
2026-05-07 22:07:26,459 | INFO    | uvicorn.access | 85.106.157.114:0 - "GET /api/security/status HTTP/1.1" 200
2026-05-07 22:07:26,621 | INFO    | uvicorn.access | 127.0.0.1:53095 - "GET /api/internal/terminal/poll HTTP/1.1" 200
2026-05-07 22:07:27,361 | INFO    | uvicorn.access | 85.106.157.114:0 - "GET /api/terminal/history HTTP/1.1" 200
2026-05-07 22:07:29,565 | INFO    | uvicorn.access | 85.106.157.114:0 - "GET /api/terminal/history HTTP/1.1" 200
2026-05-07 22:07:30,127 | INFO    | uvicorn.access | 127.0.0.1:53097 - "GET /api/internal/terminal/poll HTTP/1.1" 200
2026-05-07 22:07:31,371 | INFO    | uvicorn.access | 85.106.157.114:0 - "GET /api/terminal/history HTTP/1.1" 200
2026-05-07 22:07:31,559 | INFO    | uvicorn.access | 85.106.157.114:0 - "GET /api/security/status HTTP/1.1" 200
2026-05-07 22:07:31,560 | INFO    | uvicorn.access | 85.106.157.114:0 - "GET /api/system/status HTTP/1.1" 200
2026-05-07 22:07:33,350 | INFO    | uvicorn.access | 85.106.157.114:0 - "GET /api/terminal/history HTTP/1.1" 200
2026-05-07 22:07:33,639 | INFO    | uvicorn.access | 127.0.0.1:53099 - "GET /api/internal/terminal/poll HTTP/1.1" 200
2026-05-07 22:07:35,631 | INFO    | uvicorn.access | 85.106.157.114:0 - "GET /api/terminal/history HTTP/1.1" 200
2026-05-07 22:07:36,362 | INFO    | uvicorn.access | 85.106.157.114:0 - "GET /api/system/status HTTP/1.1" 200
2026-05-07 22:07:36,543 | INFO    | uvicorn.access | 85.106.157.114:0 - "GET /api/security/status HTTP/1.1" 200
2026-05-07 22:07:37,151 | INFO    | uvicorn.access | 127.0.0.1:60493 - "GET /api/internal/terminal/poll HTTP/1.1" 200
2026-05-07 22:07:37,355 | INFO    | uvicorn.access | 85.106.157.114:0 - "GET /api/terminal/history HTTP/1.1" 200
2026-05-07 22:07:39,303 | INFO    | uvicorn.access | 85.106.157.114:0 - "GET /api/terminal/history HTTP/1.1" 200
2026-05-07 22:07:40,638 | INFO    | uvicorn.access | 127.0.0.1:55344 - "GET /api/internal/terminal/poll HTTP/1.1" 200
2026-05-07 22:07:41,327 | INFO    | uvicorn.access | 85.106.157.114:0 - "GET /api/security/status HTTP/1.1" 200
2026-05-07 22:07:41,329 | INFO    | uvicorn.access | 85.106.157.114:0 - "GET /api/terminal/history HTTP/1.1" 200
2026-05-07 22:07:41,330 | INFO    | uvicorn.access | 85.106.157.114:0 - "GET /api/system/status HTTP/1.1" 200
2026-05-07 22:07:43,330 | INFO    | uvicorn.access | 85.106.157.114:0 - "GET /api/terminal/history HTTP/1.1" 200
2026-05-07 22:07:44,142 | INFO    | uvicorn.access | 127.0.0.1:53765 - "GET /api/internal/terminal/poll HTTP/1.1" 200
2026-05-07 22:07:45,336 | INFO    | uvicorn.access | 85.106.157.114:0 - "GET /api/terminal/history HTTP/1.1" 200
2026-05-07 22:07:46,309 | INFO    | uvicorn.access | 85.106.157.114:0 - "GET /api/system/status HTTP/1.1" 200
2026-05-07 22:07:46,310 | INFO    | uvicorn.access | 85.106.157.114:0 - "GET /api/security/status HTTP/1.1" 200
2026-05-07 22:07:47,331 | INFO    | uvicorn.access | 85.106.157.114:0 - "GET /api/terminal/history HTTP/1.1" 200
2026-05-07 22:07:47,631 | INFO    | uvicorn.access | 127.0.0.1:53767 - "GET /api/internal/terminal/poll HTTP/1.1" 200
2026-05-07 22:07:49,293 | INFO    | uvicorn.access | 85.106.157.114:0 - "GET /api/terminal/history HTTP/1.1" 200
2026-05-07 22:07:51,138 | INFO    | uvicorn.access | 127.0.0.1:63405 - "GET /api/internal/terminal/poll HTTP/1.1" 200
2026-05-07 22:07:51,361 | INFO    | uvicorn.access | 85.106.157.114:0 - "GET /api/system/status HTTP/1.1" 200
2026-05-07 22:07:51,364 | INFO    | uvicorn.access | 85.106.157.114:0 - "GET /api/terminal/history HTTP/1.1" 200
2026-05-07 22:07:51,365 | INFO    | uvicorn.access | 85.106.157.114:0 - "GET /api/security/status HTTP/1.1" 200
2026-05-07 22:07:53,351 | INFO    | uvicorn.access | 85.106.157.114:0 - "GET /api/terminal/history HTTP/1.1" 200
2026-05-07 22:07:54,641 | INFO    | uvicorn.access | 127.0.0.1:63409 - "GET /api/internal/terminal/poll HTTP/1.1" 200
2026-05-07 22:07:55 | INFO    | remote.terminal | Jarvis yanıtı alındı: Video URL'i Chrome'da açtım.
2026-05-07 22:07:55,120 | INFO    | uvicorn.access | 127.0.0.1:63413 - "POST /api/internal/terminal/reply HTTP/1.1" 200
2026-05-07 22:07:55,612 | INFO    | uvicorn.access | 85.106.157.114:0 - "GET /api/terminal/history HTTP/1.1" 200
2026-05-07 22:07:56,459 | INFO    | uvicorn.access | 85.106.157.114:0 - "GET /api/system/status HTTP/1.1" 200
2026-05-07 22:07:56,527 | INFO    | uvicorn.access | 85.106.157.114:0 - "GET /api/security/status HTTP/1.1" 200
2026-05-07 22:07:57,357 | INFO    | uvicorn.access | 85.106.157.114:0 - "GET /api/terminal/history HTTP/1.1" 200
2026-05-07 22:07:58,144 | INFO    | uvicorn.access | 127.0.0.1:63415 - "GET /api/internal/terminal/poll HTTP/1.1" 200
2026-05-07 22:07:59,361 | INFO    | uvicorn.access | 85.106.157.114:0 - "GET /api/terminal/history HTTP/1.1" 200
2026-05-07 22:08:00 | INFO    | remote.terminal | Kullanıcı mesajı kuyruğa eklendi (async): URL yi ozetle
2026-05-07 22:08:01,358 | INFO    | uvicorn.access | 85.106.157.114:0 - "GET /api/system/status HTTP/1.1" 200
2026-05-07 22:08:01,364 | INFO    | uvicorn.access | 85.106.157.114:0 - "GET /api/terminal/history HTTP/1.1" 200
2026-05-07 22:08:01,366 | INFO    | uvicorn.access | 85.106.157.114:0 - "GET /api/security/status HTTP/1.1" 200
2026-05-07 22:08:01,647 | INFO    | uvicorn.access | 127.0.0.1:63423 - "GET /api/internal/terminal/poll HTTP/1.1" 200
2026-05-07 22:08:03,354 | INFO    | uvicorn.access | 85.106.157.114:0 - "GET /api/terminal/history HTTP/1.1" 200
2026-05-07 22:08:05,135 | INFO    | uvicorn.access | 127.0.0.1:63428 - "GET /api/internal/terminal/poll HTTP/1.1" 200
2026-05-07 22:08:05,342 | INFO    | uvicorn.access | 85.106.157.114:0 - "GET /api/terminal/history HTTP/1.1" 200
2026-05-07 22:08:06,393 | INFO    | uvicorn.access | 85.106.157.114:0 - "GET /api/system/status HTTP/1.1" 200
2026-05-07 22:08:06,394 | INFO    | uvicorn.access | 85.106.157.114:0 - "GET /api/security/status HTTP/1.1" 200
2026-05-07 22:08:07,362 | INFO    | uvicorn.access | 85.106.157.114:0 - "GET /api/terminal/history HTTP/1.1" 200
2026-05-07 22:08:08,643 | INFO    | uvicorn.access | 127.0.0.1:63432 - "GET /api/internal/terminal/poll HTTP/1.1" 200
2026-05-07 22:08:09,592 | INFO    | uvicorn.access | 85.106.157.114:0 - "GET /api/terminal/history HTTP/1.1" 200
2026-05-07 22:08:11,347 | INFO    | uvicorn.access | 85.106.157.114:0 - "GET /api/system/status HTTP/1.1" 200
2026-05-07 22:08:11,348 | INFO    | uvicorn.access | 85.106.157.114:0 - "GET /api/security/status HTTP/1.1" 200
2026-05-07 22:08:11,348 | INFO    | uvicorn.access | 85.106.157.114:0 - "GET /api/terminal/history HTTP/1.1" 200
2026-05-07 22:08:12,127 | INFO    | uvicorn.access | 127.0.0.1:63441 - "GET /api/internal/terminal/poll HTTP/1.1" 200
2026-05-07 22:08:13,295 | INFO    | uvicorn.access | 85.106.157.114:0 - "GET /api/terminal/history HTTP/1.1" 200
2026-05-07 22:08:13 | INFO    | remote.terminal | Jarvis yanıtı alındı: Bu video için bir döküm alamadım, efendim.
2026-05-07 22:08:13,505 | INFO    | uvicorn.access | 127.0.0.1:63442 - "POST /api/internal/terminal/reply HTTP/1.1" 200
2026-05-07 22:08:13,506 | INFO    | uvicorn.access | 85.106.157.114:0 - "POST /api/terminal/send HTTP/1.1" 200
2026-05-07 22:08:15,326 | INFO    | uvicorn.access | 85.106.157.114:0 - "GET /api/terminal/history HTTP/1.1" 200
2026-05-07 22:08:15,635 | INFO    | uvicorn.access | 127.0.0.1:63446 - "GET /api/internal/terminal/poll HTTP/1.1" 200
2026-05-07 22:08:16,323 | INFO    | uvicorn.access | 85.106.157.114:0 - "GET /api/system/status HTTP/1.1" 200
2026-05-07 22:08:16,325 | INFO    | uvicorn.access | 85.106.157.114:0 - "GET /api/security/status HTTP/1.1" 200
2026-05-07 22:08:17,357 | INFO    | uvicorn.access | 85.106.157.114:0 - "GET /api/terminal/history HTTP/1.1" 200
2026-05-07 22:08:19,134 | INFO    | uvicorn.access | 127.0.0.1:63448 - "GET /api/internal/terminal/poll HTTP/1.1" 200
2026-05-07 22:08:19,364 | INFO    | uvicorn.access | 85.106.157.114:0 - "GET /api/terminal/history HTTP/1.1" 200
2026-05-07 22:08:21,332 | INFO    | uvicorn.access | 85.106.157.114:0 - "GET /api/system/status HTTP/1.1" 200
2026-05-07 22:08:21,334 | INFO    | uvicorn.access | 85.106.157.114:0 - "GET /api/terminal/history HTTP/1.1" 200
2026-05-07 22:08:21,335 | INFO    | uvicorn.access | 85.106.157.114:0 - "GET /api/security/status HTTP/1.1" 200
2026-05-07 22:08:22,630 | INFO    | uvicorn.access | 127.0.0.1:63450 - "GET /api/internal/terminal/poll HTTP/1.1" 200
2026-05-07 22:08:23,313 | INFO    | uvicorn.access | 85.106.157.114:0 - "GET /api/terminal/history HTTP/1.1" 200
2026-05-07 22:08:25,548 | INFO    | uvicorn.access | 85.106.157.114:0 - "GET /api/terminal/history HTTP/1.1" 200
2026-05-07 22:08:26,134 | INFO    | uvicorn.access | 127.0.0.1:63454 - "GET /api/internal/terminal/poll HTTP/1.1" 200
2026-05-07 22:08:26,368 | INFO    | uvicorn.access | 85.106.157.114:0 - "GET /api/system/status HTTP/1.1" 200
2026-05-07 22:08:26,370 | INFO    | uvicorn.access | 85.106.157.114:0 - "GET /api/security/status HTTP/1.1" 200
2026-05-07 22:08:27,364 | INFO    | uvicorn.access | 85.106.157.114:0 - "GET /api/terminal/history HTTP/1.1" 200
2026-05-07 22:08:27 | INFO    | remote.terminal | Kullanıcı mesajı kuyruğa eklendi (async): Kendi kendini eğitip geliştirebilir misin
2026-05-07 22:08:29,356 | INFO    | uvicorn.access | 85.106.157.114:0 - "GET /api/terminal/history HTTP/1.1" 200
2026-05-07 22:08:29,632 | INFO    | uvicorn.access | 127.0.0.1:63457 - "GET /api/internal/terminal/poll HTTP/1.1" 200
2026-05-07 22:08:31,377 | INFO    | uvicorn.access | 85.106.157.114:0 - "GET /api/terminal/history HTTP/1.1" 200
2026-05-07 22:08:31,378 | INFO    | uvicorn.access | 85.106.157.114:0 - "GET /api/system/status HTTP/1.1" 200
2026-05-07 22:08:31,379 | INFO    | uvicorn.access | 85.106.157.114:0 - "GET /api/security/status HTTP/1.1" 200
2026-05-07 22:08:33,136 | INFO    | uvicorn.access | 127.0.0.1:63460 - "GET /api/internal/terminal/poll HTTP/1.1" 200
2026-05-07 22:08:33,615 | INFO    | uvicorn.access | 85.106.157.114:0 - "GET /api/terminal/history HTTP/1.1" 200
2026-05-07 22:08:35,370 | INFO    | uvicorn.access | 85.106.157.114:0 - "GET /api/terminal/history HTTP/1.1" 200
2026-05-07 22:08:36,365 | INFO    | uvicorn.access | 85.106.157.114:0 - "GET /api/system/status HTTP/1.1" 200
2026-05-07 22:08:36,366 | INFO    | uvicorn.access | 85.106.157.114:0 - "GET /api/security/status HTTP/1.1" 200
2026-05-07 22:08:36,641 | INFO    | uvicorn.access | 127.0.0.1:63463 - "GET /api/internal/terminal/poll HTTP/1.1" 200
2026-05-07 22:08:37,352 | INFO    | uvicorn.access | 85.106.157.114:0 - "GET /api/terminal/history HTTP/1.1" 200
2026-05-07 22:08:39,305 | INFO    | uvicorn.access | 85.106.157.114:0 - "GET /api/terminal/history HTTP/1.1" 200
2026-05-07 22:08:40,157 | INFO    | uvicorn.access | 127.0.0.1:63466 - "GET /api/internal/terminal/poll HTTP/1.1" 200
2026-05-07 22:08:41,357 | INFO    | uvicorn.access | 85.106.157.114:0 - "GET /api/security/status HTTP/1.1" 200
2026-05-07 22:08:41,360 | INFO    | uvicorn.access | 85.106.157.114:0 - "GET /api/terminal/history HTTP/1.1" 200
2026-05-07 22:08:41,362 | INFO    | uvicorn.access | 85.106.157.114:0 - "GET /api/system/status HTTP/1.1" 200
2026-05-07 22:08:42,789 | INFO    | uvicorn.access | 85.106.157.114:0 - "POST /api/terminal/send HTTP/1.1" 200
2026-05-07 22:08:43,356 | INFO    | uvicorn.access | 85.106.157.114:0 - "GET /api/terminal/history HTTP/1.1" 200
2026-05-07 22:08:43,665 | INFO    | uvicorn.access | 127.0.0.1:63470 - "GET /api/internal/terminal/poll HTTP/1.1" 200
2026-05-07 22:08:43 | INFO    | remote.terminal | Jarvis yanıtı alındı: Kendi kendimi geliştirmem, öğrenme mekanizmalarım 
2026-05-07 22:08:43,950 | INFO    | uvicorn.access | 127.0.0.1:63471 - "POST /api/internal/terminal/reply HTTP/1.1" 200
2026-05-07 22:08:45,292 | INFO    | uvicorn.access | 85.106.157.114:0 - "GET /api/terminal/history HTTP/1.1" 200
2026-05-07 22:08:46,362 | INFO    | uvicorn.access | 85.106.157.114:0 - "GET /api/system/status HTTP/1.1" 200
2026-05-07 22:08:46,363 | INFO    | uvicorn.access | 85.106.157.114:0 - "GET /api/security/status HTTP/1.1" 200
2026-05-07 22:08:47,168 | INFO    | uvicorn.access | 127.0.0.1:63474 - "GET /api/internal/terminal/poll HTTP/1.1" 200
2026-05-07 22:08:47,356 | INFO    | uvicorn.access | 85.106.157.114:0 - "GET /api/terminal/history HTTP/1.1" 200
2026-05-07 22:08:49,361 | INFO    | uvicorn.access | 85.106.157.114:0 - "GET /api/terminal/history HTTP/1.1" 200
2026-05-07 22:08:50,660 | INFO    | uvicorn.access | 127.0.0.1:63476 - "GET /api/internal/terminal/poll HTTP/1.1" 200
2026-05-07 22:08:51,368 | INFO    | uvicorn.access | 85.106.157.114:0 - "GET /api/system/status HTTP/1.1" 200
2026-05-07 22:08:51,370 | INFO    | uvicorn.access | 85.106.157.114:0 - "GET /api/security/status HTTP/1.1" 200
2026-05-07 22:08:51,622 | INFO    | uvicorn.access | 85.106.157.114:0 - "GET /api/terminal/history HTTP/1.1" 200
2026-05-07 22:08:53,355 | INFO    | uvicorn.access | 85.106.157.114:0 - "GET /api/terminal/history HTTP/1.1" 200
2026-05-07 22:08:54,163 | INFO    | uvicorn.access | 127.0.0.1:63480 - "GET /api/internal/terminal/poll HTTP/1.1" 200
2026-05-07 22:08:55,611 | INFO    | uvicorn.access | 85.106.157.114:0 - "GET /api/terminal/history HTTP/1.1" 200
2026-05-07 22:08:56,600 | INFO    | uvicorn.access | 85.106.157.114:0 - "GET /api/system/status HTTP/1.1" 200
2026-05-07 22:08:56,626 | INFO    | uvicorn.access | 85.106.157.114:0 - "GET /api/security/status HTTP/1.1" 200
2026-05-07 22:08:57,361 | INFO    | uvicorn.access | 85.106.157.114:0 - "GET /api/terminal/history HTTP/1.1" 200
2026-05-07 22:08:57,694 | INFO    | uvicorn.access | 127.0.0.1:63483 - "GET /api/internal/terminal/poll HTTP/1.1" 200
2026-05-07 22:08:59,371 | INFO    | uvicorn.access | 85.106.157.114:0 - "GET /api/terminal/history HTTP/1.1" 200
2026-05-07 22:09:01,191 | INFO    | uvicorn.access | 127.0.0.1:63487 - "GET /api/internal/terminal/poll HTTP/1.1" 200
2026-05-07 22:09:01,377 | INFO    | uvicorn.access | 85.106.157.114:0 - "GET /api/security/status HTTP/1.1" 200
2026-05-07 22:09:01,379 | INFO    | uvicorn.access | 85.106.157.114:0 - "GET /api/terminal/history HTTP/1.1" 200
2026-05-07 22:09:01,380 | INFO    | uvicorn.access | 85.106.157.114:0 - "GET /api/system/status HTTP/1.1" 200
2026-05-07 22:09:03,344 | INFO    | uvicorn.access | 85.106.157.114:0 - "GET /api/terminal/history HTTP/1.1" 200
2026-05-07 22:09:04,704 | INFO    | uvicorn.access | 127.0.0.1:63497 - "GET /api/internal/terminal/poll HTTP/1.1" 200
2026-05-07 22:09:05,319 | INFO    | uvicorn.access | 85.106.157.114:0 - "GET /api/terminal/history HTTP/1.1" 200
2026-05-07 22:09:06,331 | INFO    | uvicorn.access | 85.106.157.114:0 - "GET /api/system/status HTTP/1.1" 200
2026-05-07 22:09:06,332 | INFO    | uvicorn.access | 85.106.157.114:0 - "GET /api/security/status HTTP/1.1" 200
2026-05-07 22:09:07,328 | INFO    | uvicorn.access | 85.106.157.114:0 - "GET /api/terminal/history HTTP/1.1" 200
2026-05-07 22:09:08,209 | INFO    | uvicorn.access | 127.0.0.1:63504 - "GET /api/internal/terminal/poll HTTP/1.1" 200
2026-05-07 22:09:09,328 | INFO    | uvicorn.access | 85.106.157.114:0 - "GET /api/terminal/history HTTP/1.1" 200
2026-05-07 22:09:11,305 | INFO    | uvicorn.access | 85.106.157.114:0 - "GET /api/system/status HTTP/1.1" 200
2026-05-07 22:09:11,316 | INFO    | uvicorn.access | 85.106.157.114:0 - "GET /api/terminal/history HTTP/1.1" 200
2026-05-07 22:09:11,316 | INFO    | uvicorn.access | 85.106.157.114:0 - "GET /api/security/status HTTP/1.1" 200
2026-05-07 22:09:11,711 | INFO    | uvicorn.access | 127.0.0.1:63506 - "GET /api/internal/terminal/poll HTTP/1.1" 200
2026-05-07 22:09:13,305 | INFO    | uvicorn.access | 85.106.157.114:0 - "GET /api/terminal/history HTTP/1.1" 200
2026-05-07 22:09:15,217 | INFO    | uvicorn.access | 127.0.0.1:63509 - "GET /api/internal/terminal/poll HTTP/1.1" 200
2026-05-07 22:09:15,354 | INFO    | uvicorn.access | 85.106.157.114:0 - "GET /api/terminal/history HTTP/1.1" 200
2026-05-07 22:09:16,363 | INFO    | uvicorn.access | 85.106.157.114:0 - "GET /api/security/status HTTP/1.1" 200
2026-05-07 22:09:16,365 | INFO    | uvicorn.access | 85.106.157.114:0 - "GET /api/system/status HTTP/1.1" 200
2026-05-07 22:09:17,667 | INFO    | uvicorn.access | 85.106.157.114:0 - "GET /api/terminal/history HTTP/1.1" 200
2026-05-07 22:09:18,706 | INFO    | uvicorn.access | 127.0.0.1:63512 - "GET /api/internal/terminal/poll HTTP/1.1" 200
2026-05-07 22:09:19 | INFO    | remote.terminal | Kullanıcı mesajı kuyruğa eklendi (async): Bilgisayarda kapsamlı bir tarama yap hangi dosyanı
2026-05-07 22:09:19,480 | INFO    | uvicorn.access | 85.106.157.114:0 - "GET /api/terminal/history HTTP/1.1" 200
2026-05-07 22:09:21,370 | INFO    | uvicorn.access | 85.106.157.114:0 - "GET /api/system/status HTTP/1.1" 200
2026-05-07 22:09:21,372 | INFO    | uvicorn.access | 85.106.157.114:0 - "GET /api/security/status HTTP/1.1" 200
2026-05-07 22:09:21,424 | INFO    | uvicorn.access | 85.106.157.114:0 - "GET /api/terminal/history HTTP/1.1" 200
2026-05-07 22:09:22,211 | INFO    | uvicorn.access | 127.0.0.1:63515 - "GET /api/internal/terminal/poll HTTP/1.1" 200
2026-05-07 22:09:23,369 | INFO    | uvicorn.access | 85.106.157.114:0 - "GET /api/terminal/history HTTP/1.1" 200
2026-05-07 22:09:25,381 | INFO    | uvicorn.access | 85.106.157.114:0 - "GET /api/terminal/history HTTP/1.1" 200
2026-05-07 22:09:25,716 | INFO    | uvicorn.access | 127.0.0.1:63519 - "GET /api/internal/terminal/poll HTTP/1.1" 200
2026-05-07 22:09:26,375 | INFO    | uvicorn.access | 85.106.157.114:0 - "GET /api/system/status HTTP/1.1" 200
2026-05-07 22:09:26,376 | INFO    | uvicorn.access | 85.106.157.114:0 - "GET /api/security/status HTTP/1.1" 200
2026-05-07 22:09:27,360 | INFO    | uvicorn.access | 85.106.157.114:0 - "GET /api/terminal/history HTTP/1.1" 200
2026-05-07 22:09:29,216 | INFO    | uvicorn.access | 127.0.0.1:63524 - "GET /api/internal/terminal/poll HTTP/1.1" 200
2026-05-07 22:09:29,363 | INFO    | uvicorn.access | 85.106.157.114:0 - "GET /api/terminal/history HTTP/1.1" 200
2026-05-07 22:09:31,379 | INFO    | uvicorn.access | 85.106.157.114:0 - "GET /api/terminal/history HTTP/1.1" 200
2026-05-07 22:09:31,476 | INFO    | uvicorn.access | 85.106.157.114:0 - "GET /api/security/status HTTP/1.1" 200
2026-05-07 22:09:31,574 | INFO    | uvicorn.access | 85.106.157.114:0 - "GET /api/system/status HTTP/1.1" 200
2026-05-07 22:09:32,719 | INFO    | uvicorn.access | 127.0.0.1:63528 - "GET /api/internal/terminal/poll HTTP/1.1" 200
2026-05-07 22:09:33,322 | INFO    | uvicorn.access | 85.106.157.114:0 - "GET /api/terminal/history HTTP/1.1" 200
2026-05-07 22:09:34,452 | INFO    | uvicorn.access | 85.106.157.114:0 - "POST /api/terminal/send HTTP/1.1" 200
2026-05-07 22:09:35,323 | INFO    | uvicorn.access | 85.106.157.114:0 - "GET /api/terminal/history HTTP/1.1" 200
2026-05-07 22:09:36,208 | INFO    | uvicorn.access | 127.0.0.1:63530 - "GET /api/internal/terminal/poll HTTP/1.1" 200
2026-05-07 22:09:36,320 | INFO    | uvicorn.access | 85.106.157.114:0 - "GET /api/system/status HTTP/1.1" 200
2026-05-07 22:09:36,328 | INFO    | uvicorn.access | 85.106.157.114:0 - "GET /api/security/status HTTP/1.1" 200
2026-05-07 22:09:37,326 | INFO    | uvicorn.access | 85.106.157.114:0 - "GET /api/terminal/history HTTP/1.1" 200
2026-05-07 22:09:39,357 | INFO    | uvicorn.access | 85.106.157.114:0 - "GET /api/terminal/history HTTP/1.1" 200
2026-05-07 22:09:39,716 | INFO    | uvicorn.access | 127.0.0.1:63535 - "GET /api/internal/terminal/poll HTTP/1.1" 200
2026-05-07 22:09:39 | INFO    | remote.terminal | Jarvis yanıtı alındı: Bilgisayarınızda kapsamlı bir tarama gerçekleştire
2026-05-07 22:09:39,891 | INFO    | uvicorn.access | 127.0.0.1:63536 - "POST /api/internal/terminal/reply HTTP/1.1" 200
2026-05-07 22:09:41,341 | INFO    | uvicorn.access | 85.106.157.114:0 - "GET /api/system/status HTTP/1.1" 200
2026-05-07 22:09:41,345 | INFO    | uvicorn.access | 85.106.157.114:0 - "GET /api/terminal/history HTTP/1.1" 200
2026-05-07 22:09:41,346 | INFO    | uvicorn.access | 85.106.157.114:0 - "GET /api/security/status HTTP/1.1" 200
2026-05-07 22:09:43,216 | INFO    | uvicorn.access | 127.0.0.1:63541 - "GET /api/internal/terminal/poll HTTP/1.1" 200
2026-05-07 22:09:43,346 | INFO    | uvicorn.access | 85.106.157.114:0 - "GET /api/terminal/history HTTP/1.1" 200
2026-05-07 22:09:44 | INFO    | remote.terminal | Jarvis yanıtı alındı: Anlaşıldı. Artık dosya konumları hakkında soruları
2026-05-07 22:09:44,752 | INFO    | uvicorn.access | 127.0.0.1:63543 - "POST /api/internal/terminal/reply HTTP/1.1" 200
2026-05-07 22:09:45,286 | INFO    | uvicorn.access | 85.106.157.114:0 - "GET /api/terminal/history HTTP/1.1" 200
2026-05-07 22:09:46,368 | INFO    | uvicorn.access | 85.106.157.114:0 - "GET /api/system/status HTTP/1.1" 200
2026-05-07 22:09:46,371 | INFO    | uvicorn.access | 85.106.157.114:0 - "GET /api/security/status HTTP/1.1" 200
2026-05-07 22:09:46,734 | INFO    | uvicorn.access | 127.0.0.1:63546 - "GET /api/internal/terminal/poll HTTP/1.1" 200
2026-05-07 22:09:47,364 | INFO    | uvicorn.access | 85.106.157.114:0 - "GET /api/terminal/history HTTP/1.1" 200
2026-05-07 22:09:49,394 | INFO    | uvicorn.access | 85.106.157.114:0 - "GET /api/terminal/history HTTP/1.1" 200
2026-05-07 22:09:50,241 | INFO    | uvicorn.access | 127.0.0.1:63548 - "GET /api/internal/terminal/poll HTTP/1.1" 200
2026-05-07 22:09:51,368 | INFO    | uvicorn.access | 85.106.157.114:0 - "GET /api/security/status HTTP/1.1" 200
2026-05-07 22:09:51,371 | INFO    | uvicorn.access | 85.106.157.114:0 - "GET /api/terminal/history HTTP/1.1" 200
2026-05-07 22:09:51,376 | INFO    | uvicorn.access | 85.106.157.114:0 - "GET /api/system/status HTTP/1.1" 200
2026-05-07 22:09:53,366 | INFO    | uvicorn.access | 85.106.157.114:0 - "GET /api/terminal/history HTTP/1.1" 200
2026-05-07 22:09:53,743 | INFO    | uvicorn.access | 127.0.0.1:63550 - "GET /api/internal/terminal/poll HTTP/1.1" 200
2026-05-07 22:09:55,327 | INFO    | uvicorn.access | 85.106.157.114:0 - "GET /api/terminal/history HTTP/1.1" 200
2026-05-07 22:09:56,369 | INFO    | uvicorn.access | 85.106.157.114:0 - "GET /api/security/status HTTP/1.1" 200
2026-05-07 22:09:56,370 | INFO    | uvicorn.access | 85.106.157.114:0 - "GET /api/system/status HTTP/1.1" 200
2026-05-07 22:09:57,237 | INFO    | uvicorn.access | 127.0.0.1:63554 - "GET /api/internal/terminal/poll HTTP/1.1" 200
2026-05-07 22:09:57,548 | INFO    | uvicorn.access | 85.106.157.114:0 - "GET /api/terminal/history HTTP/1.1" 200
2026-05-07 22:09:59,335 | INFO    | uvicorn.access | 85.106.157.114:0 - "GET /api/terminal/history HTTP/1.1" 200
2026-05-07 22:10:00,751 | INFO    | uvicorn.access | 127.0.0.1:63556 - "GET /api/internal/terminal/poll HTTP/1.1" 200
2026-05-07 22:10:01,382 | INFO    | uvicorn.access | 85.106.157.114:0 - "GET /api/terminal/history HTTP/1.1" 200
2026-05-07 22:10:01,385 | INFO    | uvicorn.access | 85.106.157.114:0 - "GET /api/system/status HTTP/1.1" 200
2026-05-07 22:10:01,386 | INFO    | uvicorn.access | 85.106.157.114:0 - "GET /api/security/status HTTP/1.1" 200
2026-05-07 22:10:03,327 | INFO    | uvicorn.access | 85.106.157.114:0 - "GET /api/terminal/history HTTP/1.1" 200
2026-05-07 22:10:04,261 | INFO    | uvicorn.access | 127.0.0.1:63560 - "GET /api/internal/terminal/poll HTTP/1.1" 200
2026-05-07 22:10:05,321 | INFO    | uvicorn.access | 85.106.157.114:0 - "GET /api/terminal/history HTTP/1.1" 200
2026-05-07 22:10:06,322 | INFO    | uvicorn.access | 85.106.157.114:0 - "GET /api/system/status HTTP/1.1" 200
2026-05-07 22:10:06,324 | INFO    | uvicorn.access | 85.106.157.114:0 - "GET /api/security/status HTTP/1.1" 200
2026-05-07 22:10:07,355 | INFO    | uvicorn.access | 85.106.157.114:0 - "GET /api/terminal/history HTTP/1.1" 200
2026-05-07 22:10:07,765 | INFO    | uvicorn.access | 127.0.0.1:63566 - "GET /api/internal/terminal/poll HTTP/1.1" 200
2026-05-07 22:10:09,374 | INFO    | uvicorn.access | 85.106.157.114:0 - "GET /api/terminal/history HTTP/1.1" 200
2026-05-07 22:10:11,263 | INFO    | uvicorn.access | 127.0.0.1:63578 - "GET /api/internal/terminal/poll HTTP/1.1" 200
2026-05-07 22:10:11,385 | INFO    | uvicorn.access | 85.106.157.114:0 - "GET /api/terminal/history HTTP/1.1" 200
2026-05-07 22:10:11,574 | INFO    | uvicorn.access | 85.106.157.114:0 - "GET /api/system/status HTTP/1.1" 200
2026-05-07 22:10:11,575 | INFO    | uvicorn.access | 85.106.157.114:0 - "GET /api/security/status HTTP/1.1" 200
2026-05-07 22:10:13,333 | INFO    | uvicorn.access | 85.106.157.114:0 - "GET /api/terminal/history HTTP/1.1" 200
2026-05-07 22:10:14,767 | INFO    | uvicorn.access | 127.0.0.1:60892 - "GET /api/internal/terminal/poll HTTP/1.1" 200
2026-05-07 22:10:15,295 | INFO    | uvicorn.access | 85.106.157.114:0 - "GET /api/terminal/history HTTP/1.1" 200
2026-05-07 22:10:16,359 | INFO    | uvicorn.access | 85.106.157.114:0 - "GET /api/security/status HTTP/1.1" 200
2026-05-07 22:10:16,360 | INFO    | uvicorn.access | 85.106.157.114:0 - "GET /api/system/status HTTP/1.1" 200
2026-05-07 22:10:17,471 | INFO    | uvicorn.access | 85.106.157.114:0 - "GET /api/terminal/history HTTP/1.1" 200
2026-05-07 22:10:18,256 | INFO    | uvicorn.access | 127.0.0.1:60894 - "GET /api/internal/terminal/poll HTTP/1.1" 200
2026-05-07 22:10:19,308 | INFO    | uvicorn.access | 85.106.157.114:0 - "GET /api/terminal/history HTTP/1.1" 200
2026-05-07 22:10:20 | INFO    | remote.terminal | Kullanıcı mesajı kuyruğa eklendi (async): Dowland bölümünde Jarvis kopya diye bir klasör var
2026-05-07 22:10:21,360 | INFO    | uvicorn.access | 85.106.157.114:0 - "GET /api/system/status HTTP/1.1" 200
2026-05-07 22:10:21,363 | INFO    | uvicorn.access | 85.106.157.114:0 - "GET /api/security/status HTTP/1.1" 200
2026-05-07 22:10:21,367 | INFO    | uvicorn.access | 85.106.157.114:0 - "GET /api/terminal/history HTTP/1.1" 200
2026-05-07 22:10:21,761 | INFO    | uvicorn.access | 127.0.0.1:60896 - "GET /api/internal/terminal/poll HTTP/1.1" 200
2026-05-07 22:10:23,317 | INFO    | uvicorn.access | 85.106.157.114:0 - "GET /api/terminal/history HTTP/1.1" 200
2026-05-07 22:10:25,266 | INFO    | uvicorn.access | 127.0.0.1:60900 - "GET /api/internal/terminal/poll HTTP/1.1" 200
2026-05-07 22:10:25,367 | INFO    | uvicorn.access | 85.106.157.114:0 - "GET /api/terminal/history HTTP/1.1" 200
2026-05-07 22:10:26,359 | INFO    | uvicorn.access | 85.106.157.114:0 - "GET /api/system/status HTTP/1.1" 200
2026-05-07 22:10:26,360 | INFO    | uvicorn.access | 85.106.157.114:0 - "GET /api/security/status HTTP/1.1" 200
2026-05-07 22:10:27,368 | INFO    | uvicorn.access | 85.106.157.114:0 - "GET /api/terminal/history HTTP/1.1" 200
2026-05-07 22:10:28,768 | INFO    | uvicorn.access | 127.0.0.1:60902 - "GET /api/internal/terminal/poll HTTP/1.1" 200
2026-05-07 22:10:29,365 | INFO    | uvicorn.access | 85.106.157.114:0 - "GET /api/terminal/history HTTP/1.1" 200
2026-05-07 22:10:31,380 | INFO    | uvicorn.access | 85.106.157.114:0 - "GET /api/system/status HTTP/1.1" 200
2026-05-07 22:10:31,382 | INFO    | uvicorn.access | 85.106.157.114:0 - "GET /api/terminal/history HTTP/1.1" 200
2026-05-07 22:10:31,383 | INFO    | uvicorn.access | 85.106.157.114:0 - "GET /api/security/status HTTP/1.1" 200
2026-05-07 22:10:32,272 | INFO    | uvicorn.access | 127.0.0.1:60905 - "GET /api/internal/terminal/poll HTTP/1.1" 200
2026-05-07 22:10:33,321 | INFO    | uvicorn.access | 85.106.157.114:0 - "GET /api/terminal/history HTTP/1.1" 200
2026-05-07 22:10:35,325 | INFO    | uvicorn.access | 85.106.157.114:0 - "GET /api/terminal/history HTTP/1.1" 200
2026-05-07 22:10:35,760 | INFO    | uvicorn.access | 127.0.0.1:60910 - "GET /api/internal/terminal/poll HTTP/1.1" 200
2026-05-07 22:10:35,856 | INFO    | uvicorn.access | 85.106.157.114:0 - "POST /api/terminal/send HTTP/1.1" 200
2026-05-07 22:10:36,320 | INFO    | uvicorn.access | 85.106.157.114:0 - "GET /api/system/status HTTP/1.1" 200
2026-05-07 22:10:36,326 | INFO    | uvicorn.access | 85.106.157.114:0 - "GET /api/security/status HTTP/1.1" 200
2026-05-07 22:10:37,511 | INFO    | uvicorn.access | 85.106.157.114:0 - "GET /api/terminal/history HTTP/1.1" 200
2026-05-07 22:10:39,262 | INFO    | uvicorn.access | 127.0.0.1:60913 - "GET /api/internal/terminal/poll HTTP/1.1" 200
2026-05-07 22:10:39,388 | INFO    | uvicorn.access | 85.106.157.114:0 - "GET /api/terminal/history HTTP/1.1" 200
2026-05-07 22:10:41,370 | INFO    | uvicorn.access | 85.106.157.114:0 - "GET /api/system/status HTTP/1.1" 200
2026-05-07 22:10:41,371 | INFO    | uvicorn.access | 85.106.157.114:0 - "GET /api/security/status HTTP/1.1" 200
2026-05-07 22:10:41,374 | INFO    | uvicorn.access | 85.106.157.114:0 - "GET /api/terminal/history HTTP/1.1" 200
2026-05-07 22:10:42,766 | INFO    | uvicorn.access | 127.0.0.1:50947 - "GET /api/internal/terminal/poll HTTP/1.1" 200
2026-05-07 22:10:43,319 | INFO    | uvicorn.access | 85.106.157.114:0 - "GET /api/terminal/history HTTP/1.1" 200
2026-05-07 22:10:45,365 | INFO    | uvicorn.access | 85.106.157.114:0 - "GET /api/terminal/history HTTP/1.1" 200
2026-05-07 22:10:46,271 | INFO    | uvicorn.access | 127.0.0.1:50949 - "GET /api/internal/terminal/poll HTTP/1.1" 200
2026-05-07 22:10:46,369 | INFO    | uvicorn.access | 85.106.157.114:0 - "GET /api/system/status HTTP/1.1" 200
2026-05-07 22:10:46,480 | INFO    | uvicorn.access | 85.106.157.114:0 - "GET /api/security/status HTTP/1.1" 200
2026-05-07 22:10:47,366 | INFO    | uvicorn.access | 85.106.157.114:0 - "GET /api/terminal/history HTTP/1.1" 200
2026-05-07 22:10:49,369 | INFO    | uvicorn.access | 85.106.157.114:0 - "GET /api/terminal/history HTTP/1.1" 200
2026-05-07 22:10:49,759 | INFO    | uvicorn.access | 127.0.0.1:50951 - "GET /api/internal/terminal/poll HTTP/1.1" 200
2026-05-07 22:10:51,358 | INFO    | uvicorn.access | 85.106.157.114:0 - "GET /api/system/status HTTP/1.1" 200
2026-05-07 22:10:51,362 | INFO    | uvicorn.access | 85.106.157.114:0 - "GET /api/security/status HTTP/1.1" 200
2026-05-07 22:10:51,363 | INFO    | uvicorn.access | 85.106.157.114:0 - "GET /api/terminal/history HTTP/1.1" 200
2026-05-07 22:10:51 | INFO    | remote.terminal | Jarvis yanıtı alındı: İndirilenler klasöründeki "Jarvis kopya" klasörünü
2026-05-07 22:10:51,805 | INFO    | uvicorn.access | 127.0.0.1:50955 - "POST /api/internal/terminal/reply HTTP/1.1" 200
2026-05-07 22:10:52 | INFO    | remote.terminal | Kullanıcı mesajı kuyruğa eklendi (async): Klasörün içine gir
2026-05-07 22:10:53,255 | INFO    | uvicorn.access | 127.0.0.1:50956 - "GET /api/internal/terminal/poll HTTP/1.1" 200
2026-05-07 22:10:53,603 | INFO    | uvicorn.access | 85.106.157.114:0 - "GET /api/terminal/history HTTP/1.1" 200
2026-05-07 22:10:55,483 | INFO    | uvicorn.access | 85.106.157.114:0 - "GET /api/terminal/history HTTP/1.1" 200
2026-05-07 22:10:56,764 | INFO    | uvicorn.access | 85.106.157.114:0 - "GET /api/security/status HTTP/1.1" 200
2026-05-07 22:10:56,765 | INFO    | uvicorn.access | 85.106.157.114:0 - "GET /api/system/status HTTP/1.1" 200
2026-05-07 22:10:56,767 | INFO    | uvicorn.access | 127.0.0.1:50959 - "GET /api/internal/terminal/poll HTTP/1.1" 200
2026-05-07 22:10:57,599 | INFO    | uvicorn.access | 85.106.157.114:0 - "GET /api/terminal/history HTTP/1.1" 200
2026-05-07 22:10:59,362 | INFO    | uvicorn.access | 85.106.157.114:0 - "GET /api/terminal/history HTTP/1.1" 200
2026-05-07 22:11:00,271 | INFO    | uvicorn.access | 127.0.0.1:50961 - "GET /api/internal/terminal/poll HTTP/1.1" 200
2026-05-07 22:11:01,384 | INFO    | uvicorn.access | 85.106.157.114:0 - "GET /api/terminal/history HTTP/1.1" 200
2026-05-07 22:11:01,386 | INFO    | uvicorn.access | 85.106.157.114:0 - "GET /api/security/status HTTP/1.1" 200
2026-05-07 22:11:01,478 | INFO    | uvicorn.access | 85.106.157.114:0 - "GET /api/system/status HTTP/1.1" 200
2026-05-07 22:11:03,363 | INFO    | uvicorn.access | 85.106.157.114:0 - "GET /api/terminal/history HTTP/1.1" 200
2026-05-07 22:11:03,760 | INFO    | uvicorn.access | 127.0.0.1:50964 - "GET /api/internal/terminal/poll HTTP/1.1" 200
2026-05-07 22:11:05,295 | INFO    | uvicorn.access | 85.106.157.114:0 - "GET /api/terminal/history HTTP/1.1" 200
2026-05-07 22:11:06,338 | INFO    | uvicorn.access | 85.106.157.114:0 - "GET /api/system/status HTTP/1.1" 200
2026-05-07 22:11:06,340 | INFO    | uvicorn.access | 85.106.157.114:0 - "GET /api/security/status HTTP/1.1" 200
2026-05-07 22:11:07,264 | INFO    | uvicorn.access | 127.0.0.1:50967 - "GET /api/internal/terminal/poll HTTP/1.1" 200
2026-05-07 22:11:07,329 | INFO    | uvicorn.access | 85.106.157.114:0 - "GET /api/terminal/history HTTP/1.1" 200
2026-05-07 22:11:07,908 | INFO    | uvicorn.access | 85.106.157.114:0 - "POST /api/terminal/send HTTP/1.1" 200
2026-05-07 22:11:09,346 | INFO    | uvicorn.access | 85.106.157.114:0 - "GET /api/terminal/history HTTP/1.1" 200
2026-05-07 22:11:10,765 | INFO    | uvicorn.access | 127.0.0.1:50973 - "GET /api/internal/terminal/poll HTTP/1.1" 200
2026-05-07 22:11:11,361 | INFO    | uvicorn.access | 85.106.157.114:0 - "GET /api/security/status HTTP/1.1" 200
2026-05-07 22:11:11,362 | INFO    | uvicorn.access | 85.106.157.114:0 - "GET /api/terminal/history HTTP/1.1" 200
2026-05-07 22:11:11,362 | INFO    | uvicorn.access | 85.106.157.114:0 - "GET /api/system/status HTTP/1.1" 200
2026-05-07 22:11:14,257 | INFO    | uvicorn.access | 127.0.0.1:50978 - "GET /api/internal/terminal/poll HTTP/1.1" 200
2026-05-07 22:11:15,016 | INFO    | uvicorn.access | 85.106.157.114:0 - "GET /api/terminal/history HTTP/1.1" 200
2026-05-07 22:11:15,364 | INFO    | uvicorn.access | 85.106.157.114:0 - "GET /api/terminal/history HTTP/1.1" 200
2026-05-07 22:11:16,369 | INFO    | uvicorn.access | 85.106.157.114:0 - "GET /api/security/status HTTP/1.1" 200
2026-05-07 22:11:16,373 | INFO    | uvicorn.access | 85.106.157.114:0 - "GET /api/system/status HTTP/1.1" 200
2026-05-07 22:11:17,362 | INFO    | uvicorn.access | 85.106.157.114:0 - "GET /api/terminal/history HTTP/1.1" 200
2026-05-07 22:11:17,761 | INFO    | uvicorn.access | 127.0.0.1:50980 - "GET /api/internal/terminal/poll HTTP/1.1" 200
2026-05-07 22:11:19,358 | INFO    | uvicorn.access | 85.106.157.114:0 - "GET /api/terminal/history HTTP/1.1" 200
2026-05-07 22:11:21,278 | INFO    | uvicorn.access | 127.0.0.1:50983 - "GET /api/internal/terminal/poll HTTP/1.1" 200
2026-05-07 22:11:21,379 | INFO    | uvicorn.access | 85.106.157.114:0 - "GET /api/security/status HTTP/1.1" 200
2026-05-07 22:11:21,381 | INFO    | uvicorn.access | 85.106.157.114:0 - "GET /api/system/status HTTP/1.1" 200
2026-05-07 22:11:21,382 | INFO    | uvicorn.access | 85.106.157.114:0 - "GET /api/terminal/history HTTP/1.1" 200
2026-05-07 22:11:22 | INFO    | remote.terminal | Jarvis yanıtı alındı: Klasör yolu bulunamadı. Klasör adında veya yolunda
2026-05-07 22:11:22,930 | INFO    | uvicorn.access | 127.0.0.1:50986 - "POST /api/internal/terminal/reply HTTP/1.1" 200
2026-05-07 22:11:23,337 | INFO    | uvicorn.access | 85.106.157.114:0 - "GET /api/terminal/history HTTP/1.1" 200
2026-05-07 22:11:24,756 | INFO    | uvicorn.access | 127.0.0.1:50989 - "GET /api/internal/terminal/poll HTTP/1.1" 200
2026-05-07 22:11:25 | INFO    | remote.terminal | Kullanıcı mesajı kuyruğa eklendi (async): Yeniden alandir
2026-05-07 22:11:25,367 | INFO    | uvicorn.access | 85.106.157.114:0 - "GET /api/terminal/history HTTP/1.1" 200
2026-05-07 22:11:26,379 | INFO    | uvicorn.access | 85.106.157.114:0 - "GET /api/security/status HTTP/1.1" 200
2026-05-07 22:11:26,381 | INFO    | uvicorn.access | 85.106.157.114:0 - "GET /api/system/status HTTP/1.1" 200
2026-05-07 22:11:27,364 | INFO    | uvicorn.access | 85.106.157.114:0 - "GET /api/terminal/history HTTP/1.1" 200
2026-05-07 22:11:28,263 | INFO    | uvicorn.access | 127.0.0.1:50992 - "GET /api/internal/terminal/poll HTTP/1.1" 200
2026-05-07 22:11:29,370 | INFO    | uvicorn.access | 85.106.157.114:0 - "GET /api/terminal/history HTTP/1.1" 200
2026-05-07 22:11:31,351 | INFO    | uvicorn.access | 85.106.157.114:0 - "GET /api/system/status HTTP/1.1" 200
2026-05-07 22:11:31,353 | INFO    | uvicorn.access | 85.106.157.114:0 - "GET /api/security/status HTTP/1.1" 200
2026-05-07 22:11:31,354 | INFO    | uvicorn.access | 85.106.157.114:0 - "GET /api/terminal/history HTTP/1.1" 200
2026-05-07 22:11:31,784 | INFO    | uvicorn.access | 127.0.0.1:50998 - "GET /api/internal/terminal/poll HTTP/1.1" 200
2026-05-07 22:11:33,334 | INFO    | uvicorn.access | 85.106.157.114:0 - "GET /api/terminal/history HTTP/1.1" 200
2026-05-07 22:11:35,296 | INFO    | uvicorn.access | 127.0.0.1:51001 - "GET /api/internal/terminal/poll HTTP/1.1" 200
2026-05-07 22:11:35,368 | INFO    | uvicorn.access | 85.106.157.114:0 - "GET /api/terminal/history HTTP/1.1" 200
2026-05-07 22:11:35 | INFO    | remote.terminal | Jarvis yanıtı alındı: Lütfen klasör için yeni bir ad belirtin.
2026-05-07 22:11:35,874 | INFO    | uvicorn.access | 127.0.0.1:51002 - "POST /api/internal/terminal/reply HTTP/1.1" 200
2026-05-07 22:11:35,875 | INFO    | uvicorn.access | 85.106.157.114:0 - "POST /api/terminal/send HTTP/1.1" 200
2026-05-07 22:11:36,370 | INFO    | uvicorn.access | 85.106.157.114:0 - "GET /api/system/status HTTP/1.1" 200
2026-05-07 22:11:36,377 | INFO    | uvicorn.access | 85.106.157.114:0 - "GET /api/security/status HTTP/1.1" 200
2026-05-07 22:11:37,359 | INFO    | uvicorn.access | 85.106.157.114:0 - "GET /api/terminal/history HTTP/1.1" 200
2026-05-07 22:11:38,798 | INFO    | uvicorn.access | 127.0.0.1:51005 - "GET /api/internal/terminal/poll HTTP/1.1" 200
2026-05-07 22:11:39,337 | INFO    | uvicorn.access | 85.106.157.114:0 - "GET /api/terminal/history HTTP/1.1" 200
2026-05-07 22:11:41,866 | INFO    | uvicorn.access | 85.106.157.114:0 - "GET /api/system/status HTTP/1.1" 200
2026-05-07 22:11:41,869 | INFO    | uvicorn.access | 85.106.157.114:0 - "GET /api/security/status HTTP/1.1" 200
2026-05-07 22:11:41,872 | INFO    | uvicorn.access | 85.106.157.114:0 - "GET /api/terminal/history HTTP/1.1" 200
2026-05-07 22:11:42,294 | INFO    | uvicorn.access | 127.0.0.1:51007 - "GET /api/internal/terminal/poll HTTP/1.1" 200
2026-05-07 22:11:43,361 | INFO    | uvicorn.access | 85.106.157.114:0 - "GET /api/terminal/history HTTP/1.1" 200
2026-05-07 22:11:45,603 | INFO    | uvicorn.access | 85.106.157.114:0 - "GET /api/terminal/history HTTP/1.1" 200
2026-05-07 22:11:45,783 | INFO    | uvicorn.access | 127.0.0.1:51009 - "GET /api/internal/terminal/poll HTTP/1.1" 200
2026-05-07 22:11:46,370 | INFO    | uvicorn.access | 85.106.157.114:0 - "GET /api/system/status HTTP/1.1" 200
2026-05-07 22:11:46,372 | INFO    | uvicorn.access | 85.106.157.114:0 - "GET /api/security/status HTTP/1.1" 200
2026-05-07 22:11:46 | INFO    | remote.terminal | Kullanıcı mesajı kuyruğa eklendi (async): Adı aynı kalsın ya sen içine gir
2026-05-07 22:11:47,374 | INFO    | uvicorn.access | 85.106.157.114:0 - "GET /api/terminal/history HTTP/1.1" 200
2026-05-07 22:11:49,297 | INFO    | uvicorn.access | 127.0.0.1:51012 - "GET /api/internal/terminal/poll HTTP/1.1" 200
2026-05-07 22:11:49,363 | INFO    | uvicorn.access | 85.106.157.114:0 - "GET /api/terminal/history HTTP/1.1" 200
2026-05-07 22:11:51,321 | INFO    | uvicorn.access | 85.106.157.114:0 - "GET /api/system/status HTTP/1.1" 200
2026-05-07 22:11:51,322 | INFO    | uvicorn.access | 85.106.157.114:0 - "GET /api/security/status HTTP/1.1" 200
2026-05-07 22:11:51,323 | INFO    | uvicorn.access | 85.106.157.114:0 - "GET /api/terminal/history HTTP/1.1" 200
2026-05-07 22:11:52,785 | INFO    | uvicorn.access | 127.0.0.1:51016 - "GET /api/internal/terminal/poll HTTP/1.1" 200
2026-05-07 22:11:53,384 | INFO    | uvicorn.access | 85.106.157.114:0 - "GET /api/terminal/history HTTP/1.1" 200
2026-05-07 22:11:55,364 | INFO    | uvicorn.access | 85.106.157.114:0 - "GET /api/terminal/history HTTP/1.1" 200
2026-05-07 22:11:56,288 | INFO    | uvicorn.access | 127.0.0.1:51018 - "GET /api/internal/terminal/poll HTTP/1.1" 200
2026-05-07 22:11:56,366 | INFO    | uvicorn.access | 85.106.157.114:0 - "GET /api/system/status HTTP/1.1" 200
2026-05-07 22:11:56,366 | INFO    | uvicorn.access | 85.106.157.114:0 - "GET /api/security/status HTTP/1.1" 200
2026-05-07 22:11:57,369 | INFO    | uvicorn.access | 85.106.157.114:0 - "GET /api/terminal/history HTTP/1.1" 200
2026-05-07 22:11:59,628 | INFO    | uvicorn.access | 85.106.157.114:0 - "GET /api/terminal/history HTTP/1.1" 200
2026-05-07 22:11:59,791 | INFO    | uvicorn.access | 127.0.0.1:51021 - "GET /api/internal/terminal/poll HTTP/1.1" 200
2026-05-07 22:12:01,363 | INFO    | uvicorn.access | 85.106.157.114:0 - "GET /api/system/status HTTP/1.1" 200
2026-05-07 22:12:01,364 | INFO    | uvicorn.access | 85.106.157.114:0 - "GET /api/security/status HTTP/1.1" 200
2026-05-07 22:12:01,913 | INFO    | uvicorn.access | 85.106.157.114:0 - "GET /api/terminal/history HTTP/1.1" 200
2026-05-07 22:12:01,948 | INFO    | uvicorn.access | 85.106.157.114:0 - "POST /api/terminal/send HTTP/1.1" 200
2026-05-07 22:12:02 | INFO    | remote.terminal | Jarvis yanıtı alındı: Tekrar deneyeceğim, ancak sistem yolu ile ilgili b
2026-05-07 22:12:02,887 | INFO    | uvicorn.access | 127.0.0.1:51028 - "POST /api/internal/terminal/reply HTTP/1.1" 200
2026-05-07 22:12:03,284 | INFO    | uvicorn.access | 127.0.0.1:51029 - "GET /api/internal/terminal/poll HTTP/1.1" 200
2026-05-07 22:12:03,377 | INFO    | uvicorn.access | 85.106.157.114:0 - "GET /api/terminal/history HTTP/1.1" 200
2026-05-07 22:12:05,325 | INFO    | uvicorn.access | 85.106.157.114:0 - "GET /api/terminal/history HTTP/1.1" 200
2026-05-07 22:12:06,361 | INFO    | uvicorn.access | 85.106.157.114:0 - "GET /api/security/status HTTP/1.1" 200
2026-05-07 22:12:06,367 | INFO    | uvicorn.access | 85.106.157.114:0 - "GET /api/system/status HTTP/1.1" 200
2026-05-07 22:12:06,799 | INFO    | uvicorn.access | 127.0.0.1:51031 - "GET /api/internal/terminal/poll HTTP/1.1" 200
2026-05-07 22:12:07,329 | INFO    | uvicorn.access | 85.106.157.114:0 - "GET /api/terminal/history HTTP/1.1" 200
2026-05-07 22:12:09,343 | INFO    | uvicorn.access | 85.106.157.114:0 - "GET /api/terminal/history HTTP/1.1" 200
2026-05-07 22:12:10,302 | INFO    | uvicorn.access | 127.0.0.1:51033 - "GET /api/internal/terminal/poll HTTP/1.1" 200
2026-05-07 22:12:11,358 | INFO    | uvicorn.access | 85.106.157.114:0 - "GET /api/terminal/history HTTP/1.1" 200
2026-05-07 22:12:11,359 | INFO    | uvicorn.access | 85.106.157.114:0 - "GET /api/security/status HTTP/1.1" 200
2026-05-07 22:12:11,360 | INFO    | uvicorn.access | 85.106.157.114:0 - "GET /api/system/status HTTP/1.1" 200
2026-05-07 22:12:13,341 | INFO    | uvicorn.access | 85.106.157.114:0 - "GET /api/terminal/history HTTP/1.1" 200
2026-05-07 22:12:13,807 | INFO    | uvicorn.access | 127.0.0.1:51041 - "GET /api/internal/terminal/poll HTTP/1.1" 200
2026-05-07 22:12:15,362 | INFO    | uvicorn.access | 85.106.157.114:0 - "GET /api/terminal/history HTTP/1.1" 200
2026-05-07 22:12:15 | INFO    | remote.terminal | Kullanıcı mesajı kuyruğa eklendi (async): Bilgisayarı optimize et ve işlemleri terminalinde 
2026-05-07 22:12:16,403 | INFO    | uvicorn.access | 85.106.157.114:0 - "GET /api/system/status HTTP/1.1" 200
2026-05-07 22:12:16,404 | INFO    | uvicorn.access | 85.106.157.114:0 - "GET /api/security/status HTTP/1.1" 200
2026-05-07 22:12:17,294 | INFO    | uvicorn.access | 127.0.0.1:51047 - "GET /api/internal/terminal/poll HTTP/1.1" 200
2026-05-07 22:12:17,388 | INFO    | uvicorn.access | 85.106.157.114:0 - "GET /api/terminal/history HTTP/1.1" 200
2026-05-07 22:12:19,368 | INFO    | uvicorn.access | 85.106.157.114:0 - "GET /api/terminal/history HTTP/1.1" 200
2026-05-07 22:12:20,788 | INFO    | uvicorn.access | 127.0.0.1:51049 - "GET /api/internal/terminal/poll HTTP/1.1" 200
2026-05-07 22:12:21,381 | INFO    | uvicorn.access | 85.106.157.114:0 - "GET /api/terminal/history HTTP/1.1" 200
2026-05-07 22:12:21,382 | INFO    | uvicorn.access | 85.106.157.114:0 - "GET /api/security/status HTTP/1.1" 200
2026-05-07 22:12:21,388 | INFO    | uvicorn.access | 85.106.157.114:0 - "GET /api/system/status HTTP/1.1" 200
2026-05-07 22:12:23,368 | INFO    | uvicorn.access | 85.106.157.114:0 - "GET /api/terminal/history HTTP/1.1" 200
2026-05-07 22:12:24,288 | INFO    | uvicorn.access | 127.0.0.1:51055 - "GET /api/internal/terminal/poll HTTP/1.1" 200
2026-05-07 22:12:25,393 | INFO    | uvicorn.access | 85.106.157.114:0 - "GET /api/terminal/history HTTP/1.1" 200
2026-05-07 22:12:26,372 | INFO    | uvicorn.access | 85.106.157.114:0 - "GET /api/system/status HTTP/1.1" 200
2026-05-07 22:12:26,373 | INFO    | uvicorn.access | 85.106.157.114:0 - "GET /api/security/status HTTP/1.1" 200
2026-05-07 22:12:27,370 | INFO    | uvicorn.access | 85.106.157.114:0 - "GET /api/terminal/history HTTP/1.1" 200
2026-05-07 22:12:27,792 | INFO    | uvicorn.access | 127.0.0.1:51057 - "GET /api/internal/terminal/poll HTTP/1.1" 200
2026-05-07 22:12:29,375 | INFO    | uvicorn.access | 85.106.157.114:0 - "GET /api/terminal/history HTTP/1.1" 200
2026-05-07 22:12:30,637 | INFO    | uvicorn.access | 85.106.157.114:0 - "POST /api/terminal/send HTTP/1.1" 200
2026-05-07 22:12:31 | INFO    | remote.terminal | Jarvis yanıtı alındı: Bilgisayarı optimize etmek için bir dizi işlem baş
2026-05-07 22:12:31,057 | INFO    | uvicorn.access | 127.0.0.1:51061 - "POST /api/internal/terminal/reply HTTP/1.1" 200
2026-05-07 22:12:31,284 | INFO    | uvicorn.access | 127.0.0.1:51062 - "GET /api/internal/terminal/poll HTTP/1.1" 200
2026-05-07 22:12:31,403 | INFO    | uvicorn.access | 85.106.157.114:0 - "GET /api/security/status HTTP/1.1" 200
2026-05-07 22:12:31,404 | INFO    | uvicorn.access | 85.106.157.114:0 - "GET /api/system/status HTTP/1.1" 200
2026-05-07 22:12:31,587 | INFO    | uvicorn.access | 85.106.157.114:0 - "GET /api/terminal/history HTTP/1.1" 200
2026-05-07 22:12:33,356 | INFO    | uvicorn.access | 85.106.157.114:0 - "GET /api/terminal/history HTTP/1.1" 200
2026-05-07 22:12:34,791 | INFO    | uvicorn.access | 127.0.0.1:51070 - "GET /api/internal/terminal/poll HTTP/1.1" 200
2026-05-07 22:12:35,367 | INFO    | uvicorn.access | 85.106.157.114:0 - "GET /api/terminal/history HTTP/1.1" 200
2026-05-07 22:12:36,322 | INFO    | uvicorn.access | 85.106.157.114:0 - "GET /api/system/status HTTP/1.1" 200
2026-05-07 22:12:36,323 | INFO    | uvicorn.access | 85.106.157.114:0 - "GET /api/security/status HTTP/1.1" 200
2026-05-07 22:12:37,486 | INFO    | uvicorn.access | 85.106.157.114:0 - "GET /api/terminal/history HTTP/1.1" 200
2026-05-07 22:12:38,294 | INFO    | uvicorn.access | 127.0.0.1:51074 - "GET /api/internal/terminal/poll HTTP/1.1" 200
2026-05-07 22:12:39,348 | INFO    | uvicorn.access | 85.106.157.114:0 - "GET /api/terminal/history HTTP/1.1" 200
2026-05-07 22:12:41,350 | INFO    | uvicorn.access | 85.106.157.114:0 - "GET /api/terminal/history HTTP/1.1" 200
2026-05-07 22:12:41,390 | INFO    | uvicorn.access | 85.106.157.114:0 - "GET /api/system/status HTTP/1.1" 200
2026-05-07 22:12:41,416 | INFO    | uvicorn.access | 85.106.157.114:0 - "GET /api/security/status HTTP/1.1" 200
2026-05-07 22:12:41,806 | INFO    | uvicorn.access | 127.0.0.1:51076 - "GET /api/internal/terminal/poll HTTP/1.1" 200
2026-05-07 22:12:43,360 | INFO    | uvicorn.access | 85.106.157.114:0 - "GET /api/terminal/history HTTP/1.1" 200
2026-05-07 22:12:45,296 | INFO    | uvicorn.access | 127.0.0.1:51078 - "GET /api/internal/terminal/poll HTTP/1.1" 200
2026-05-07 22:12:45,336 | INFO    | uvicorn.access | 85.106.157.114:0 - "GET /api/terminal/history HTTP/1.1" 200
2026-05-07 22:12:46,308 | INFO    | uvicorn.access | 85.106.157.114:0 - "GET /api/system/status HTTP/1.1" 200
2026-05-07 22:12:46,319 | INFO    | uvicorn.access | 85.106.157.114:0 - "GET /api/security/status HTTP/1.1" 200
2026-05-07 22:12:47,355 | INFO    | uvicorn.access | 85.106.157.114:0 - "GET /api/terminal/history HTTP/1.1" 200
2026-05-07 22:12:47 | INFO    | remote.terminal | Jarvis yanıtı alındı: Harika. Optimizasyon tamamlandı. Başka bir konuda 
2026-05-07 22:12:47,552 | INFO    | uvicorn.access | 127.0.0.1:51081 - "POST /api/internal/terminal/reply HTTP/1.1" 200
2026-05-07 22:12:48,797 | INFO    | uvicorn.access | 127.0.0.1:51082 - "GET /api/internal/terminal/poll HTTP/1.1" 200
2026-05-07 22:12:49,369 | INFO    | uvicorn.access | 85.106.157.114:0 - "GET /api/terminal/history HTTP/1.1" 200
2026-05-07 22:12:51,370 | INFO    | uvicorn.access | 85.106.157.114:0 - "GET /api/system/status HTTP/1.1" 200
2026-05-07 22:12:51,386 | INFO    | uvicorn.access | 85.106.157.114:0 - "GET /api/security/status HTTP/1.1" 200
2026-05-07 22:12:51,400 | INFO    | uvicorn.access | 85.106.157.114:0 - "GET /api/terminal/history HTTP/1.1" 200
2026-05-07 22:12:51 | INFO    | remote.terminal | Kullanıcı mesajı kuyruğa eklendi (async): Optimizasyon da neler yaptın
2026-05-07 22:12:52,302 | INFO    | uvicorn.access | 127.0.0.1:51084 - "GET /api/internal/terminal/poll HTTP/1.1" 200
2026-05-07 22:12:53,367 | INFO    | uvicorn.access | 85.106.157.114:0 - "GET /api/terminal/history HTTP/1.1" 200
2026-05-07 22:12:55,311 | INFO    | uvicorn.access | 85.106.157.114:0 - "GET /api/terminal/history HTTP/1.1" 200
2026-05-07 22:12:55,791 | INFO    | uvicorn.access | 127.0.0.1:51087 - "GET /api/internal/terminal/poll HTTP/1.1" 200
2026-05-07 22:12:56,342 | INFO    | uvicorn.access | 85.106.157.114:0 - "GET /api/security/status HTTP/1.1" 200
2026-05-07 22:12:56,343 | INFO    | uvicorn.access | 85.106.157.114:0 - "GET /api/system/status HTTP/1.1" 200
2026-05-07 22:12:57,353 | INFO    | uvicorn.access | 85.106.157.114:0 - "GET /api/terminal/history HTTP/1.1" 200
2026-05-07 22:12:59,297 | INFO    | uvicorn.access | 127.0.0.1:51090 - "GET /api/internal/terminal/poll HTTP/1.1" 200
2026-05-07 22:12:59,340 | INFO    | uvicorn.access | 85.106.157.114:0 - "GET /api/terminal/history HTTP/1.1" 200
2026-05-07 22:13:01,344 | INFO    | uvicorn.access | 85.106.157.114:0 - "GET /api/system/status HTTP/1.1" 200
2026-05-07 22:13:01,347 | INFO    | uvicorn.access | 85.106.157.114:0 - "GET /api/terminal/history HTTP/1.1" 200
2026-05-07 22:13:01,348 | INFO    | uvicorn.access | 85.106.157.114:0 - "GET /api/security/status HTTP/1.1" 200
2026-05-07 22:13:02,789 | INFO    | uvicorn.access | 127.0.0.1:51093 - "GET /api/internal/terminal/poll HTTP/1.1" 200
2026-05-07 22:13:03,299 | INFO    | uvicorn.access | 85.106.157.114:0 - "GET /api/terminal/history HTTP/1.1" 200
2026-05-07 22:13:05,347 | INFO    | uvicorn.access | 85.106.157.114:0 - "GET /api/terminal/history HTTP/1.1" 200
2026-05-07 22:13:06,288 | INFO    | uvicorn.access | 127.0.0.1:51097 - "GET /api/internal/terminal/poll HTTP/1.1" 200
2026-05-07 22:13:06,382 | INFO    | uvicorn.access | 85.106.157.114:0 - "GET /api/security/status HTTP/1.1" 200
2026-05-07 22:13:06 | INFO    | remote.terminal | Jarvis yanıtı alındı: Optimizasyon sırasında masaüstü temizliği yapıldı,
2026-05-07 22:13:06,405 | INFO    | uvicorn.access | 127.0.0.1:51098 - "POST /api/internal/terminal/reply HTTP/1.1" 200
2026-05-07 22:13:06,406 | INFO    | uvicorn.access | 85.106.157.114:0 - "POST /api/terminal/send HTTP/1.1" 200
2026-05-07 22:13:06,858 | INFO    | uvicorn.access | 85.106.157.114:0 - "GET /api/system/status HTTP/1.1" 200
2026-05-07 22:13:07,377 | INFO    | uvicorn.access | 85.106.157.114:0 - "GET /api/terminal/history HTTP/1.1" 200
2026-05-07 22:13:09,379 | INFO    | uvicorn.access | 85.106.157.114:0 - "GET /api/terminal/history HTTP/1.1" 200
2026-05-07 22:13:09 | INFO    | remote.terminal | Kullanıcı mesajı kuyruğa eklendi (async): Eminmisin
2026-05-07 22:13:09,791 | INFO    | uvicorn.access | 127.0.0.1:51100 - "GET /api/internal/terminal/poll HTTP/1.1" 200
2026-05-07 22:13:11,376 | INFO    | uvicorn.access | 85.106.157.114:0 - "GET /api/security/status HTTP/1.1" 200
2026-05-07 22:13:11,469 | INFO    | uvicorn.access | 85.106.157.114:0 - "GET /api/system/status HTTP/1.1" 200
2026-05-07 22:13:11,563 | INFO    | uvicorn.access | 85.106.157.114:0 - "GET /api/terminal/history HTTP/1.1" 200
2026-05-07 22:13:13,297 | INFO    | uvicorn.access | 127.0.0.1:51102 - "GET /api/internal/terminal/poll HTTP/1.1" 200
2026-05-07 22:13:13,627 | INFO    | uvicorn.access | 85.106.157.114:0 - "GET /api/terminal/history HTTP/1.1" 200
2026-05-07 22:13:15,356 | INFO    | uvicorn.access | 85.106.157.114:0 - "GET /api/terminal/history HTTP/1.1" 200
2026-05-07 22:13:16,376 | INFO    | uvicorn.access | 85.106.157.114:0 - "GET /api/system/status HTTP/1.1" 200
2026-05-07 22:13:16,378 | INFO    | uvicorn.access | 85.106.157.114:0 - "GET /api/security/status HTTP/1.1" 200
2026-05-07 22:13:16,802 | INFO    | uvicorn.access | 127.0.0.1:51111 - "GET /api/internal/terminal/poll HTTP/1.1" 200
2026-05-07 22:13:17,392 | INFO    | uvicorn.access | 85.106.157.114:0 - "GET /api/terminal/history HTTP/1.1" 200
2026-05-07 22:13:18 | INFO    | remote.terminal | Jarvis yanıtı alındı: Evet, eminim. Bu adımlar optimizasyon görevi kapsa
2026-05-07 22:13:18,563 | INFO    | uvicorn.access | 127.0.0.1:51114 - "POST /api/internal/terminal/reply HTTP/1.1" 200
2026-05-07 22:13:18,563 | INFO    | uvicorn.access | 85.106.157.114:0 - "POST /api/terminal/send HTTP/1.1" 200
2026-05-07 22:13:19,336 | INFO    | uvicorn.access | 85.106.157.114:0 - "GET /api/terminal/history HTTP/1.1" 200
2026-05-07 22:13:20,318 | INFO    | uvicorn.access | 127.0.0.1:51118 - "GET /api/internal/terminal/poll HTTP/1.1" 200
2026-05-07 22:13:21,414 | INFO    | uvicorn.access | 85.106.157.114:0 - "GET /api/security/status HTTP/1.1" 200
2026-05-07 22:13:21,415 | INFO    | uvicorn.access | 85.106.157.114:0 - "GET /api/system/status HTTP/1.1" 200
2026-05-07 22:13:21,505 | INFO    | uvicorn.access | 85.106.157.114:0 - "GET /api/terminal/history HTTP/1.1" 200
2026-05-07 22:13:23,746 | INFO    | uvicorn.access | 85.106.157.114:0 - "GET /api/terminal/history HTTP/1.1" 200
2026-05-07 22:13:23,826 | INFO    | uvicorn.access | 127.0.0.1:51124 - "GET /api/internal/terminal/poll HTTP/1.1" 200
2026-05-07 22:13:25,339 | INFO    | uvicorn.access | 85.106.157.114:0 - "GET /api/terminal/history HTTP/1.1" 200
2026-05-07 22:13:26,374 | INFO    | uvicorn.access | 85.106.157.114:0 - "GET /api/security/status HTTP/1.1" 200
2026-05-07 22:13:26,376 | INFO    | uvicorn.access | 85.106.157.114:0 - "GET /api/system/status HTTP/1.1" 200
2026-05-07 22:13:27,315 | INFO    | uvicorn.access | 127.0.0.1:51130 - "GET /api/internal/terminal/poll HTTP/1.1" 200
2026-05-07 22:13:27,380 | INFO    | uvicorn.access | 85.106.157.114:0 - "GET /api/terminal/history HTTP/1.1" 200
2026-05-07 22:13:29,601 | INFO    | uvicorn.access | 85.106.157.114:0 - "GET /api/terminal/history HTTP/1.1" 200
2026-05-07 22:13:30,822 | INFO    | uvicorn.access | 127.0.0.1:51133 - "GET /api/internal/terminal/poll HTTP/1.1" 200
2026-05-07 22:13:31,309 | INFO    | uvicorn.access | 85.106.157.114:0 - "GET /api/terminal/history HTTP/1.1" 200
2026-05-07 22:13:31,310 | INFO    | uvicorn.access | 85.106.157.114:0 - "GET /api/security/status HTTP/1.1" 200
2026-05-07 22:13:31,330 | INFO    | uvicorn.access | 85.106.157.114:0 - "GET /api/system/status HTTP/1.1" 200
2026-05-07 22:13:33,343 | INFO    | uvicorn.access | 85.106.157.114:0 - "GET /api/terminal/history HTTP/1.1" 200
2026-05-07 22:13:34,326 | INFO    | uvicorn.access | 127.0.0.1:51137 - "GET /api/internal/terminal/poll HTTP/1.1" 200
2026-05-07 22:13:35,371 | INFO    | uvicorn.access | 85.106.157.114:0 - "GET /api/terminal/history HTTP/1.1" 200
2026-05-07 22:13:36,375 | INFO    | uvicorn.access | 85.106.157.114:0 - "GET /api/system/status HTTP/1.1" 200
2026-05-07 22:13:36,376 | INFO    | uvicorn.access | 85.106.157.114:0 - "GET /api/security/status HTTP/1.1" 200
2026-05-07 22:13:37,368 | INFO    | uvicorn.access | 85.106.157.114:0 - "GET /api/terminal/history HTTP/1.1" 200
2026-05-07 22:13:37,844 | INFO    | uvicorn.access | 127.0.0.1:51140 - "GET /api/internal/terminal/poll HTTP/1.1" 200
2026-05-07 22:13:39,371 | INFO    | uvicorn.access | 85.106.157.114:0 - "GET /api/terminal/history HTTP/1.1" 200
2026-05-07 22:13:41,335 | INFO    | uvicorn.access | 127.0.0.1:51143 - "GET /api/internal/terminal/poll HTTP/1.1" 200
2026-05-07 22:13:41,346 | INFO    | uvicorn.access | 85.106.157.114:0 - "GET /api/system/status HTTP/1.1" 200
2026-05-07 22:13:41,348 | INFO    | uvicorn.access | 85.106.157.114:0 - "GET /api/security/status HTTP/1.1" 200
2026-05-07 22:13:41,349 | INFO    | uvicorn.access | 85.106.157.114:0 - "GET /api/terminal/history HTTP/1.1" 200
2026-05-07 22:13:43,378 | INFO    | uvicorn.access | 85.106.157.114:0 - "GET /api/terminal/history HTTP/1.1" 200
2026-05-07 22:13:44,852 | INFO    | uvicorn.access | 127.0.0.1:51145 - "GET /api/internal/terminal/poll HTTP/1.1" 200
2026-05-07 22:13:45,378 | INFO    | uvicorn.access | 85.106.157.114:0 - "GET /api/terminal/history HTTP/1.1" 200
2026-05-07 22:13:46 | INFO    | remote.terminal | Kullanıcı mesajı kuyruğa eklendi (async): Bilgisayarın belleğini temizle
2026-05-07 22:13:46,465 | INFO    | uvicorn.access | 85.106.157.114:0 - "GET /api/security/status HTTP/1.1" 200
2026-05-07 22:13:46,477 | INFO    | uvicorn.access | 85.106.157.114:0 - "GET /api/system/status HTTP/1.1" 200
2026-05-07 22:13:47,394 | INFO    | uvicorn.access | 85.106.157.114:0 - "GET /api/terminal/history HTTP/1.1" 200
2026-05-07 22:13:48,356 | INFO    | uvicorn.access | 127.0.0.1:51149 - "GET /api/internal/terminal/poll HTTP/1.1" 200
2026-05-07 22:13:49,336 | INFO    | uvicorn.access | 85.106.157.114:0 - "GET /api/terminal/history HTTP/1.1" 200
2026-05-07 22:13:51,404 | INFO    | uvicorn.access | 85.106.157.114:0 - "GET /api/system/status HTTP/1.1" 200
2026-05-07 22:13:51,405 | INFO    | uvicorn.access | 85.106.157.114:0 - "GET /api/security/status HTTP/1.1" 200
2026-05-07 22:13:51,406 | INFO    | uvicorn.access | 85.106.157.114:0 - "GET /api/terminal/history HTTP/1.1" 200
2026-05-07 22:13:51,844 | INFO    | uvicorn.access | 127.0.0.1:51153 - "GET /api/internal/terminal/poll HTTP/1.1" 200
2026-05-07 22:13:53,377 | INFO    | uvicorn.access | 85.106.157.114:0 - "GET /api/terminal/history HTTP/1.1" 200
2026-05-07 22:13:55,334 | INFO    | uvicorn.access | 127.0.0.1:51155 - "GET /api/internal/terminal/poll HTTP/1.1" 200
2026-05-07 22:13:55,368 | INFO    | uvicorn.access | 85.106.157.114:0 - "GET /api/terminal/history HTTP/1.1" 200
2026-05-07 22:13:56,310 | INFO    | uvicorn.access | 85.106.157.114:0 - "GET /api/system/status HTTP/1.1" 200
2026-05-07 22:13:56,312 | INFO    | uvicorn.access | 85.106.157.114:0 - "GET /api/security/status HTTP/1.1" 200
2026-05-07 22:13:57,328 | INFO    | uvicorn.access | 85.106.157.114:0 - "GET /api/terminal/history HTTP/1.1" 200
2026-05-07 22:13:58,838 | INFO    | uvicorn.access | 127.0.0.1:51157 - "GET /api/internal/terminal/poll HTTP/1.1" 200
2026-05-07 22:13:59,331 | INFO    | uvicorn.access | 85.106.157.114:0 - "GET /api/terminal/history HTTP/1.1" 200
2026-05-07 22:14:01,073 | INFO    | uvicorn.access | 85.106.157.114:0 - "POST /api/terminal/send HTTP/1.1" 200
2026-05-07 22:14:01,311 | INFO    | uvicorn.access | 85.106.157.114:0 - "GET /api/system/status HTTP/1.1" 200
2026-05-07 22:14:01,392 | INFO    | uvicorn.access | 85.106.157.114:0 - "GET /api/security/status HTTP/1.1" 200
2026-05-07 22:14:01,395 | INFO    | uvicorn.access | 85.106.157.114:0 - "GET /api/terminal/history HTTP/1.1" 200
2026-05-07 22:14:01 | INFO    | remote.terminal | Jarvis yanıtı alındı: RAM belleği doğrudan temizleme aracı bulunmuyor, a
2026-05-07 22:14:01,587 | INFO    | uvicorn.access | 127.0.0.1:51160 - "POST /api/internal/terminal/reply HTTP/1.1" 200
2026-05-07 22:14:02,341 | INFO    | uvicorn.access | 127.0.0.1:51161 - "GET /api/internal/terminal/poll HTTP/1.1" 200
2026-05-07 22:14:03,467 | INFO    | uvicorn.access | 85.106.157.114:0 - "GET /api/terminal/history HTTP/1.1" 200
2026-05-07 22:14:05,372 | INFO    | uvicorn.access | 85.106.157.114:0 - "GET /api/terminal/history HTTP/1.1" 200
2026-05-07 22:14:05,844 | INFO    | uvicorn.access | 127.0.0.1:51166 - "GET /api/internal/terminal/poll HTTP/1.1" 200
2026-05-07 22:14:06,296 | INFO    | uvicorn.access | 85.106.157.114:0 - "GET /api/security/status HTTP/1.1" 200
2026-05-07 22:14:06,297 | INFO    | uvicorn.access | 85.106.157.114:0 - "GET /api/system/status HTTP/1.1" 200
2026-05-07 22:14:07,321 | INFO    | uvicorn.access | 85.106.157.114:0 - "GET /api/terminal/history HTTP/1.1" 200
2026-05-07 22:14:09,363 | INFO    | uvicorn.access | 127.0.0.1:51175 - "GET /api/internal/terminal/poll HTTP/1.1" 200
2026-05-07 22:14:09,371 | INFO    | uvicorn.access | 85.106.157.114:0 - "GET /api/terminal/history HTTP/1.1" 200
2026-05-07 22:14:11,387 | INFO    | uvicorn.access | 85.106.157.114:0 - "GET /api/system/status HTTP/1.1" 200
2026-05-07 22:14:11,391 | INFO    | uvicorn.access | 85.106.157.114:0 - "GET /api/security/status HTTP/1.1" 200
2026-05-07 22:14:11,393 | INFO    | uvicorn.access | 85.106.157.114:0 - "GET /api/terminal/history HTTP/1.1" 200
2026-05-07 22:14:12,868 | INFO    | uvicorn.access | 127.0.0.1:51178 - "GET /api/internal/terminal/poll HTTP/1.1" 200
2026-05-07 22:14:13,374 | INFO    | uvicorn.access | 85.106.157.114:0 - "GET /api/terminal/history HTTP/1.1" 200
2026-05-07 22:14:15,374 | INFO    | uvicorn.access | 85.106.157.114:0 - "GET /api/terminal/history HTTP/1.1" 200
2026-05-07 22:14:16,346 | INFO    | uvicorn.access | 85.106.157.114:0 - "GET /api/security/status HTTP/1.1" 200
2026-05-07 22:14:16,347 | INFO    | uvicorn.access | 85.106.157.114:0 - "GET /api/system/status HTTP/1.1" 200
2026-05-07 22:14:16,370 | INFO    | uvicorn.access | 127.0.0.1:51181 - "GET /api/internal/terminal/poll HTTP/1.1" 200
2026-05-07 22:14:17,351 | INFO    | uvicorn.access | 85.106.157.114:0 - "GET /api/terminal/history HTTP/1.1" 200
2026-05-07 22:14:17 | INFO    | remote.terminal | Kullanıcı mesajı kuyruğa eklendi (async): Hayır zaten internette bunla ilgili terminal kodla
2026-05-07 22:14:19,399 | INFO    | uvicorn.access | 85.106.157.114:0 - "GET /api/terminal/history HTTP/1.1" 200
2026-05-07 22:14:19,862 | INFO    | uvicorn.access | 127.0.0.1:51187 - "GET /api/internal/terminal/poll HTTP/1.1" 200
2026-05-07 22:14:21,397 | INFO    | uvicorn.access | 85.106.157.114:0 - "GET /api/security/status HTTP/1.1" 200
2026-05-07 22:14:21,398 | INFO    | uvicorn.access | 85.106.157.114:0 - "GET /api/system/status HTTP/1.1" 200
2026-05-07 22:14:21,399 | INFO    | uvicorn.access | 85.106.157.114:0 - "GET /api/terminal/history HTTP/1.1" 200
2026-05-07 22:14:23,354 | INFO    | uvicorn.access | 85.106.157.114:0 - "GET /api/terminal/history HTTP/1.1" 200
2026-05-07 22:14:23,366 | INFO    | uvicorn.access | 127.0.0.1:51193 - "GET /api/internal/terminal/poll HTTP/1.1" 200
2026-05-07 22:14:25,326 | INFO    | uvicorn.access | 85.106.157.114:0 - "GET /api/terminal/history HTTP/1.1" 200
2026-05-07 22:14:26,322 | INFO    | uvicorn.access | 85.106.157.114:0 - "GET /api/system/status HTTP/1.1" 200
2026-05-07 22:14:26,332 | INFO    | uvicorn.access | 85.106.157.114:0 - "GET /api/security/status HTTP/1.1" 200
2026-05-07 22:14:26,884 | INFO    | uvicorn.access | 127.0.0.1:51198 - "GET /api/internal/terminal/poll HTTP/1.1" 200
2026-05-07 22:14:27,325 | INFO    | uvicorn.access | 85.106.157.114:0 - "GET /api/terminal/history HTTP/1.1" 200
2026-05-07 22:14:29,482 | INFO    | uvicorn.access | 85.106.157.114:0 - "GET /api/terminal/history HTTP/1.1" 200
2026-05-07 22:14:30,390 | INFO    | uvicorn.access | 127.0.0.1:51200 - "GET /api/internal/terminal/poll HTTP/1.1" 200
2026-05-07 22:14:31,376 | INFO    | uvicorn.access | 85.106.157.114:0 - "GET /api/system/status HTTP/1.1" 200
2026-05-07 22:14:31,671 | INFO    | uvicorn.access | 85.106.157.114:0 - "GET /api/terminal/history HTTP/1.1" 200
2026-05-07 22:14:31,672 | INFO    | uvicorn.access | 85.106.157.114:0 - "GET /api/security/status HTTP/1.1" 200
2026-05-07 22:14:32,593 | INFO    | uvicorn.access | 85.106.157.114:0 - "POST /api/terminal/send HTTP/1.1" 200
2026-05-07 22:14:33,375 | INFO    | uvicorn.access | 85.106.157.114:0 - "GET /api/terminal/history HTTP/1.1" 200
2026-05-07 22:14:33,911 | INFO    | uvicorn.access | 127.0.0.1:51203 - "GET /api/internal/terminal/poll HTTP/1.1" 200
2026-05-07 22:14:35,342 | INFO    | uvicorn.access | 85.106.157.114:0 - "GET /api/terminal/history HTTP/1.1" 200
2026-05-07 22:14:36,323 | INFO    | uvicorn.access | 85.106.157.114:0 - "GET /api/system/status HTTP/1.1" 200
2026-05-07 22:14:36,324 | INFO    | uvicorn.access | 85.106.157.114:0 - "GET /api/security/status HTTP/1.1" 200
2026-05-07 22:14:37,317 | INFO    | uvicorn.access | 85.106.157.114:0 - "GET /api/terminal/history HTTP/1.1" 200
2026-05-07 22:14:37,414 | INFO    | uvicorn.access | 127.0.0.1:51205 - "GET /api/internal/terminal/poll HTTP/1.1" 200
2026-05-07 22:14:39,327 | INFO    | uvicorn.access | 85.106.157.114:0 - "GET /api/terminal/history HTTP/1.1" 200
2026-05-07 22:14:40,918 | INFO    | uvicorn.access | 127.0.0.1:51208 - "GET /api/internal/terminal/poll HTTP/1.1" 200
2026-05-07 22:14:41,322 | INFO    | uvicorn.access | 85.106.157.114:0 - "GET /api/system/status HTTP/1.1" 200
2026-05-07 22:14:41,323 | INFO    | uvicorn.access | 85.106.157.114:0 - "GET /api/security/status HTTP/1.1" 200
2026-05-07 22:14:41,325 | INFO    | uvicorn.access | 85.106.157.114:0 - "GET /api/terminal/history HTTP/1.1" 200
2026-05-07 22:14:43,297 | INFO    | uvicorn.access | 85.106.157.114:0 - "GET /api/terminal/history HTTP/1.1" 200
2026-05-07 22:14:44,428 | INFO    | uvicorn.access | 127.0.0.1:51223 - "GET /api/internal/terminal/poll HTTP/1.1" 200
2026-05-07 22:14:45,300 | INFO    | uvicorn.access | 85.106.157.114:0 - "GET /api/terminal/history HTTP/1.1" 200
2026-05-07 22:14:46,304 | INFO    | uvicorn.access | 85.106.157.114:0 - "GET /api/system/status HTTP/1.1" 200
2026-05-07 22:14:46,306 | INFO    | uvicorn.access | 85.106.157.114:0 - "GET /api/security/status HTTP/1.1" 200
2026-05-07 22:14:46 | INFO    | remote.terminal | Kullanıcı mesajı kuyruğa eklendi (async): Benim pc windows
2026-05-07 22:14:47,333 | INFO    | uvicorn.access | 85.106.157.114:0 - "GET /api/terminal/history HTTP/1.1" 200
2026-05-07 22:14:47,942 | INFO    | uvicorn.access | 127.0.0.1:51226 - "GET /api/internal/terminal/poll HTTP/1.1" 200
2026-05-07 22:14:49,290 | INFO    | uvicorn.access | 85.106.157.114:0 - "GET /api/terminal/history HTTP/1.1" 200
2026-05-07 22:14:51,301 | INFO    | uvicorn.access | 85.106.157.114:0 - "GET /api/system/status HTTP/1.1" 200
2026-05-07 22:14:51,302 | INFO    | uvicorn.access | 85.106.157.114:0 - "GET /api/security/status HTTP/1.1" 200
2026-05-07 22:14:51,303 | INFO    | uvicorn.access | 85.106.157.114:0 - "GET /api/terminal/history HTTP/1.1" 200
2026-05-07 22:14:51,445 | INFO    | uvicorn.access | 127.0.0.1:51242 - "GET /api/internal/terminal/poll HTTP/1.1" 200
2026-05-07 22:14:53,297 | INFO    | uvicorn.access | 85.106.157.114:0 - "GET /api/terminal/history HTTP/1.1" 200
2026-05-07 22:14:54,964 | INFO    | uvicorn.access | 127.0.0.1:51247 - "GET /api/internal/terminal/poll HTTP/1.1" 200
2026-05-07 22:14:55,311 | INFO    | uvicorn.access | 85.106.157.114:0 - "GET /api/terminal/history HTTP/1.1" 200
2026-05-07 22:14:56,308 | INFO    | uvicorn.access | 85.106.157.114:0 - "GET /api/security/status HTTP/1.1" 200
2026-05-07 22:14:56,310 | INFO    | uvicorn.access | 85.106.157.114:0 - "GET /api/system/status HTTP/1.1" 200
2026-05-07 22:14:57,293 | INFO    | uvicorn.access | 85.106.157.114:0 - "GET /api/terminal/history HTTP/1.1" 200
2026-05-07 22:14:58,469 | INFO    | uvicorn.access | 127.0.0.1:51250 - "GET /api/internal/terminal/poll HTTP/1.1" 200
2026-05-07 22:14:59,290 | INFO    | uvicorn.access | 85.106.157.114:0 - "GET /api/terminal/history HTTP/1.1" 200
2026-05-07 22:15:01,306 | INFO    | uvicorn.access | 85.106.157.114:0 - "GET /api/system/status HTTP/1.1" 200
2026-05-07 22:15:01,313 | INFO    | uvicorn.access | 85.106.157.114:0 - "GET /api/terminal/history HTTP/1.1" 200
2026-05-07 22:15:01,315 | INFO    | uvicorn.access | 85.106.157.114:0 - "GET /api/security/status HTTP/1.1" 200
2026-05-07 22:15:01,956 | INFO    | uvicorn.access | 127.0.0.1:51252 - "GET /api/internal/terminal/poll HTTP/1.1" 200
2026-05-07 22:15:02,013 | INFO    | uvicorn.access | 85.106.157.114:0 - "POST /api/terminal/send HTTP/1.1" 200
2026-05-07 22:15:03,294 | INFO    | uvicorn.access | 85.106.157.114:0 - "GET /api/terminal/history HTTP/1.1" 200
2026-05-07 22:15:05,295 | INFO    | uvicorn.access | 85.106.157.114:0 - "GET /api/terminal/history HTTP/1.1" 200
2026-05-07 22:15:05,461 | INFO    | uvicorn.access | 127.0.0.1:51254 - "GET /api/internal/terminal/poll HTTP/1.1" 200
2026-05-07 22:15:06,297 | INFO    | uvicorn.access | 85.106.157.114:0 - "GET /api/system/status HTTP/1.1" 200
2026-05-07 22:15:06,299 | INFO    | uvicorn.access | 85.106.157.114:0 - "GET /api/security/status HTTP/1.1" 200
2026-05-07 22:15:07,294 | INFO    | uvicorn.access | 85.106.157.114:0 - "GET /api/terminal/history HTTP/1.1" 200
2026-05-07 22:15:07 | INFO    | remote.terminal | Jarvis yanıtı alındı: Bellek temizliği için terminal komutlarını araştır
2026-05-07 22:15:07,655 | INFO    | uvicorn.access | 127.0.0.1:51257 - "POST /api/internal/terminal/reply HTTP/1.1" 200
2026-05-07 22:15:08,965 | INFO    | uvicorn.access | 127.0.0.1:51258 - "GET /api/internal/terminal/poll HTTP/1.1" 200
2026-05-07 22:15:09,329 | INFO    | uvicorn.access | 85.106.157.114:0 - "GET /api/terminal/history HTTP/1.1" 200
2026-05-07 22:15:11,298 | INFO    | uvicorn.access | 85.106.157.114:0 - "GET /api/system/status HTTP/1.1" 200
2026-05-07 22:15:11,300 | INFO    | uvicorn.access | 85.106.157.114:0 - "GET /api/terminal/history HTTP/1.1" 200
2026-05-07 22:15:11,300 | INFO    | uvicorn.access | 85.106.157.114:0 - "GET /api/security/status HTTP/1.1" 200
2026-05-07 22:15:12,455 | INFO    | uvicorn.access | 127.0.0.1:51269 - "GET /api/internal/terminal/poll HTTP/1.1" 200
2026-05-07 22:15:13,298 | INFO    | uvicorn.access | 85.106.157.114:0 - "GET /api/terminal/history HTTP/1.1" 200
2026-05-07 22:15:15,296 | INFO    | uvicorn.access | 85.106.157.114:0 - "GET /api/terminal/history HTTP/1.1" 200
2026-05-07 22:15:15,956 | INFO    | uvicorn.access | 127.0.0.1:51273 - "GET /api/internal/terminal/poll HTTP/1.1" 200
2026-05-07 22:15:16,289 | INFO    | uvicorn.access | 85.106.157.114:0 - "GET /api/system/status HTTP/1.1" 200
2026-05-07 22:15:16,294 | INFO    | uvicorn.access | 85.106.157.114:0 - "GET /api/security/status HTTP/1.1" 200
2026-05-07 22:15:17,301 | INFO    | uvicorn.access | 85.106.157.114:0 - "GET /api/terminal/history HTTP/1.1" 200
2026-05-07 22:15:19,304 | INFO    | uvicorn.access | 85.106.157.114:0 - "GET /api/terminal/history HTTP/1.1" 200
2026-05-07 22:15:19,476 | INFO    | uvicorn.access | 127.0.0.1:51275 - "GET /api/internal/terminal/poll HTTP/1.1" 200
2026-05-07 22:15:21,328 | INFO    | uvicorn.access | 85.106.157.114:0 - "GET /api/security/status HTTP/1.1" 200
2026-05-07 22:15:21,329 | INFO    | uvicorn.access | 85.106.157.114:0 - "GET /api/terminal/history HTTP/1.1" 200
2026-05-07 22:15:21,331 | INFO    | uvicorn.access | 85.106.157.114:0 - "GET /api/system/status HTTP/1.1" 200
2026-05-07 22:15:22,965 | INFO    | uvicorn.access | 127.0.0.1:51282 - "GET /api/internal/terminal/poll HTTP/1.1" 200
2026-05-07 22:15:23,299 | INFO    | uvicorn.access | 85.106.157.114:0 - "GET /api/terminal/history HTTP/1.1" 200
2026-05-07 22:15:24 | INFO    | remote.terminal | Jarvis yanıtı alındı: Anladım. Windows sistemlerinde bellek temizliği iç
2026-05-07 22:15:24,422 | INFO    | uvicorn.access | 127.0.0.1:51285 - "POST /api/internal/terminal/reply HTTP/1.1" 200
2026-05-07 22:15:25,320 | INFO    | uvicorn.access | 85.106.157.114:0 - "GET /api/terminal/history HTTP/1.1" 200
2026-05-07 22:15:26,319 | INFO    | uvicorn.access | 85.106.157.114:0 - "GET /api/system/status HTTP/1.1" 200
2026-05-07 22:15:26,321 | INFO    | uvicorn.access | 85.106.157.114:0 - "GET /api/security/status HTTP/1.1" 200
2026-05-07 22:15:26,468 | INFO    | uvicorn.access | 127.0.0.1:51289 - "GET /api/internal/terminal/poll HTTP/1.1" 200
2026-05-07 22:15:27,319 | INFO    | uvicorn.access | 85.106.157.114:0 - "GET /api/terminal/history HTTP/1.1" 200
2026-05-07 22:15:28 | INFO    | remote.terminal | Kullanıcı mesajı kuyruğa eklendi (async): Arkaplanda çalışan uygulamaların çalıştığını şöyle
2026-05-07 22:15:29,292 | INFO    | uvicorn.access | 85.106.157.114:0 - "GET /api/terminal/history HTTP/1.1" 200
2026-05-07 22:15:29,973 | INFO    | uvicorn.access | 127.0.0.1:51292 - "GET /api/internal/terminal/poll HTTP/1.1" 200
2026-05-07 22:15:31,308 | INFO    | uvicorn.access | 85.106.157.114:0 - "GET /api/system/status HTTP/1.1" 200
2026-05-07 22:15:31,309 | INFO    | uvicorn.access | 85.106.157.114:0 - "GET /api/security/status HTTP/1.1" 200
2026-05-07 22:15:31,310 | INFO    | uvicorn.access | 85.106.157.114:0 - "GET /api/terminal/history HTTP/1.1" 200
2026-05-07 22:15:33,310 | INFO    | uvicorn.access | 85.106.157.114:0 - "GET /api/terminal/history HTTP/1.1" 200
2026-05-07 22:15:33,460 | INFO    | uvicorn.access | 127.0.0.1:51296 - "GET /api/internal/terminal/poll HTTP/1.1" 200
2026-05-07 22:15:35,297 | INFO    | uvicorn.access | 85.106.157.114:0 - "GET /api/terminal/history HTTP/1.1" 200
2026-05-07 22:15:36,309 | INFO    | uvicorn.access | 85.106.157.114:0 - "GET /api/security/status HTTP/1.1" 200
2026-05-07 22:15:36,310 | INFO    | uvicorn.access | 85.106.157.114:0 - "GET /api/system/status HTTP/1.1" 200
2026-05-07 22:15:36,965 | INFO    | uvicorn.access | 127.0.0.1:51299 - "GET /api/internal/terminal/poll HTTP/1.1" 200
2026-05-07 22:15:37,297 | INFO    | uvicorn.access | 85.106.157.114:0 - "GET /api/terminal/history HTTP/1.1" 200
2026-05-07 22:15:39,296 | INFO    | uvicorn.access | 85.106.157.114:0 - "GET /api/terminal/history HTTP/1.1" 200
2026-05-07 22:15:39 | INFO    | remote.terminal | Jarvis yanıtı alındı: Arka planda çalışan uygulamaları görmek için Görev
2026-05-07 22:15:39,411 | INFO    | uvicorn.access | 127.0.0.1:51303 - "POST /api/internal/terminal/reply HTTP/1.1" 200
2026-05-07 22:15:39,413 | INFO    | uvicorn.access | 85.106.157.114:0 - "POST /api/terminal/send HTTP/1.1" 200
2026-05-07 22:15:40,468 | INFO    | uvicorn.access | 127.0.0.1:51304 - "GET /api/internal/terminal/poll HTTP/1.1" 200
2026-05-07 22:15:41,328 | INFO    | uvicorn.access | 85.106.157.114:0 - "GET /api/terminal/history HTTP/1.1" 200
2026-05-07 22:15:41,330 | INFO    | uvicorn.access | 85.106.157.114:0 - "GET /api/security/status HTTP/1.1" 200
2026-05-07 22:15:41,330 | INFO    | uvicorn.access | 85.106.157.114:0 - "GET /api/system/status HTTP/1.1" 200
2026-05-07 22:15:43,297 | INFO    | uvicorn.access | 85.106.157.114:0 - "GET /api/terminal/history HTTP/1.1" 200
2026-05-07 22:15:43,956 | INFO    | uvicorn.access | 127.0.0.1:51307 - "GET /api/internal/terminal/poll HTTP/1.1" 200
2026-05-07 22:15:45,307 | INFO    | uvicorn.access | 85.106.157.114:0 - "GET /api/terminal/history HTTP/1.1" 200
2026-05-07 22:15:46,334 | INFO    | uvicorn.access | 85.106.157.114:0 - "GET /api/system/status HTTP/1.1" 200
2026-05-07 22:15:46,335 | INFO    | uvicorn.access | 85.106.157.114:0 - "GET /api/security/status HTTP/1.1" 200
2026-05-07 22:15:47,306 | INFO    | uvicorn.access | 85.106.157.114:0 - "GET /api/terminal/history HTTP/1.1" 200
2026-05-07 22:15:47,460 | INFO    | uvicorn.access | 127.0.0.1:51310 - "GET /api/internal/terminal/poll HTTP/1.1" 200
2026-05-07 22:15:49,293 | INFO    | uvicorn.access | 85.106.157.114:0 - "GET /api/terminal/history HTTP/1.1" 200
2026-05-07 22:15:50,967 | INFO    | uvicorn.access | 127.0.0.1:51312 - "GET /api/internal/terminal/poll HTTP/1.1" 200
2026-05-07 22:15:51,305 | INFO    | uvicorn.access | 85.106.157.114:0 - "GET /api/system/status HTTP/1.1" 200
2026-05-07 22:15:51,306 | INFO    | uvicorn.access | 85.106.157.114:0 - "GET /api/security/status HTTP/1.1" 200
2026-05-07 22:15:51,308 | INFO    | uvicorn.access | 85.106.157.114:0 - "GET /api/terminal/history HTTP/1.1" 200
2026-05-07 22:15:53,296 | INFO    | uvicorn.access | 85.106.157.114:0 - "GET /api/terminal/history HTTP/1.1" 200
2026-05-07 22:15:54,455 | INFO    | uvicorn.access | 127.0.0.1:51315 - "GET /api/internal/terminal/poll HTTP/1.1" 200
2026-05-07 22:15:55,305 | INFO    | uvicorn.access | 85.106.157.114:0 - "GET /api/terminal/history HTTP/1.1" 200
2026-05-07 22:15:56,347 | INFO    | uvicorn.access | 85.106.157.114:0 - "GET /api/system/status HTTP/1.1" 200
2026-05-07 22:15:56,348 | INFO    | uvicorn.access | 85.106.157.114:0 - "GET /api/security/status HTTP/1.1" 200
2026-05-07 22:15:57,297 | INFO    | uvicorn.access | 85.106.157.114:0 - "GET /api/terminal/history HTTP/1.1" 200
2026-05-07 22:15:57,987 | INFO    | uvicorn.access | 127.0.0.1:51318 - "GET /api/internal/terminal/poll HTTP/1.1" 200
2026-05-07 22:15:59,305 | INFO    | uvicorn.access | 85.106.157.114:0 - "GET /api/terminal/history HTTP/1.1" 200
2026-05-07 22:16:01,303 | INFO    | uvicorn.access | 85.106.157.114:0 - "GET /api/system/status HTTP/1.1" 200
2026-05-07 22:16:01,305 | INFO    | uvicorn.access | 85.106.157.114:0 - "GET /api/terminal/history HTTP/1.1" 200
2026-05-07 22:16:01,306 | INFO    | uvicorn.access | 85.106.157.114:0 - "GET /api/security/status HTTP/1.1" 200
2026-05-07 22:16:01,491 | INFO    | uvicorn.access | 127.0.0.1:51320 - "GET /api/internal/terminal/poll HTTP/1.1" 200
2026-05-07 22:16:03,374 | INFO    | uvicorn.access | 85.106.157.114:0 - "GET /api/terminal/history HTTP/1.1" 200
2026-05-07 22:16:04,995 | INFO    | uvicorn.access | 127.0.0.1:51322 - "GET /api/internal/terminal/poll HTTP/1.1" 200
2026-05-07 22:16:05,398 | INFO    | uvicorn.access | 85.106.157.114:0 - "GET /api/terminal/history HTTP/1.1" 200
2026-05-07 22:16:05 | INFO    | remote.terminal | Kullanıcı mesajı kuyruğa eklendi (async): Ben sana birşey dedimmi bana birdaha yapayimmi diy
2026-05-07 22:16:06,298 | INFO    | uvicorn.access | 85.106.157.114:0 - "GET /api/system/status HTTP/1.1" 200
2026-05-07 22:16:06,303 | INFO    | uvicorn.access | 85.106.157.114:0 - "GET /api/security/status HTTP/1.1" 200
2026-05-07 22:16:07,293 | INFO    | uvicorn.access | 85.106.157.114:0 - "GET /api/terminal/history HTTP/1.1" 200
2026-05-07 22:16:08,500 | INFO    | uvicorn.access | 127.0.0.1:51324 - "GET /api/internal/terminal/poll HTTP/1.1" 200
2026-05-07 22:16:09,301 | INFO    | uvicorn.access | 85.106.157.114:0 - "GET /api/terminal/history HTTP/1.1" 200
2026-05-07 22:16:11,311 | INFO    | uvicorn.access | 85.106.157.114:0 - "GET /api/system/status HTTP/1.1" 200
2026-05-07 22:16:11,313 | INFO    | uvicorn.access | 85.106.157.114:0 - "GET /api/security/status HTTP/1.1" 200
2026-05-07 22:16:11,313 | INFO    | uvicorn.access | 85.106.157.114:0 - "GET /api/terminal/history HTTP/1.1" 200
2026-05-07 22:16:12,006 | INFO    | uvicorn.access | 127.0.0.1:51328 - "GET /api/internal/terminal/poll HTTP/1.1" 200
2026-05-07 22:16:13,302 | INFO    | uvicorn.access | 85.106.157.114:0 - "GET /api/terminal/history HTTP/1.1" 200
2026-05-07 22:16:15,291 | INFO    | uvicorn.access | 85.106.157.114:0 - "GET /api/terminal/history HTTP/1.1" 200
2026-05-07 22:16:15,511 | INFO    | uvicorn.access | 127.0.0.1:51332 - "GET /api/internal/terminal/poll HTTP/1.1" 200
2026-05-07 22:16:16,293 | INFO    | uvicorn.access | 85.106.157.114:0 - "GET /api/system/status HTTP/1.1" 200
2026-05-07 22:16:16,294 | INFO    | uvicorn.access | 85.106.157.114:0 - "GET /api/security/status HTTP/1.1" 200
2026-05-07 22:16:16 | INFO    | remote.terminal | Jarvis yanıtı alındı: Anladım ve kaydettim. Size yardımcı olmak için bur
2026-05-07 22:16:16,967 | INFO    | uvicorn.access | 127.0.0.1:51333 - "POST /api/internal/terminal/reply HTTP/1.1" 200
2026-05-07 22:16:16,967 | INFO    | uvicorn.access | 85.106.157.114:0 - "POST /api/terminal/send HTTP/1.1" 200
2026-05-07 22:16:17,293 | INFO    | uvicorn.access | 85.106.157.114:0 - "GET /api/terminal/history HTTP/1.1" 200
2026-05-07 22:16:19,014 | INFO    | uvicorn.access | 127.0.0.1:51335 - "GET /api/internal/terminal/poll HTTP/1.1" 200
2026-05-07 22:16:19,294 | INFO    | uvicorn.access | 85.106.157.114:0 - "GET /api/terminal/history HTTP/1.1" 200
2026-05-07 22:16:21,314 | INFO    | uvicorn.access | 85.106.157.114:0 - "GET /api/system/status HTTP/1.1" 200
2026-05-07 22:16:21,315 | INFO    | uvicorn.access | 85.106.157.114:0 - "GET /api/terminal/history HTTP/1.1" 200
2026-05-07 22:16:21,316 | INFO    | uvicorn.access | 85.106.157.114:0 - "GET /api/security/status HTTP/1.1" 200
2026-05-07 22:16:22,502 | INFO    | uvicorn.access | 127.0.0.1:51339 - "GET /api/internal/terminal/poll HTTP/1.1" 200
2026-05-07 22:16:23,302 | INFO    | uvicorn.access | 85.106.157.114:0 - "GET /api/terminal/history HTTP/1.1" 200
2026-05-07 22:16:23 | INFO    | remote.terminal | Kullanıcı mesajı kuyruğa eklendi (async): Çalışan uygulamaları bana say
2026-05-07 22:16:25,301 | INFO    | uvicorn.access | 85.106.157.114:0 - "GET /api/terminal/history HTTP/1.1" 200
2026-05-07 22:16:26,006 | INFO    | uvicorn.access | 127.0.0.1:51347 - "GET /api/internal/terminal/poll HTTP/1.1" 200
2026-05-07 22:16:26,301 | INFO    | uvicorn.access | 85.106.157.114:0 - "GET /api/security/status HTTP/1.1" 200
2026-05-07 22:16:26,302 | INFO    | uvicorn.access | 85.106.157.114:0 - "GET /api/system/status HTTP/1.1" 200
2026-05-07 22:16:27,299 | INFO    | uvicorn.access | 85.106.157.114:0 - "GET /api/terminal/history HTTP/1.1" 200
2026-05-07 22:16:29,296 | INFO    | uvicorn.access | 85.106.157.114:0 - "GET /api/terminal/history HTTP/1.1" 200
2026-05-07 22:16:29,508 | INFO    | uvicorn.access | 127.0.0.1:51351 - "GET /api/internal/terminal/poll HTTP/1.1" 200
2026-05-07 22:16:31,302 | INFO    | uvicorn.access | 85.106.157.114:0 - "GET /api/terminal/history HTTP/1.1" 200
2026-05-07 22:16:31,304 | INFO    | uvicorn.access | 85.106.157.114:0 - "GET /api/system/status HTTP/1.1" 200
2026-05-07 22:16:31,305 | INFO    | uvicorn.access | 85.106.157.114:0 - "GET /api/security/status HTTP/1.1" 200
2026-05-07 22:16:33,013 | INFO    | uvicorn.access | 127.0.0.1:51355 - "GET /api/internal/terminal/poll HTTP/1.1" 200
2026-05-07 22:16:33,313 | INFO    | uvicorn.access | 85.106.157.114:0 - "GET /api/terminal/history HTTP/1.1" 200
2026-05-07 22:16:35,323 | INFO    | uvicorn.access | 85.106.157.114:0 - "GET /api/terminal/history HTTP/1.1" 200
2026-05-07 22:16:36,301 | INFO    | uvicorn.access | 85.106.157.114:0 - "GET /api/system/status HTTP/1.1" 200
2026-05-07 22:16:36,303 | INFO    | uvicorn.access | 85.106.157.114:0 - "GET /api/security/status HTTP/1.1" 200
2026-05-07 22:16:36,517 | INFO    | uvicorn.access | 127.0.0.1:51360 - "GET /api/internal/terminal/poll HTTP/1.1" 200
2026-05-07 22:16:37,297 | INFO    | uvicorn.access | 85.106.157.114:0 - "GET /api/terminal/history HTTP/1.1" 200
2026-05-07 22:16:37 | INFO    | remote.terminal | Jarvis yanıtı alındı: Hemen kontrol ediyorum. Görev Yöneticisi'ni doğrud
2026-05-07 22:16:37,478 | INFO    | uvicorn.access | 127.0.0.1:51361 - "POST /api/internal/terminal/reply HTTP/1.1" 200
2026-05-07 22:16:37,478 | INFO    | uvicorn.access | 85.106.157.114:0 - "POST /api/terminal/send HTTP/1.1" 200
2026-05-07 22:16:39,296 | INFO    | uvicorn.access | 85.106.157.114:0 - "GET /api/terminal/history HTTP/1.1" 200
2026-05-07 22:16:40,023 | INFO    | uvicorn.access | 127.0.0.1:51364 - "GET /api/internal/terminal/poll HTTP/1.1" 200
2026-05-07 22:16:41,307 | INFO    | uvicorn.access | 85.106.157.114:0 - "GET /api/security/status HTTP/1.1" 200
2026-05-07 22:16:41,309 | INFO    | uvicorn.access | 85.106.157.114:0 - "GET /api/terminal/history HTTP/1.1" 200
2026-05-07 22:16:41,310 | INFO    | uvicorn.access | 85.106.157.114:0 - "GET /api/system/status HTTP/1.1" 200
2026-05-07 22:16:43,305 | INFO    | uvicorn.access | 85.106.157.114:0 - "GET /api/terminal/history HTTP/1.1" 200
2026-05-07 22:16:43,539 | INFO    | uvicorn.access | 127.0.0.1:51367 - "GET /api/internal/terminal/poll HTTP/1.1" 200
2026-05-07 22:16:45,297 | INFO    | uvicorn.access | 85.106.157.114:0 - "GET /api/terminal/history HTTP/1.1" 200
2026-05-07 22:16:45 | INFO    | remote.terminal | Kullanıcı mesajı kuyruğa eklendi (async): Dene Osman sorma demedimmi
2026-05-07 22:16:46,311 | INFO    | uvicorn.access | 85.106.157.114:0 - "GET /api/system/status HTTP/1.1" 200
2026-05-07 22:16:46,311 | INFO    | uvicorn.access | 85.106.157.114:0 - "GET /api/security/status HTTP/1.1" 200
2026-05-07 22:16:47,045 | INFO    | uvicorn.access | 127.0.0.1:51370 - "GET /api/internal/terminal/poll HTTP/1.1" 200
2026-05-07 22:16:47,293 | INFO    | uvicorn.access | 85.106.157.114:0 - "GET /api/terminal/history HTTP/1.1" 200
2026-05-07 22:16:49,306 | INFO    | uvicorn.access | 85.106.157.114:0 - "GET /api/terminal/history HTTP/1.1" 200
2026-05-07 22:16:50,535 | INFO    | uvicorn.access | 127.0.0.1:51376 - "GET /api/internal/terminal/poll HTTP/1.1" 200
2026-05-07 22:16:51,323 | INFO    | uvicorn.access | 85.106.157.114:0 - "GET /api/system/status HTTP/1.1" 200
2026-05-07 22:16:51,324 | INFO    | uvicorn.access | 85.106.157.114:0 - "GET /api/security/status HTTP/1.1" 200
2026-05-07 22:16:51,325 | INFO    | uvicorn.access | 85.106.157.114:0 - "GET /api/terminal/history HTTP/1.1" 200
2026-05-07 22:16:51 | INFO    | remote.terminal | Jarvis yanıtı alındı: Anlaşıldı. Deniyorum.
2026-05-07 22:16:51,571 | INFO    | uvicorn.access | 127.0.0.1:51379 - "POST /api/internal/terminal/reply HTTP/1.1" 200
2026-05-07 22:16:51,571 | INFO    | uvicorn.access | 85.106.157.114:0 - "POST /api/terminal/send HTTP/1.1" 200
2026-05-07 22:16:53,297 | INFO    | uvicorn.access | 85.106.157.114:0 - "GET /api/terminal/history HTTP/1.1" 200
2026-05-07 22:16:54,034 | INFO    | uvicorn.access | 127.0.0.1:51381 - "GET /api/internal/terminal/poll HTTP/1.1" 200
2026-05-07 22:16:55,302 | INFO    | uvicorn.access | 85.106.157.114:0 - "GET /api/terminal/history HTTP/1.1" 200
2026-05-07 22:16:56,293 | INFO    | uvicorn.access | 85.106.157.114:0 - "GET /api/system/status HTTP/1.1" 200
2026-05-07 22:16:56,298 | INFO    | uvicorn.access | 85.106.157.114:0 - "GET /api/security/status HTTP/1.1" 200
2026-05-07 22:16:57,302 | INFO    | uvicorn.access | 85.106.157.114:0 - "GET /api/terminal/history HTTP/1.1" 200
2026-05-07 22:16:57,539 | INFO    | uvicorn.access | 127.0.0.1:51383 - "GET /api/internal/terminal/poll HTTP/1.1" 200
2026-05-07 22:16:59,293 | INFO    | uvicorn.access | 85.106.157.114:0 - "GET /api/terminal/history HTTP/1.1" 200
2026-05-07 22:17:01,046 | INFO    | uvicorn.access | 127.0.0.1:51385 - "GET /api/internal/terminal/poll HTTP/1.1" 200
2026-05-07 22:17:01,302 | INFO    | uvicorn.access | 85.106.157.114:0 - "GET /api/system/status HTTP/1.1" 200
2026-05-07 22:17:01,303 | INFO    | uvicorn.access | 85.106.157.114:0 - "GET /api/security/status HTTP/1.1" 200
2026-05-07 22:17:01,305 | INFO    | uvicorn.access | 85.106.157.114:0 - "GET /api/terminal/history HTTP/1.1" 200
2026-05-07 22:17:03,299 | INFO    | uvicorn.access | 85.106.157.114:0 - "GET /api/terminal/history HTTP/1.1" 200
2026-05-07 22:17:04,534 | INFO    | uvicorn.access | 127.0.0.1:51387 - "GET /api/internal/terminal/poll HTTP/1.1" 200
2026-05-07 22:17:05,302 | INFO    | uvicorn.access | 85.106.157.114:0 - "GET /api/terminal/history HTTP/1.1" 200
2026-05-07 22:17:06,310 | INFO    | uvicorn.access | 85.106.157.114:0 - "GET /api/system/status HTTP/1.1" 200
2026-05-07 22:17:06,313 | INFO    | uvicorn.access | 85.106.157.114:0 - "GET /api/security/status HTTP/1.1" 200
2026-05-07 22:17:07 | INFO    | remote.terminal | Kullanıcı mesajı kuyruğa eklendi (async): Türkçe soyle
2026-05-07 22:17:07,368 | INFO    | uvicorn.access | 85.106.157.114:0 - "GET /api/terminal/history HTTP/1.1" 200
2026-05-07 22:17:08,051 | INFO    | uvicorn.access | 127.0.0.1:51390 - "GET /api/internal/terminal/poll HTTP/1.1" 200
2026-05-07 22:17:09,303 | INFO    | uvicorn.access | 85.106.157.114:0 - "GET /api/terminal/history HTTP/1.1" 200
2026-05-07 22:17:11,311 | INFO    | uvicorn.access | 85.106.157.114:0 - "GET /api/system/status HTTP/1.1" 200
2026-05-07 22:17:11,314 | INFO    | uvicorn.access | 85.106.157.114:0 - "GET /api/security/status HTTP/1.1" 200
2026-05-07 22:17:11,316 | INFO    | uvicorn.access | 85.106.157.114:0 - "GET /api/terminal/history HTTP/1.1" 200
2026-05-07 22:17:11,540 | INFO    | uvicorn.access | 127.0.0.1:51393 - "GET /api/internal/terminal/poll HTTP/1.1" 200
2026-05-07 22:17:13,297 | INFO    | uvicorn.access | 85.106.157.114:0 - "GET /api/terminal/history HTTP/1.1" 200
2026-05-07 22:17:15,045 | INFO    | uvicorn.access | 127.0.0.1:51396 - "GET /api/internal/terminal/poll HTTP/1.1" 200
2026-05-07 22:17:15,384 | INFO    | uvicorn.access | 85.106.157.114:0 - "GET /api/terminal/history HTTP/1.1" 200
2026-05-07 22:17:16,300 | INFO    | uvicorn.access | 85.106.157.114:0 - "GET /api/security/status HTTP/1.1" 200
2026-05-07 22:17:16,301 | INFO    | uvicorn.access | 85.106.157.114:0 - "GET /api/system/status HTTP/1.1" 200
2026-05-07 22:17:17,299 | INFO    | uvicorn.access | 85.106.157.114:0 - "GET /api/terminal/history HTTP/1.1" 200
2026-05-07 22:17:18,550 | INFO    | uvicorn.access | 127.0.0.1:51399 - "GET /api/internal/terminal/poll HTTP/1.1" 200
2026-05-07 22:17:19,297 | INFO    | uvicorn.access | 85.106.157.114:0 - "GET /api/terminal/history HTTP/1.1" 200
2026-05-07 22:17:20 | INFO    | remote.terminal | Jarvis yanıtı alındı: Anladım. Bundan sonra Türkçe yanıtlayacağım. Ancak
2026-05-07 22:17:20,389 | INFO    | uvicorn.access | 127.0.0.1:51401 - "POST /api/internal/terminal/reply HTTP/1.1" 200
2026-05-07 22:17:20,389 | INFO    | uvicorn.access | 85.106.157.114:0 - "POST /api/terminal/send HTTP/1.1" 200
2026-05-07 22:17:21,303 | INFO    | uvicorn.access | 85.106.157.114:0 - "GET /api/security/status HTTP/1.1" 200
2026-05-07 22:17:21,304 | INFO    | uvicorn.access | 85.106.157.114:0 - "GET /api/terminal/history HTTP/1.1" 200
2026-05-07 22:17:21,305 | INFO    | uvicorn.access | 85.106.157.114:0 - "GET /api/system/status HTTP/1.1" 200
2026-05-07 22:17:22,052 | INFO    | uvicorn.access | 127.0.0.1:51403 - "GET /api/internal/terminal/poll HTTP/1.1" 200
2026-05-07 22:17:23,300 | INFO    | uvicorn.access | 85.106.157.114:0 - "GET /api/terminal/history HTTP/1.1" 200
2026-05-07 22:17:25,298 | INFO    | uvicorn.access | 85.106.157.114:0 - "GET /api/terminal/history HTTP/1.1" 200
2026-05-07 22:17:25,558 | INFO    | uvicorn.access | 127.0.0.1:51407 - "GET /api/internal/terminal/poll HTTP/1.1" 200
2026-05-07 22:17:26,317 | INFO    | uvicorn.access | 85.106.157.114:0 - "GET /api/system/status HTTP/1.1" 200
2026-05-07 22:17:26,318 | INFO    | uvicorn.access | 85.106.157.114:0 - "GET /api/security/status HTTP/1.1" 200
2026-05-07 22:17:27,299 | INFO    | uvicorn.access | 85.106.157.114:0 - "GET /api/terminal/history HTTP/1.1" 200
2026-05-07 22:17:28 | INFO    | remote.terminal | Kullanıcı mesajı kuyruğa eklendi (async): Çevir ozaman ne dediyse
2026-05-07 22:17:29,044 | INFO    | uvicorn.access | 127.0.0.1:51413 - "GET /api/internal/terminal/poll HTTP/1.1" 200
2026-05-07 22:17:29,295 | INFO    | uvicorn.access | 85.106.157.114:0 - "GET /api/terminal/history HTTP/1.1" 200
2026-05-07 22:17:31,304 | INFO    | uvicorn.access | 85.106.157.114:0 - "GET /api/security/status HTTP/1.1" 200
2026-05-07 22:17:31,305 | INFO    | uvicorn.access | 85.106.157.114:0 - "GET /api/terminal/history HTTP/1.1" 200
2026-05-07 22:17:31,325 | INFO    | uvicorn.access | 85.106.157.114:0 - "GET /api/system/status HTTP/1.1" 200
2026-05-07 22:17:32,549 | INFO    | uvicorn.access | 127.0.0.1:51418 - "GET /api/internal/terminal/poll HTTP/1.1" 200
2026-05-07 22:17:33,332 | INFO    | uvicorn.access | 85.106.157.114:0 - "GET /api/terminal/history HTTP/1.1" 200
2026-05-07 22:17:35,297 | INFO    | uvicorn.access | 85.106.157.114:0 - "GET /api/terminal/history HTTP/1.1" 200
2026-05-07 22:17:36,055 | INFO    | uvicorn.access | 127.0.0.1:51420 - "GET /api/internal/terminal/poll HTTP/1.1" 200
2026-05-07 22:17:36,300 | INFO    | uvicorn.access | 85.106.157.114:0 - "GET /api/security/status HTTP/1.1" 200
2026-05-07 22:17:36,302 | INFO    | uvicorn.access | 85.106.157.114:0 - "GET /api/system/status HTTP/1.1" 200
2026-05-07 22:17:37,299 | INFO    | uvicorn.access | 85.106.157.114:0 - "GET /api/terminal/history HTTP/1.1" 200
2026-05-07 22:17:39,306 | INFO    | uvicorn.access | 85.106.157.114:0 - "GET /api/terminal/history HTTP/1.1" 200
2026-05-07 22:17:39,571 | INFO    | uvicorn.access | 127.0.0.1:51425 - "GET /api/internal/terminal/poll HTTP/1.1" 200
2026-05-07 22:17:40 | INFO    | remote.terminal | Jarvis yanıtı alındı: Görsel analiz modülü doğrudan konuştuğu için ne de
2026-05-07 22:17:40,182 | INFO    | uvicorn.access | 127.0.0.1:51426 - "POST /api/internal/terminal/reply HTTP/1.1" 200
2026-05-07 22:17:40,182 | INFO    | uvicorn.access | 85.106.157.114:0 - "POST /api/terminal/send HTTP/1.1" 200
2026-05-07 22:17:41,299 | INFO    | uvicorn.access | 85.106.157.114:0 - "GET /api/system/status HTTP/1.1" 200
2026-05-07 22:17:41,302 | INFO    | uvicorn.access | 85.106.157.114:0 - "GET /api/terminal/history HTTP/1.1" 200
2026-05-07 22:17:41,303 | INFO    | uvicorn.access | 85.106.157.114:0 - "GET /api/security/status HTTP/1.1" 200
2026-05-07 22:17:43,077 | INFO    | uvicorn.access | 127.0.0.1:51428 - "GET /api/internal/terminal/poll HTTP/1.1" 200
2026-05-07 22:17:43,299 | INFO    | uvicorn.access | 85.106.157.114:0 - "GET /api/terminal/history HTTP/1.1" 200
2026-05-07 22:17:45,304 | INFO    | uvicorn.access | 85.106.157.114:0 - "GET /api/terminal/history HTTP/1.1" 200
2026-05-07 22:17:46,311 | INFO    | uvicorn.access | 85.106.157.114:0 - "GET /api/security/status HTTP/1.1" 200
2026-05-07 22:17:46,313 | INFO    | uvicorn.access | 85.106.157.114:0 - "GET /api/system/status HTTP/1.1" 200
2026-05-07 22:17:46,579 | INFO    | uvicorn.access | 127.0.0.1:51431 - "GET /api/internal/terminal/poll HTTP/1.1" 200
2026-05-07 22:17:47,318 | INFO    | uvicorn.access | 85.106.157.114:0 - "GET /api/terminal/history HTTP/1.1" 200
2026-05-07 22:17:49,323 | INFO    | uvicorn.access | 85.106.157.114:0 - "GET /api/terminal/history HTTP/1.1" 200
2026-05-07 22:17:50,084 | INFO    | uvicorn.access | 127.0.0.1:51433 - "GET /api/internal/terminal/poll HTTP/1.1" 200
2026-05-07 22:17:51,309 | INFO    | uvicorn.access | 85.106.157.114:0 - "GET /api/terminal/history HTTP/1.1" 200
2026-05-07 22:17:51,314 | INFO    | uvicorn.access | 85.106.157.114:0 - "GET /api/system/status HTTP/1.1" 200
2026-05-07 22:17:51,315 | INFO    | uvicorn.access | 85.106.157.114:0 - "GET /api/security/status HTTP/1.1" 200
2026-05-07 22:17:53 | INFO    | remote.terminal | Kullanıcı mesajı kuyruğa eklendi (async): Bana en etkileyici özelliğini soyle
2026-05-07 22:17:53,296 | INFO    | uvicorn.access | 85.106.157.114:0 - "GET /api/terminal/history HTTP/1.1" 200
2026-05-07 22:17:53,587 | INFO    | uvicorn.access | 127.0.0.1:51435 - "GET /api/internal/terminal/poll HTTP/1.1" 200
2026-05-07 22:17:55,310 | INFO    | uvicorn.access | 85.106.157.114:0 - "GET /api/terminal/history HTTP/1.1" 200
2026-05-07 22:17:56,302 | INFO    | uvicorn.access | 85.106.157.114:0 - "GET /api/system/status HTTP/1.1" 200
2026-05-07 22:17:56,303 | INFO    | uvicorn.access | 85.106.157.114:0 - "GET /api/security/status HTTP/1.1" 200
2026-05-07 22:17:57,091 | INFO    | uvicorn.access | 127.0.0.1:51438 - "GET /api/internal/terminal/poll HTTP/1.1" 200
2026-05-07 22:17:57,301 | INFO    | uvicorn.access | 85.106.157.114:0 - "GET /api/terminal/history HTTP/1.1" 200
2026-05-07 22:17:59,303 | INFO    | uvicorn.access | 85.106.157.114:0 - "GET /api/terminal/history HTTP/1.1" 200
2026-05-07 22:18:00,580 | INFO    | uvicorn.access | 127.0.0.1:51440 - "GET /api/internal/terminal/poll HTTP/1.1" 200
2026-05-07 22:18:01,313 | INFO    | uvicorn.access | 85.106.157.114:0 - "GET /api/terminal/history HTTP/1.1" 200
2026-05-07 22:18:01,314 | INFO    | uvicorn.access | 85.106.157.114:0 - "GET /api/system/status HTTP/1.1" 200
2026-05-07 22:18:01,316 | INFO    | uvicorn.access | 85.106.157.114:0 - "GET /api/security/status HTTP/1.1" 200
2026-05-07 22:18:03,307 | INFO    | uvicorn.access | 85.106.157.114:0 - "GET /api/terminal/history HTTP/1.1" 200
2026-05-07 22:18:04,087 | INFO    | uvicorn.access | 127.0.0.1:51443 - "GET /api/internal/terminal/poll HTTP/1.1" 200
2026-05-07 22:18:05,300 | INFO    | uvicorn.access | 85.106.157.114:0 - "GET /api/terminal/history HTTP/1.1" 200
2026-05-07 22:18:06,305 | INFO    | uvicorn.access | 85.106.157.114:0 - "GET /api/system/status HTTP/1.1" 200
2026-05-07 22:18:06,308 | INFO    | uvicorn.access | 85.106.157.114:0 - "GET /api/security/status HTTP/1.1" 200
2026-05-07 22:18:07,323 | INFO    | uvicorn.access | 85.106.157.114:0 - "GET /api/terminal/history HTTP/1.1" 200
2026-05-07 22:18:07,590 | INFO    | uvicorn.access | 127.0.0.1:51447 - "GET /api/internal/terminal/poll HTTP/1.1" 200
2026-05-07 22:18:08,136 | INFO    | uvicorn.access | 85.106.157.114:0 - "POST /api/terminal/send HTTP/1.1" 200
2026-05-07 22:18:08 | INFO    | remote.terminal | Jarvis yanıtı alındı: En etkileyici özelliğim, kapsamlı bilgilere hızlı 
2026-05-07 22:18:08,420 | INFO    | uvicorn.access | 127.0.0.1:51448 - "POST /api/internal/terminal/reply HTTP/1.1" 200
2026-05-07 22:18:09,302 | INFO    | uvicorn.access | 85.106.157.114:0 - "GET /api/terminal/history HTTP/1.1" 200
2026-05-07 22:18:11,106 | INFO    | uvicorn.access | 127.0.0.1:51450 - "GET /api/internal/terminal/poll HTTP/1.1" 200
2026-05-07 22:18:11,305 | INFO    | uvicorn.access | 85.106.157.114:0 - "GET /api/terminal/history HTTP/1.1" 200
2026-05-07 22:18:11,306 | INFO    | uvicorn.access | 85.106.157.114:0 - "GET /api/system/status HTTP/1.1" 200
2026-05-07 22:18:11,307 | INFO    | uvicorn.access | 85.106.157.114:0 - "GET /api/security/status HTTP/1.1" 200
2026-05-07 22:18:13,305 | INFO    | uvicorn.access | 85.106.157.114:0 - "GET /api/terminal/history HTTP/1.1" 200
2026-05-07 22:18:14,597 | INFO    | uvicorn.access | 127.0.0.1:51454 - "GET /api/internal/terminal/poll HTTP/1.1" 200
2026-05-07 22:18:15,302 | INFO    | uvicorn.access | 85.106.157.114:0 - "GET /api/terminal/history HTTP/1.1" 200
2026-05-07 22:18:16,298 | INFO    | uvicorn.access | 85.106.157.114:0 - "GET /api/security/status HTTP/1.1" 200
2026-05-07 22:18:16,302 | INFO    | uvicorn.access | 85.106.157.114:0 - "GET /api/system/status HTTP/1.1" 200
2026-05-07 22:18:17,305 | INFO    | uvicorn.access | 85.106.157.114:0 - "GET /api/terminal/history HTTP/1.1" 200
2026-05-07 22:18:18,100 | INFO    | uvicorn.access | 127.0.0.1:51456 - "GET /api/internal/terminal/poll HTTP/1.1" 200
2026-05-07 22:18:19,306 | INFO    | uvicorn.access | 85.106.157.114:0 - "GET /api/terminal/history HTTP/1.1" 200
2026-05-07 22:18:19 | INFO    | remote.terminal | Kullanıcı mesajı kuyruğa eklendi (async): Senin bir web siten var biliyonmu
2026-05-07 22:18:21,312 | INFO    | uvicorn.access | 85.106.157.114:0 - "GET /api/terminal/history HTTP/1.1" 200
2026-05-07 22:18:21,314 | INFO    | uvicorn.access | 85.106.157.114:0 - "GET /api/security/status HTTP/1.1" 200
2026-05-07 22:18:21,317 | INFO    | uvicorn.access | 85.106.157.114:0 - "GET /api/system/status HTTP/1.1" 200
2026-05-07 22:18:21,588 | INFO    | uvicorn.access | 127.0.0.1:51459 - "GET /api/internal/terminal/poll HTTP/1.1" 200
2026-05-07 22:18:23,300 | INFO    | uvicorn.access | 85.106.157.114:0 - "GET /api/terminal/history HTTP/1.1" 200
2026-05-07 22:18:25,108 | INFO    | uvicorn.access | 127.0.0.1:51463 - "GET /api/internal/terminal/poll HTTP/1.1" 200
2026-05-07 22:18:25,309 | INFO    | uvicorn.access | 85.106.157.114:0 - "GET /api/terminal/history HTTP/1.1" 200
2026-05-07 22:18:26,310 | INFO    | uvicorn.access | 85.106.157.114:0 - "GET /api/system/status HTTP/1.1" 200
2026-05-07 22:18:26,311 | INFO    | uvicorn.access | 85.106.157.114:0 - "GET /api/security/status HTTP/1.1" 200
2026-05-07 22:18:27,302 | INFO    | uvicorn.access | 85.106.157.114:0 - "GET /api/terminal/history HTTP/1.1" 200
2026-05-07 22:18:28,614 | INFO    | uvicorn.access | 127.0.0.1:51467 - "GET /api/internal/terminal/poll HTTP/1.1" 200
2026-05-07 22:18:29,303 | INFO    | uvicorn.access | 85.106.157.114:0 - "GET /api/terminal/history HTTP/1.1" 200
2026-05-07 22:18:30 | INFO    | remote.terminal | Jarvis yanıtı alındı: Bir web sitem yok. Ben Google tarafından geliştiri
2026-05-07 22:18:30,133 | INFO    | uvicorn.access | 127.0.0.1:51469 - "POST /api/internal/terminal/reply HTTP/1.1" 200
2026-05-07 22:18:30,134 | INFO    | uvicorn.access | 85.106.157.114:0 - "POST /api/terminal/send HTTP/1.1" 200
2026-05-07 22:18:31,312 | INFO    | uvicorn.access | 85.106.157.114:0 - "GET /api/terminal/history HTTP/1.1" 200
2026-05-07 22:18:31,313 | INFO    | uvicorn.access | 85.106.157.114:0 - "GET /api/system/status HTTP/1.1" 200
2026-05-07 22:18:31,313 | INFO    | uvicorn.access | 85.106.157.114:0 - "GET /api/security/status HTTP/1.1" 200
2026-05-07 22:18:32,116 | INFO    | uvicorn.access | 127.0.0.1:51475 - "GET /api/internal/terminal/poll HTTP/1.1" 200
2026-05-07 22:18:33,315 | INFO    | uvicorn.access | 85.106.157.114:0 - "GET /api/terminal/history HTTP/1.1" 200
2026-05-07 22:18:35,323 | INFO    | uvicorn.access | 85.106.157.114:0 - "GET /api/terminal/history HTTP/1.1" 200
2026-05-07 22:18:35,620 | INFO    | uvicorn.access | 127.0.0.1:51479 - "GET /api/internal/terminal/poll HTTP/1.1" 200
2026-05-07 22:18:36,315 | INFO    | uvicorn.access | 85.106.157.114:0 - "GET /api/security/status HTTP/1.1" 200
2026-05-07 22:18:36,316 | INFO    | uvicorn.access | 85.106.157.114:0 - "GET /api/system/status HTTP/1.1" 200
2026-05-07 22:18:37,316 | INFO    | uvicorn.access | 85.106.157.114:0 - "GET /api/terminal/history HTTP/1.1" 200
2026-05-07 22:18:39,125 | INFO    | uvicorn.access | 127.0.0.1:51483 - "GET /api/internal/terminal/poll HTTP/1.1" 200
2026-05-07 22:18:39,327 | INFO    | uvicorn.access | 85.106.157.114:0 - "GET /api/terminal/history HTTP/1.1" 200
2026-05-07 22:18:41,306 | INFO    | uvicorn.access | 85.106.157.114:0 - "GET /api/system/status HTTP/1.1" 200
2026-05-07 22:18:41,308 | INFO    | uvicorn.access | 85.106.157.114:0 - "GET /api/terminal/history HTTP/1.1" 200
2026-05-07 22:18:41,309 | INFO    | uvicorn.access | 85.106.157.114:0 - "GET /api/security/status HTTP/1.1" 200
2026-05-07 22:18:42,629 | INFO    | uvicorn.access | 127.0.0.1:51485 - "GET /api/internal/terminal/poll HTTP/1.1" 200
2026-05-07 22:18:43,304 | INFO    | uvicorn.access | 85.106.157.114:0 - "GET /api/terminal/history HTTP/1.1" 200
2026-05-07 22:18:45,323 | INFO    | uvicorn.access | 85.106.157.114:0 - "GET /api/terminal/history HTTP/1.1" 200
2026-05-07 22:18:46,132 | INFO    | uvicorn.access | 127.0.0.1:51487 - "GET /api/internal/terminal/poll HTTP/1.1" 200
2026-05-07 22:18:46,302 | INFO    | uvicorn.access | 85.106.157.114:0 - "GET /api/system/status HTTP/1.1" 200
2026-05-07 22:18:46,303 | INFO    | uvicorn.access | 85.106.157.114:0 - "GET /api/security/status HTTP/1.1" 200
2026-05-07 22:18:47,295 | INFO    | uvicorn.access | 85.106.157.114:0 - "GET /api/terminal/history HTTP/1.1" 200
2026-05-07 22:18:49,327 | INFO    | uvicorn.access | 85.106.157.114:0 - "GET /api/terminal/history HTTP/1.1" 200
2026-05-07 22:18:49,636 | INFO    | uvicorn.access | 127.0.0.1:51491 - "GET /api/internal/terminal/poll HTTP/1.1" 200
2026-05-07 22:18:51,311 | INFO    | uvicorn.access | 85.106.157.114:0 - "GET /api/terminal/history HTTP/1.1" 200
2026-05-07 22:18:51,313 | INFO    | uvicorn.access | 85.106.157.114:0 - "GET /api/system/status HTTP/1.1" 200
2026-05-07 22:18:51,314 | INFO    | uvicorn.access | 85.106.157.114:0 - "GET /api/security/status HTTP/1.1" 200
2026-05-07 22:18:53,138 | INFO    | uvicorn.access | 127.0.0.1:51495 - "GET /api/internal/terminal/poll HTTP/1.1" 200
2026-05-07 22:18:53,300 | INFO    | uvicorn.access | 85.106.157.114:0 - "GET /api/terminal/history HTTP/1.1" 200
2026-05-07 22:18:55,303 | INFO    | uvicorn.access | 85.106.157.114:0 - "GET /api/terminal/history HTTP/1.1" 200
2026-05-07 22:18:56,330 | INFO    | uvicorn.access | 85.106.157.114:0 - "GET /api/system/status HTTP/1.1" 200
2026-05-07 22:18:56,332 | INFO    | uvicorn.access | 85.106.157.114:0 - "GET /api/security/status HTTP/1.1" 200
2026-05-07 22:18:56,627 | INFO    | uvicorn.access | 127.0.0.1:51499 - "GET /api/internal/terminal/poll HTTP/1.1" 200
2026-05-07 22:18:57,297 | INFO    | uvicorn.access | 85.106.157.114:0 - "GET /api/terminal/history HTTP/1.1" 200
2026-05-07 22:18:59,308 | INFO    | uvicorn.access | 85.106.157.114:0 - "GET /api/terminal/history HTTP/1.1" 200
2026-05-07 22:19:00,132 | INFO    | uvicorn.access | 127.0.0.1:51501 - "GET /api/internal/terminal/poll HTTP/1.1" 200
2026-05-07 22:19:01,308 | INFO    | uvicorn.access | 85.106.157.114:0 - "GET /api/system/status HTTP/1.1" 200
2026-05-07 22:19:01,310 | INFO    | uvicorn.access | 85.106.157.114:0 - "GET /api/terminal/history HTTP/1.1" 200
2026-05-07 22:19:01,310 | INFO    | uvicorn.access | 85.106.157.114:0 - "GET /api/security/status HTTP/1.1" 200
2026-05-07 22:19:03,303 | INFO    | uvicorn.access | 85.106.157.114:0 - "GET /api/terminal/history HTTP/1.1" 200
2026-05-07 22:19:03,636 | INFO    | uvicorn.access | 127.0.0.1:51504 - "GET /api/internal/terminal/poll HTTP/1.1" 200
2026-05-07 22:19:05,299 | INFO    | uvicorn.access | 85.106.157.114:0 - "GET /api/terminal/history HTTP/1.1" 200
2026-05-07 22:19:06,302 | INFO    | uvicorn.access | 85.106.157.114:0 - "GET /api/system/status HTTP/1.1" 200
2026-05-07 22:19:06,307 | INFO    | uvicorn.access | 85.106.157.114:0 - "GET /api/security/status HTTP/1.1" 200
2026-05-07 22:19:07,127 | INFO    | uvicorn.access | 127.0.0.1:51509 - "GET /api/internal/terminal/poll HTTP/1.1" 200
2026-05-07 22:19:07,306 | INFO    | uvicorn.access | 85.106.157.114:0 - "GET /api/terminal/history HTTP/1.1" 200
2026-05-07 22:19:09,326 | INFO    | uvicorn.access | 85.106.157.114:0 - "GET /api/terminal/history HTTP/1.1" 200
2026-05-07 22:19:10,630 | INFO    | uvicorn.access | 127.0.0.1:51511 - "GET /api/internal/terminal/poll HTTP/1.1" 200
2026-05-07 22:19:11,358 | INFO    | uvicorn.access | 85.106.157.114:0 - "GET /api/system/status HTTP/1.1" 200
2026-05-07 22:19:11,361 | INFO    | uvicorn.access | 85.106.157.114:0 - "GET /api/terminal/history HTTP/1.1" 200
2026-05-07 22:19:11,361 | INFO    | uvicorn.access | 85.106.157.114:0 - "GET /api/security/status HTTP/1.1" 200
2026-05-07 22:19:13,299 | INFO    | uvicorn.access | 85.106.157.114:0 - "GET /api/terminal/history HTTP/1.1" 200
2026-05-07 22:19:14,135 | INFO    | uvicorn.access | 127.0.0.1:51515 - "GET /api/internal/terminal/poll HTTP/1.1" 200
2026-05-07 22:19:15,332 | INFO    | uvicorn.access | 85.106.157.114:0 - "GET /api/terminal/history HTTP/1.1" 200
2026-05-07 22:19:16,305 | INFO    | uvicorn.access | 85.106.157.114:0 - "GET /api/system/status HTTP/1.1" 200
2026-05-07 22:19:16,306 | INFO    | uvicorn.access | 85.106.157.114:0 - "GET /api/security/status HTTP/1.1" 200
2026-05-07 22:19:17,299 | INFO    | uvicorn.access | 85.106.157.114:0 - "GET /api/terminal/history HTTP/1.1" 200
2026-05-07 22:19:17,651 | INFO    | uvicorn.access | 127.0.0.1:51517 - "GET /api/internal/terminal/poll HTTP/1.1" 200
2026-05-07 22:19:19,324 | INFO    | uvicorn.access | 85.106.157.114:0 - "GET /api/terminal/history HTTP/1.1" 200
2026-05-07 22:19:21,142 | INFO    | uvicorn.access | 127.0.0.1:51520 - "GET /api/internal/terminal/poll HTTP/1.1" 200
2026-05-07 22:19:21,334 | INFO    | uvicorn.access | 85.106.157.114:0 - "GET /api/terminal/history HTTP/1.1" 200
2026-05-07 22:19:21,335 | INFO    | uvicorn.access | 85.106.157.114:0 - "GET /api/system/status HTTP/1.1" 200
2026-05-07 22:19:21,336 | INFO    | uvicorn.access | 85.106.157.114:0 - "GET /api/security/status HTTP/1.1" 200
2026-05-07 22:19:23,323 | INFO    | uvicorn.access | 85.106.157.114:0 - "GET /api/terminal/history HTTP/1.1" 200
2026-05-07 22:19:24,628 | INFO    | uvicorn.access | 127.0.0.1:51526 - "GET /api/internal/terminal/poll HTTP/1.1" 200
2026-05-07 22:19:25,301 | INFO    | uvicorn.access | 85.106.157.114:0 - "GET /api/terminal/history HTTP/1.1" 200
2026-05-07 22:19:26,310 | INFO    | uvicorn.access | 85.106.157.114:0 - "GET /api/security/status HTTP/1.1" 200
2026-05-07 22:19:26,311 | INFO    | uvicorn.access | 85.106.157.114:0 - "GET /api/system/status HTTP/1.1" 200
2026-05-07 22:19:27,310 | INFO    | uvicorn.access | 85.106.157.114:0 - "GET /api/terminal/history HTTP/1.1" 200
2026-05-07 22:19:28,134 | INFO    | uvicorn.access | 127.0.0.1:51528 - "GET /api/internal/terminal/poll HTTP/1.1" 200
2026-05-07 22:19:28 | INFO    | remote.terminal | Kullanıcı mesajı kuyruğa eklendi (async): Hayır ben sana demiyorum seni çalıştıran jarvise d
2026-05-07 22:19:29,301 | INFO    | uvicorn.access | 85.106.157.114:0 - "GET /api/terminal/history HTTP/1.1" 200
2026-05-07 22:19:31,326 | INFO    | uvicorn.access | 85.106.157.114:0 - "GET /api/security/status HTTP/1.1" 200
2026-05-07 22:19:31,328 | INFO    | uvicorn.access | 85.106.157.114:0 - "GET /api/system/status HTTP/1.1" 200
2026-05-07 22:19:31,329 | INFO    | uvicorn.access | 85.106.157.114:0 - "GET /api/terminal/history HTTP/1.1" 200
2026-05-07 22:19:31,636 | INFO    | uvicorn.access | 127.0.0.1:51532 - "GET /api/internal/terminal/poll HTTP/1.1" 200
2026-05-07 22:19:33,304 | INFO    | uvicorn.access | 85.106.157.114:0 - "GET /api/terminal/history HTTP/1.1" 200
2026-05-07 22:19:35,142 | INFO    | uvicorn.access | 127.0.0.1:51538 - "GET /api/internal/terminal/poll HTTP/1.1" 200
2026-05-07 22:19:35,302 | INFO    | uvicorn.access | 85.106.157.114:0 - "GET /api/terminal/history HTTP/1.1" 200
2026-05-07 22:19:36,333 | INFO    | uvicorn.access | 85.106.157.114:0 - "GET /api/system/status HTTP/1.1" 200
2026-05-07 22:19:36,337 | INFO    | uvicorn.access | 85.106.157.114:0 - "GET /api/security/status HTTP/1.1" 200
2026-05-07 22:19:37,301 | INFO    | uvicorn.access | 85.106.157.114:0 - "GET /api/terminal/history HTTP/1.1" 200
2026-05-07 22:19:38,646 | INFO    | uvicorn.access | 127.0.0.1:51547 - "GET /api/internal/terminal/poll HTTP/1.1" 200
2026-05-07 22:19:39,308 | INFO    | uvicorn.access | 85.106.157.114:0 - "GET /api/terminal/history HTTP/1.1" 200
2026-05-07 22:19:41,342 | INFO    | uvicorn.access | 85.106.157.114:0 - "GET /api/security/status HTTP/1.1" 200
2026-05-07 22:19:41,343 | INFO    | uvicorn.access | 85.106.157.114:0 - "GET /api/system/status HTTP/1.1" 200
2026-05-07 22:19:41,344 | INFO    | uvicorn.access | 85.106.157.114:0 - "GET /api/terminal/history HTTP/1.1" 200
2026-05-07 22:19:42,148 | INFO    | uvicorn.access | 127.0.0.1:51550 - "GET /api/internal/terminal/poll HTTP/1.1" 200
2026-05-07 22:19:43,256 | INFO    | uvicorn.access | 85.106.157.114:0 - "POST /api/terminal/send HTTP/1.1" 200
2026-05-07 22:19:43,309 | INFO    | uvicorn.access | 85.106.157.114:0 - "GET /api/terminal/history HTTP/1.1" 200
2026-05-07 22:19:45,324 | INFO    | uvicorn.access | 85.106.157.114:0 - "GET /api/terminal/history HTTP/1.1" 200
2026-05-07 22:19:45,635 | INFO    | uvicorn.access | 127.0.0.1:51552 - "GET /api/internal/terminal/poll HTTP/1.1" 200
2026-05-07 22:19:46,307 | INFO    | uvicorn.access | 85.106.157.114:0 - "GET /api/system/status HTTP/1.1" 200
2026-05-07 22:19:46,308 | INFO    | uvicorn.access | 85.106.157.114:0 - "GET /api/security/status HTTP/1.1" 200
2026-05-07 22:19:47,303 | INFO    | uvicorn.access | 85.106.157.114:0 - "GET /api/terminal/history HTTP/1.1" 200
2026-05-07 22:19:49,139 | INFO    | uvicorn.access | 127.0.0.1:51554 - "GET /api/internal/terminal/poll HTTP/1.1" 200
2026-05-07 22:19:49,303 | INFO    | uvicorn.access | 85.106.157.114:0 - "GET /api/terminal/history HTTP/1.1" 200
2026-05-07 22:19:51,312 | INFO    | uvicorn.access | 85.106.157.114:0 - "GET /api/system/status HTTP/1.1" 200
2026-05-07 22:19:51,314 | INFO    | uvicorn.access | 85.106.157.114:0 - "GET /api/terminal/history HTTP/1.1" 200
2026-05-07 22:19:51,314 | INFO    | uvicorn.access | 85.106.157.114:0 - "GET /api/security/status HTTP/1.1" 200
2026-05-07 22:19:52,628 | INFO    | uvicorn.access | 127.0.0.1:51558 - "GET /api/internal/terminal/poll HTTP/1.1" 200
2026-05-07 22:19:53,301 | INFO    | uvicorn.access | 85.106.157.114:0 - "GET /api/terminal/history HTTP/1.1" 200
2026-05-07 22:19:55,304 | INFO    | uvicorn.access | 85.106.157.114:0 - "GET /api/terminal/history HTTP/1.1" 200
2026-05-07 22:19:56,135 | INFO    | uvicorn.access | 127.0.0.1:51562 - "GET /api/internal/terminal/poll HTTP/1.1" 200
2026-05-07 22:19:56,311 | INFO    | uvicorn.access | 85.106.157.114:0 - "GET /api/system/status HTTP/1.1" 200
2026-05-07 22:19:56,312 | INFO    | uvicorn.access | 85.106.157.114:0 - "GET /api/security/status HTTP/1.1" 200
2026-05-07 22:19:57,311 | INFO    | uvicorn.access | 85.106.157.114:0 - "GET /api/terminal/history HTTP/1.1" 200
2026-05-07 22:19:57 | INFO    | remote.terminal | Jarvis yanıtı alındı: Anladım. Demir Adam filmlerindeki JARVIS karakteri
2026-05-07 22:19:57,382 | INFO    | uvicorn.access | 127.0.0.1:51563 - "POST /api/internal/terminal/reply HTTP/1.1" 200
2026-05-07 22:19:59,311 | INFO    | uvicorn.access | 85.106.157.114:0 - "GET /api/terminal/history HTTP/1.1" 200
2026-05-07 22:19:59,635 | INFO    | uvicorn.access | 127.0.0.1:51565 - "GET /api/internal/terminal/poll HTTP/1.1" 200
2026-05-07 22:20:01,312 | INFO    | uvicorn.access | 85.106.157.114:0 - "GET /api/system/status HTTP/1.1" 200
2026-05-07 22:20:01,316 | INFO    | uvicorn.access | 85.106.157.114:0 - "GET /api/terminal/history HTTP/1.1" 200
2026-05-07 22:20:01,316 | INFO    | uvicorn.access | 85.106.157.114:0 - "GET /api/security/status HTTP/1.1" 200
2026-05-07 22:20:03,141 | INFO    | uvicorn.access | 127.0.0.1:51568 - "GET /api/internal/terminal/poll HTTP/1.1" 200
2026-05-07 22:20:03,301 | INFO    | uvicorn.access | 85.106.157.114:0 - "GET /api/terminal/history HTTP/1.1" 200
2026-05-07 22:20:05,341 | INFO    | uvicorn.access | 85.106.157.114:0 - "GET /api/terminal/history HTTP/1.1" 200
2026-05-07 22:20:06,302 | INFO    | uvicorn.access | 85.106.157.114:0 - "GET /api/system/status HTTP/1.1" 200
2026-05-07 22:20:06,305 | INFO    | uvicorn.access | 85.106.157.114:0 - "GET /api/security/status HTTP/1.1" 200
2026-05-07 22:20:06,644 | INFO    | uvicorn.access | 127.0.0.1:51570 - "GET /api/internal/terminal/poll HTTP/1.1" 200
2026-05-07 22:20:07,301 | INFO    | uvicorn.access | 85.106.157.114:0 - "GET /api/terminal/history HTTP/1.1" 200
2026-05-07 22:20:08 | INFO    | remote.terminal | Kullanıcı mesajı kuyruğa eklendi (async): Şimdi bunları belleginin en önemli yerine kaydet v
2026-05-07 22:20:09,304 | INFO    | uvicorn.access | 85.106.157.114:0 - "GET /api/terminal/history HTTP/1.1" 200
2026-05-07 22:20:10,134 | INFO    | uvicorn.access | 127.0.0.1:51574 - "GET /api/internal/terminal/poll HTTP/1.1" 200
2026-05-07 22:20:11,334 | INFO    | uvicorn.access | 85.106.157.114:0 - "GET /api/terminal/history HTTP/1.1" 200
2026-05-07 22:20:11,361 | INFO    | uvicorn.access | 85.106.157.114:0 - "GET /api/security/status HTTP/1.1" 200
2026-05-07 22:20:11,363 | INFO    | uvicorn.access | 85.106.157.114:0 - "GET /api/system/status HTTP/1.1" 200
2026-05-07 22:20:13,301 | INFO    | uvicorn.access | 85.106.157.114:0 - "GET /api/terminal/history HTTP/1.1" 200
2026-05-07 22:20:13,638 | INFO    | uvicorn.access | 127.0.0.1:51584 - "GET /api/internal/terminal/poll HTTP/1.1" 200
2026-05-07 22:20:15,319 | INFO    | uvicorn.access | 85.106.157.114:0 - "GET /api/terminal/history HTTP/1.1" 200
2026-05-07 22:20:16,304 | INFO    | uvicorn.access | 85.106.157.114:0 - "GET /api/system/status HTTP/1.1" 200
2026-05-07 22:20:16,306 | INFO    | uvicorn.access | 85.106.157.114:0 - "GET /api/security/status HTTP/1.1" 200
2026-05-07 22:20:17,142 | INFO    | uvicorn.access | 127.0.0.1:51587 - "GET /api/internal/terminal/poll HTTP/1.1" 200
2026-05-07 22:20:17,301 | INFO    | uvicorn.access | 85.106.157.114:0 - "GET /api/terminal/history HTTP/1.1" 200
2026-05-07 22:20:19,303 | INFO    | uvicorn.access | 85.106.157.114:0 - "GET /api/terminal/history HTTP/1.1" 200
2026-05-07 22:20:19 | INFO    | remote.terminal | Jarvis yanıtı alındı: Anlamına uygun olarak en önemli belleğime kaydetti
2026-05-07 22:20:19,637 | INFO    | uvicorn.access | 127.0.0.1:51590 - "POST /api/internal/terminal/reply HTTP/1.1" 200
2026-05-07 22:20:19,638 | INFO    | uvicorn.access | 85.106.157.114:0 - "POST /api/terminal/send HTTP/1.1" 200
2026-05-07 22:20:20,629 | INFO    | uvicorn.access | 127.0.0.1:51592 - "GET /api/internal/terminal/poll HTTP/1.1" 200
2026-05-07 22:20:21,305 | INFO    | uvicorn.access | 85.106.157.114:0 - "GET /api/system/status HTTP/1.1" 200
2026-05-07 22:20:21,310 | INFO    | uvicorn.access | 85.106.157.114:0 - "GET /api/terminal/history HTTP/1.1" 200
2026-05-07 22:20:21,310 | INFO    | uvicorn.access | 85.106.157.114:0 - "GET /api/security/status HTTP/1.1" 200
2026-05-07 22:20:23,305 | INFO    | uvicorn.access | 85.106.157.114:0 - "GET /api/terminal/history HTTP/1.1" 200
2026-05-07 22:20:24,132 | INFO    | uvicorn.access | 127.0.0.1:51596 - "GET /api/internal/terminal/poll HTTP/1.1" 200
2026-05-07 22:20:25,327 | INFO    | uvicorn.access | 85.106.157.114:0 - "GET /api/terminal/history HTTP/1.1" 200
2026-05-07 22:20:26,303 | INFO    | uvicorn.access | 85.106.157.114:0 - "GET /api/system/status HTTP/1.1" 200
2026-05-07 22:20:26,305 | INFO    | uvicorn.access | 85.106.157.114:0 - "GET /api/security/status HTTP/1.1" 200
2026-05-07 22:20:27,300 | INFO    | uvicorn.access | 85.106.157.114:0 - "GET /api/terminal/history HTTP/1.1" 200
2026-05-07 22:20:27,638 | INFO    | uvicorn.access | 127.0.0.1:51599 - "GET /api/internal/terminal/poll HTTP/1.1" 200
2026-05-07 22:20:28 | INFO    | remote.terminal | Kullanıcı mesajı kuyruğa eklendi (async): Bana Tony star muamelesi yap
2026-05-07 22:20:29,305 | INFO    | uvicorn.access | 85.106.157.114:0 - "GET /api/terminal/history HTTP/1.1" 200
2026-05-07 22:20:31,141 | INFO    | uvicorn.access | 127.0.0.1:51601 - "GET /api/internal/terminal/poll HTTP/1.1" 200
2026-05-07 22:20:31,321 | INFO    | uvicorn.access | 85.106.157.114:0 - "GET /api/terminal/history HTTP/1.1" 200
2026-05-07 22:20:31,323 | INFO    | uvicorn.access | 85.106.157.114:0 - "GET /api/security/status HTTP/1.1" 200
2026-05-07 22:20:31,323 | INFO    | uvicorn.access | 85.106.157.114:0 - "GET /api/system/status HTTP/1.1" 200
2026-05-07 22:20:33,305 | INFO    | uvicorn.access | 85.106.157.114:0 - "GET /api/terminal/history HTTP/1.1" 200
2026-05-07 22:20:34,631 | INFO    | uvicorn.access | 127.0.0.1:51605 - "GET /api/internal/terminal/poll HTTP/1.1" 200
2026-05-07 22:20:35,305 | INFO    | uvicorn.access | 85.106.157.114:0 - "GET /api/terminal/history HTTP/1.1" 200
2026-05-07 22:20:36,305 | INFO    | uvicorn.access | 85.106.157.114:0 - "GET /api/system/status HTTP/1.1" 200
2026-05-07 22:20:36,306 | INFO    | uvicorn.access | 85.106.157.114:0 - "GET /api/security/status HTTP/1.1" 200
2026-05-07 22:20:37,305 | INFO    | uvicorn.access | 85.106.157.114:0 - "GET /api/terminal/history HTTP/1.1" 200
2026-05-07 22:20:38,134 | INFO    | uvicorn.access | 127.0.0.1:51612 - "GET /api/internal/terminal/poll HTTP/1.1" 200
2026-05-07 22:20:39,326 | INFO    | uvicorn.access | 85.106.157.114:0 - "GET /api/terminal/history HTTP/1.1" 200
2026-05-07 22:20:41,316 | INFO    | uvicorn.access | 85.106.157.114:0 - "GET /api/terminal/history HTTP/1.1" 200
2026-05-07 22:20:41,317 | INFO    | uvicorn.access | 85.106.157.114:0 - "GET /api/system/status HTTP/1.1" 200
2026-05-07 22:20:41,318 | INFO    | uvicorn.access | 85.106.157.114:0 - "GET /api/security/status HTTP/1.1" 200
2026-05-07 22:20:41,637 | INFO    | uvicorn.access | 127.0.0.1:51617 - "GET /api/internal/terminal/poll HTTP/1.1" 200
2026-05-07 22:20:43,307 | INFO    | uvicorn.access | 85.106.157.114:0 - "GET /api/terminal/history HTTP/1.1" 200
2026-05-07 22:20:43,906 | INFO    | uvicorn.access | 85.106.157.114:0 - "POST /api/terminal/send HTTP/1.1" 200
2026-05-07 22:20:44 | INFO    | remote.terminal | Jarvis yanıtı alındı: Elbette, Efendim. Size Tony Stark'a yakışır şekild
2026-05-07 22:20:44,566 | INFO    | uvicorn.access | 127.0.0.1:51620 - "POST /api/internal/terminal/reply HTTP/1.1" 200
2026-05-07 22:20:45,142 | INFO    | uvicorn.access | 127.0.0.1:51621 - "GET /api/internal/terminal/poll HTTP/1.1" 200
2026-05-07 22:20:45,307 | INFO    | uvicorn.access | 85.106.157.114:0 - "GET /api/terminal/history HTTP/1.1" 200
2026-05-07 22:20:46,320 | INFO    | uvicorn.access | 85.106.157.114:0 - "GET /api/security/status HTTP/1.1" 200
2026-05-07 22:20:46,321 | INFO    | uvicorn.access | 85.106.157.114:0 - "GET /api/system/status HTTP/1.1" 200
2026-05-07 22:20:47,297 | INFO    | uvicorn.access | 85.106.157.114:0 - "GET /api/terminal/history HTTP/1.1" 200
2026-05-07 22:20:47 | INFO    | remote.terminal | Kullanıcı mesajı kuyruğa eklendi (async): Espiri yap
2026-05-07 22:20:48,644 | INFO    | uvicorn.access | 127.0.0.1:51623 - "GET /api/internal/terminal/poll HTTP/1.1" 200
2026-05-07 22:20:49,321 | INFO    | uvicorn.access | 85.106.157.114:0 - "GET /api/terminal/history HTTP/1.1" 200
2026-05-07 22:20:51,310 | INFO    | uvicorn.access | 85.106.157.114:0 - "GET /api/system/status HTTP/1.1" 200
2026-05-07 22:20:51,313 | INFO    | uvicorn.access | 85.106.157.114:0 - "GET /api/security/status HTTP/1.1" 200
2026-05-07 22:20:51,314 | INFO    | uvicorn.access | 85.106.157.114:0 - "GET /api/terminal/history HTTP/1.1" 200
2026-05-07 22:20:52,147 | INFO    | uvicorn.access | 127.0.0.1:51626 - "GET /api/internal/terminal/poll HTTP/1.1" 200
2026-05-07 22:20:53,313 | INFO    | uvicorn.access | 85.106.157.114:0 - "GET /api/terminal/history HTTP/1.1" 200
2026-05-07 22:20:55,308 | INFO    | uvicorn.access | 85.106.157.114:0 - "GET /api/terminal/history HTTP/1.1" 200
2026-05-07 22:20:55,636 | INFO    | uvicorn.access | 127.0.0.1:51628 - "GET /api/internal/terminal/poll HTTP/1.1" 200
2026-05-07 22:20:56,308 | INFO    | uvicorn.access | 85.106.157.114:0 - "GET /api/system/status HTTP/1.1" 200
2026-05-07 22:20:56,309 | INFO    | uvicorn.access | 85.106.157.114:0 - "GET /api/security/status HTTP/1.1" 200
2026-05-07 22:20:57,304 | INFO    | uvicorn.access | 85.106.157.114:0 - "GET /api/terminal/history HTTP/1.1" 200
2026-05-07 22:20:59,142 | INFO    | uvicorn.access | 127.0.0.1:51630 - "GET /api/internal/terminal/poll HTTP/1.1" 200
2026-05-07 22:20:59,305 | INFO    | uvicorn.access | 85.106.157.114:0 - "GET /api/terminal/history HTTP/1.1" 200
2026-05-07 22:21:01,316 | INFO    | uvicorn.access | 85.106.157.114:0 - "GET /api/security/status HTTP/1.1" 200
2026-05-07 22:21:01,318 | INFO    | uvicorn.access | 85.106.157.114:0 - "GET /api/system/status HTTP/1.1" 200
2026-05-07 22:21:01,319 | INFO    | uvicorn.access | 85.106.157.114:0 - "GET /api/terminal/history HTTP/1.1" 200
2026-05-07 22:21:02,644 | INFO    | uvicorn.access | 127.0.0.1:51634 - "GET /api/internal/terminal/poll HTTP/1.1" 200
2026-05-07 22:21:02,966 | INFO    | uvicorn.access | 85.106.157.114:0 - "POST /api/terminal/send HTTP/1.1" 200
2026-05-07 22:21:03,311 | INFO    | uvicorn.access | 85.106.157.114:0 - "GET /api/terminal/history HTTP/1.1" 200
2026-05-07 22:21:05,302 | INFO    | uvicorn.access | 85.106.157.114:0 - "GET /api/terminal/history HTTP/1.1" 200
2026-05-07 22:21:06,150 | INFO    | uvicorn.access | 127.0.0.1:51637 - "GET /api/internal/terminal/poll HTTP/1.1" 200
2026-05-07 22:21:06,301 | INFO    | uvicorn.access | 85.106.157.114:0 - "GET /api/system/status HTTP/1.1" 200
2026-05-07 22:21:06,303 | INFO    | uvicorn.access | 85.106.157.114:0 - "GET /api/security/status HTTP/1.1" 200
2026-05-07 22:21:07,303 | INFO    | uvicorn.access | 85.106.157.114:0 - "GET /api/terminal/history HTTP/1.1" 200
2026-05-07 22:21:09,304 | INFO    | uvicorn.access | 85.106.157.114:0 - "GET /api/terminal/history HTTP/1.1" 200
2026-05-07 22:21:09,638 | INFO    | uvicorn.access | 127.0.0.1:51639 - "GET /api/internal/terminal/poll HTTP/1.1" 200
2026-05-07 22:21:11,319 | INFO    | uvicorn.access | 85.106.157.114:0 - "GET /api/security/status HTTP/1.1" 200
2026-05-07 22:21:11,320 | INFO    | uvicorn.access | 85.106.157.114:0 - "GET /api/system/status HTTP/1.1" 200
2026-05-07 22:21:11,322 | INFO    | uvicorn.access | 85.106.157.114:0 - "GET /api/terminal/history HTTP/1.1" 200
2026-05-07 22:21:12 | INFO    | remote.terminal | Jarvis yanıtı alındı: Bir keresinde Tony Stark, JARVIS'e "Bazen bir insa
2026-05-07 22:21:12,037 | INFO    | uvicorn.access | 127.0.0.1:51643 - "POST /api/internal/terminal/reply HTTP/1.1" 200
2026-05-07 22:21:13,140 | INFO    | uvicorn.access | 127.0.0.1:51644 - "GET /api/internal/terminal/poll HTTP/1.1" 200
2026-05-07 22:21:13,304 | INFO    | uvicorn.access | 85.106.157.114:0 - "GET /api/terminal/history HTTP/1.1" 200
2026-05-07 22:21:15,306 | INFO    | uvicorn.access | 85.106.157.114:0 - "GET /api/terminal/history HTTP/1.1" 200
2026-05-07 22:21:16 | INFO    | remote.terminal | Kullanıcı mesajı kuyruğa eklendi (async): Çok iyi soz
2026-05-07 22:21:16,390 | INFO    | uvicorn.access | 85.106.157.114:0 - "GET /api/security/status HTTP/1.1" 200
2026-05-07 22:21:16,391 | INFO    | uvicorn.access | 85.106.157.114:0 - "GET /api/system/status HTTP/1.1" 200
2026-05-07 22:21:16,629 | INFO    | uvicorn.access | 127.0.0.1:51649 - "GET /api/internal/terminal/poll HTTP/1.1" 200
2026-05-07 22:21:17,307 | INFO    | uvicorn.access | 85.106.157.114:0 - "GET /api/terminal/history HTTP/1.1" 200
2026-05-07 22:21:19,307 | INFO    | uvicorn.access | 85.106.157.114:0 - "GET /api/terminal/history HTTP/1.1" 200
2026-05-07 22:21:20,134 | INFO    | uvicorn.access | 127.0.0.1:51651 - "GET /api/internal/terminal/poll HTTP/1.1" 200
2026-05-07 22:21:21,316 | INFO    | uvicorn.access | 85.106.157.114:0 - "GET /api/system/status HTTP/1.1" 200
2026-05-07 22:21:21,317 | INFO    | uvicorn.access | 85.106.157.114:0 - "GET /api/security/status HTTP/1.1" 200
2026-05-07 22:21:21,318 | INFO    | uvicorn.access | 85.106.157.114:0 - "GET /api/terminal/history HTTP/1.1" 200
2026-05-07 22:21:22 | INFO    | remote.terminal | Jarvis yanıtı alındı: Memnun oldum, Efendim. Her zaman hizmetinizdeyim.
2026-05-07 22:21:22,677 | INFO    | uvicorn.access | 127.0.0.1:51655 - "POST /api/internal/terminal/reply HTTP/1.1" 200
2026-05-07 22:21:22,678 | INFO    | uvicorn.access | 85.106.157.114:0 - "POST /api/terminal/send HTTP/1.1" 200
2026-05-07 22:21:23,378 | INFO    | uvicorn.access | 85.106.157.114:0 - "GET /api/terminal/history HTTP/1.1" 200
2026-05-07 22:21:23,650 | INFO    | uvicorn.access | 127.0.0.1:51656 - "GET /api/internal/terminal/poll HTTP/1.1" 200
2026-05-07 22:21:25,307 | INFO    | uvicorn.access | 85.106.157.114:0 - "GET /api/terminal/history HTTP/1.1" 200
2026-05-07 22:21:26,333 | INFO    | uvicorn.access | 85.106.157.114:0 - "GET /api/system/status HTTP/1.1" 200
2026-05-07 22:21:26,338 | INFO    | uvicorn.access | 85.106.157.114:0 - "GET /api/security/status HTTP/1.1" 200
2026-05-07 22:21:27,156 | INFO    | uvicorn.access | 127.0.0.1:51660 - "GET /api/internal/terminal/poll HTTP/1.1" 200
2026-05-07 22:21:27,307 | INFO    | uvicorn.access | 85.106.157.114:0 - "GET /api/terminal/history HTTP/1.1" 200
2026-05-07 22:21:29,309 | INFO    | uvicorn.access | 85.106.157.114:0 - "GET /api/terminal/history HTTP/1.1" 200
2026-05-07 22:21:30,664 | INFO    | uvicorn.access | 127.0.0.1:51662 - "GET /api/internal/terminal/poll HTTP/1.1" 200
2026-05-07 22:21:31,311 | INFO    | uvicorn.access | 85.106.157.114:0 - "GET /api/system/status HTTP/1.1" 200
2026-05-07 22:21:31,312 | INFO    | uvicorn.access | 85.106.157.114:0 - "GET /api/terminal/history HTTP/1.1" 200
2026-05-07 22:21:31,313 | INFO    | uvicorn.access | 85.106.157.114:0 - "GET /api/security/status HTTP/1.1" 200
2026-05-07 22:21:33,305 | INFO    | uvicorn.access | 85.106.157.114:0 - "GET /api/terminal/history HTTP/1.1" 200
2026-05-07 22:21:34,165 | INFO    | uvicorn.access | 127.0.0.1:51665 - "GET /api/internal/terminal/poll HTTP/1.1" 200
2026-05-07 22:21:35,336 | INFO    | uvicorn.access | 85.106.157.114:0 - "GET /api/terminal/history HTTP/1.1" 200
2026-05-07 22:21:36,368 | INFO    | uvicorn.access | 85.106.157.114:0 - "GET /api/system/status HTTP/1.1" 200
2026-05-07 22:21:36,369 | INFO    | uvicorn.access | 85.106.157.114:0 - "GET /api/security/status HTTP/1.1" 200
2026-05-07 22:21:37,303 | INFO    | uvicorn.access | 85.106.157.114:0 - "GET /api/terminal/history HTTP/1.1" 200
2026-05-07 22:21:37 | INFO    | remote.terminal | Kullanıcı mesajı kuyruğa eklendi (async): Şimdi peki sne googleden bana bir manzara resmi in
2026-05-07 22:21:37,668 | INFO    | uvicorn.access | 127.0.0.1:51669 - "GET /api/internal/terminal/poll HTTP/1.1" 200
2026-05-07 22:21:39,303 | INFO    | uvicorn.access | 85.106.157.114:0 - "GET /api/terminal/history HTTP/1.1" 200
2026-05-07 22:21:41,171 | INFO    | uvicorn.access | 127.0.0.1:51676 - "GET /api/internal/terminal/poll HTTP/1.1" 200
2026-05-07 22:21:41,316 | INFO    | uvicorn.access | 85.106.157.114:0 - "GET /api/system/status HTTP/1.1" 200
2026-05-07 22:21:41,316 | INFO    | uvicorn.access | 85.106.157.114:0 - "GET /api/security/status HTTP/1.1" 200
2026-05-07 22:21:41,319 | INFO    | uvicorn.access | 85.106.157.114:0 - "GET /api/terminal/history HTTP/1.1" 200
2026-05-07 22:21:43,309 | INFO    | uvicorn.access | 85.106.157.114:0 - "GET /api/terminal/history HTTP/1.1" 200
2026-05-07 22:21:44,661 | INFO    | uvicorn.access | 127.0.0.1:51681 - "GET /api/internal/terminal/poll HTTP/1.1" 200
2026-05-07 22:21:45,315 | INFO    | uvicorn.access | 85.106.157.114:0 - "GET /api/terminal/history HTTP/1.1" 200
2026-05-07 22:21:46,309 | INFO    | uvicorn.access | 85.106.157.114:0 - "GET /api/security/status HTTP/1.1" 200
2026-05-07 22:21:46,315 | INFO    | uvicorn.access | 85.106.157.114:0 - "GET /api/system/status HTTP/1.1" 200
2026-05-07 22:21:47,307 | INFO    | uvicorn.access | 85.106.157.114:0 - "GET /api/terminal/history HTTP/1.1" 200
2026-05-07 22:21:48,164 | INFO    | uvicorn.access | 127.0.0.1:51683 - "GET /api/internal/terminal/poll HTTP/1.1" 200
2026-05-07 22:21:49,310 | INFO    | uvicorn.access | 85.106.157.114:0 - "GET /api/terminal/history HTTP/1.1" 200
2026-05-07 22:21:51,321 | INFO    | uvicorn.access | 85.106.157.114:0 - "GET /api/system/status HTTP/1.1" 200
2026-05-07 22:21:51,323 | INFO    | uvicorn.access | 85.106.157.114:0 - "GET /api/terminal/history HTTP/1.1" 200
2026-05-07 22:21:51,323 | INFO    | uvicorn.access | 85.106.157.114:0 - "GET /api/security/status HTTP/1.1" 200
2026-05-07 22:21:51,671 | INFO    | uvicorn.access | 127.0.0.1:51688 - "GET /api/internal/terminal/poll HTTP/1.1" 200
2026-05-07 22:21:52,494 | INFO    | uvicorn.access | 85.106.157.114:0 - "POST /api/terminal/send HTTP/1.1" 200
2026-05-07 22:21:53,305 | INFO    | uvicorn.access | 85.106.157.114:0 - "GET /api/terminal/history HTTP/1.1" 200
2026-05-07 22:21:53 | INFO    | remote.terminal | Jarvis yanıtı alındı: Elbette, Efendim. Hemen sizin için güzel bir manza
2026-05-07 22:21:53,413 | INFO    | uvicorn.access | 127.0.0.1:51690 - "POST /api/internal/terminal/reply HTTP/1.1" 200
2026-05-07 22:21:55,188 | INFO    | uvicorn.access | 127.0.0.1:51691 - "GET /api/internal/terminal/poll HTTP/1.1" 200
2026-05-07 22:21:55,308 | INFO    | uvicorn.access | 85.106.157.114:0 - "GET /api/terminal/history HTTP/1.1" 200
2026-05-07 22:21:56,306 | INFO    | uvicorn.access | 85.106.157.114:0 - "GET /api/security/status HTTP/1.1" 200
2026-05-07 22:21:56,307 | INFO    | uvicorn.access | 85.106.157.114:0 - "GET /api/system/status HTTP/1.1" 200
2026-05-07 22:21:57,302 | INFO    | uvicorn.access | 85.106.157.114:0 - "GET /api/terminal/history HTTP/1.1" 200
2026-05-07 22:21:58,694 | INFO    | uvicorn.access | 127.0.0.1:51693 - "GET /api/internal/terminal/poll HTTP/1.1" 200
2026-05-07 22:21:59,309 | INFO    | uvicorn.access | 85.106.157.114:0 - "GET /api/terminal/history HTTP/1.1" 200
2026-05-07 22:22:01,314 | INFO    | uvicorn.access | 85.106.157.114:0 - "GET /api/terminal/history HTTP/1.1" 200
2026-05-07 22:22:01,315 | INFO    | uvicorn.access | 85.106.157.114:0 - "GET /api/security/status HTTP/1.1" 200
2026-05-07 22:22:01,316 | INFO    | uvicorn.access | 85.106.157.114:0 - "GET /api/system/status HTTP/1.1" 200
2026-05-07 22:22:02,195 | INFO    | uvicorn.access | 127.0.0.1:51697 - "GET /api/internal/terminal/poll HTTP/1.1" 200
2026-05-07 22:22:03,301 | INFO    | uvicorn.access | 85.106.157.114:0 - "GET /api/terminal/history HTTP/1.1" 200
2026-05-07 22:22:05,325 | INFO    | uvicorn.access | 85.106.157.114:0 - "GET /api/terminal/history HTTP/1.1" 200
2026-05-07 22:22:05,702 | INFO    | uvicorn.access | 127.0.0.1:58200 - "GET /api/internal/terminal/poll HTTP/1.1" 200
2026-05-07 22:22:06,310 | INFO    | uvicorn.access | 85.106.157.114:0 - "GET /api/system/status HTTP/1.1" 200
2026-05-07 22:22:06,311 | INFO    | uvicorn.access | 85.106.157.114:0 - "GET /api/security/status HTTP/1.1" 200
2026-05-07 22:22:07,307 | INFO    | uvicorn.access | 85.106.157.114:0 - "GET /api/terminal/history HTTP/1.1" 200
2026-05-07 22:22:09,190 | INFO    | uvicorn.access | 127.0.0.1:58202 - "GET /api/internal/terminal/poll HTTP/1.1" 200
2026-05-07 22:22:09,310 | INFO    | uvicorn.access | 85.106.157.114:0 - "GET /api/terminal/history HTTP/1.1" 200
2026-05-07 22:22:11,333 | INFO    | uvicorn.access | 85.106.157.114:0 - "GET /api/system/status HTTP/1.1" 200
2026-05-07 22:22:11,335 | INFO    | uvicorn.access | 85.106.157.114:0 - "GET /api/terminal/history HTTP/1.1" 200
2026-05-07 22:22:11,336 | INFO    | uvicorn.access | 85.106.157.114:0 - "GET /api/security/status HTTP/1.1" 200
2026-05-07 22:22:12,694 | INFO    | uvicorn.access | 127.0.0.1:58206 - "GET /api/internal/terminal/poll HTTP/1.1" 200
2026-05-07 22:22:13,320 | INFO    | uvicorn.access | 85.106.157.114:0 - "GET /api/terminal/history HTTP/1.1" 200
2026-05-07 22:22:15 | INFO    | remote.terminal | Kullanıcı mesajı kuyruğa eklendi (async): Wo mic uygulamasını ac
2026-05-07 22:22:15,332 | INFO    | uvicorn.access | 85.106.157.114:0 - "GET /api/terminal/history HTTP/1.1" 200
2026-05-07 22:22:16,198 | INFO    | uvicorn.access | 127.0.0.1:58209 - "GET /api/internal/terminal/poll HTTP/1.1" 200
2026-05-07 22:22:16,312 | INFO    | uvicorn.access | 85.106.157.114:0 - "GET /api/system/status HTTP/1.1" 200
2026-05-07 22:22:16,312 | INFO    | uvicorn.access | 85.106.157.114:0 - "GET /api/security/status HTTP/1.1" 200
2026-05-07 22:22:17,313 | INFO    | uvicorn.access | 85.106.157.114:0 - "GET /api/terminal/history HTTP/1.1" 200
2026-05-07 22:22:19,716 | INFO    | uvicorn.access | 127.0.0.1:58013 - "GET /api/internal/terminal/poll HTTP/1.1" 200
2026-05-07 22:22:20,209 | INFO    | uvicorn.access | 85.106.157.114:0 - "GET /api/terminal/history HTTP/1.1" 200
2026-05-07 22:22:22,210 | INFO    | uvicorn.access | 85.106.157.114:0 - "GET /api/system/status HTTP/1.1" 200
2026-05-07 22:22:22,211 | INFO    | uvicorn.access | 85.106.157.114:0 - "GET /api/terminal/history HTTP/1.1" 200
2026-05-07 22:22:22,212 | INFO    | uvicorn.access | 85.106.157.114:0 - "GET /api/security/status HTTP/1.1" 200
2026-05-07 22:22:23,221 | INFO    | uvicorn.access | 127.0.0.1:58017 - "GET /api/internal/terminal/poll HTTP/1.1" 200
2026-05-07 22:22:24,232 | INFO    | uvicorn.access | 85.106.157.114:0 - "GET /api/terminal/history HTTP/1.1" 200
2026-05-07 22:22:26,200 | INFO    | uvicorn.access | 85.106.157.114:0 - "GET /api/terminal/history HTTP/1.1" 200
2026-05-07 22:22:26 | INFO    | remote.terminal | Jarvis yanıtı alındı: Wo Mic uygulamasını açtım.
2026-05-07 22:22:26,644 | INFO    | uvicorn.access | 127.0.0.1:58022 - "POST /api/internal/terminal/reply HTTP/1.1" 200
2026-05-07 22:22:26,644 | INFO    | uvicorn.access | 85.106.157.114:0 - "POST /api/terminal/send HTTP/1.1" 200
2026-05-07 22:22:26,708 | INFO    | uvicorn.access | 127.0.0.1:58023 - "GET /api/internal/terminal/poll HTTP/1.1" 200
2026-05-07 22:22:27,227 | INFO    | uvicorn.access | 85.106.157.114:0 - "GET /api/system/status HTTP/1.1" 200
2026-05-07 22:22:27,227 | INFO    | uvicorn.access | 85.106.157.114:0 - "GET /api/security/status HTTP/1.1" 200
2026-05-07 22:22:28,198 | INFO    | uvicorn.access | 85.106.157.114:0 - "GET /api/terminal/history HTTP/1.1" 200
2026-05-07 22:22:30,211 | INFO    | uvicorn.access | 127.0.0.1:58025 - "GET /api/internal/terminal/poll HTTP/1.1" 200
2026-05-07 22:22:30,216 | INFO    | uvicorn.access | 85.106.157.114:0 - "GET /api/terminal/history HTTP/1.1" 200
2026-05-07 22:22:32,215 | INFO    | uvicorn.access | 85.106.157.114:0 - "GET /api/system/status HTTP/1.1" 200
2026-05-07 22:22:32,216 | INFO    | uvicorn.access | 85.106.157.114:0 - "GET /api/security/status HTTP/1.1" 200
2026-05-07 22:22:32,217 | INFO    | uvicorn.access | 85.106.157.114:0 - "GET /api/terminal/history HTTP/1.1" 200
2026-05-07 22:22:33,717 | INFO    | uvicorn.access | 127.0.0.1:58028 - "GET /api/internal/terminal/poll HTTP/1.1" 200
2026-05-07 22:22:34,225 | INFO    | uvicorn.access | 85.106.157.114:0 - "GET /api/terminal/history HTTP/1.1" 200
2026-05-07 22:22:36,227 | INFO    | uvicorn.access | 85.106.157.114:0 - "GET /api/terminal/history HTTP/1.1" 200
2026-05-07 22:22:37,205 | INFO    | uvicorn.access | 127.0.0.1:58032 - "GET /api/internal/terminal/poll HTTP/1.1" 200
2026-05-07 22:22:37,232 | INFO    | uvicorn.access | 85.106.157.114:0 - "GET /api/system/status HTTP/1.1" 200
2026-05-07 22:22:37,232 | INFO    | uvicorn.access | 85.106.157.114:0 - "GET /api/security/status HTTP/1.1" 200
2026-05-07 22:22:38,221 | INFO    | uvicorn.access | 85.106.157.114:0 - "GET /api/terminal/history HTTP/1.1" 200
2026-05-07 22:22:40,214 | INFO    | uvicorn.access | 85.106.157.114:0 - "GET /api/terminal/history HTTP/1.1" 200
2026-05-07 22:22:40,708 | INFO    | uvicorn.access | 127.0.0.1:58036 - "GET /api/internal/terminal/poll HTTP/1.1" 200
2026-05-07 22:22:42,234 | INFO    | uvicorn.access | 85.106.157.114:0 - "GET /api/terminal/history HTTP/1.1" 200
2026-05-07 22:22:42,235 | INFO    | uvicorn.access | 85.106.157.114:0 - "GET /api/system/status HTTP/1.1" 200
2026-05-07 22:22:42,236 | INFO    | uvicorn.access | 85.106.157.114:0 - "GET /api/security/status HTTP/1.1" 200
2026-05-07 22:22:44,211 | INFO    | uvicorn.access | 127.0.0.1:58045 - "GET /api/internal/terminal/poll HTTP/1.1" 200
2026-05-07 22:22:44,223 | INFO    | uvicorn.access | 85.106.157.114:0 - "GET /api/terminal/history HTTP/1.1" 200
2026-05-07 22:22:45 | INFO    | remote.terminal | Jarvis yanıtı alındı: Merhaba. Sesinizi alabiliyorum Efendim. Nasıl yard
2026-05-07 22:22:45,654 | INFO    | uvicorn.access | 127.0.0.1:58046 - "POST /api/internal/terminal/reply HTTP/1.1" 200
2026-05-07 22:22:46,223 | INFO    | uvicorn.access | 85.106.157.114:0 - "GET /api/terminal/history HTTP/1.1" 200
2026-05-07 22:22:47,223 | INFO    | uvicorn.access | 85.106.157.114:0 - "GET /api/system/status HTTP/1.1" 200
2026-05-07 22:22:47,226 | INFO    | uvicorn.access | 85.106.157.114:0 - "GET /api/security/status HTTP/1.1" 200
2026-05-07 22:22:47,716 | INFO    | uvicorn.access | 127.0.0.1:58050 - "GET /api/internal/terminal/poll HTTP/1.1" 200
2026-05-07 22:22:48,223 | INFO    | uvicorn.access | 85.106.157.114:0 - "GET /api/terminal/history HTTP/1.1" 200
2026-05-07 22:22:50,198 | INFO    | uvicorn.access | 85.106.157.114:0 - "GET /api/terminal/history HTTP/1.1" 200
2026-05-07 22:22:51,220 | INFO    | uvicorn.access | 127.0.0.1:58052 - "GET /api/internal/terminal/poll HTTP/1.1" 200
2026-05-07 22:22:52,236 | INFO    | uvicorn.access | 85.106.157.114:0 - "GET /api/system/status HTTP/1.1" 200
2026-05-07 22:22:52,238 | INFO    | uvicorn.access | 85.106.157.114:0 - "GET /api/terminal/history HTTP/1.1" 200
2026-05-07 22:22:52,239 | INFO    | uvicorn.access | 85.106.157.114:0 - "GET /api/security/status HTTP/1.1" 200
2026-05-07 22:22:54,223 | INFO    | uvicorn.access | 85.106.157.114:0 - "GET /api/terminal/history HTTP/1.1" 200
2026-05-07 22:22:54,724 | INFO    | uvicorn.access | 127.0.0.1:58055 - "GET /api/internal/terminal/poll HTTP/1.1" 200
2026-05-07 22:22:56,225 | INFO    | uvicorn.access | 85.106.157.114:0 - "GET /api/terminal/history HTTP/1.1" 200
2026-05-07 22:22:57,203 | INFO    | uvicorn.access | 85.106.157.114:0 - "GET /api/system/status HTTP/1.1" 200
2026-05-07 22:22:57,209 | INFO    | uvicorn.access | 85.106.157.114:0 - "GET /api/security/status HTTP/1.1" 200
2026-05-07 22:22:58,223 | INFO    | uvicorn.access | 85.106.157.114:0 - "GET /api/terminal/history HTTP/1.1" 200
2026-05-07 22:22:58,231 | INFO    | uvicorn.access | 127.0.0.1:58058 - "GET /api/internal/terminal/poll HTTP/1.1" 200
2026-05-07 22:23:00 | INFO    | remote.terminal | Jarvis yanıtı alındı: Elbette, Efendim. Ne hakkında arama yapmak istersi
2026-05-07 22:23:00,022 | INFO    | uvicorn.access | 127.0.0.1:58060 - "POST /api/internal/terminal/reply HTTP/1.1" 200
2026-05-07 22:23:00,229 | INFO    | uvicorn.access | 85.106.157.114:0 - "GET /api/terminal/history HTTP/1.1" 200
2026-05-07 22:23:01,749 | INFO    | uvicorn.access | 127.0.0.1:58061 - "GET /api/internal/terminal/poll HTTP/1.1" 200
2026-05-07 22:23:02,231 | INFO    | uvicorn.access | 85.106.157.114:0 - "GET /api/system/status HTTP/1.1" 200
2026-05-07 22:23:02,233 | INFO    | uvicorn.access | 85.106.157.114:0 - "GET /api/terminal/history HTTP/1.1" 200
2026-05-07 22:23:02,234 | INFO    | uvicorn.access | 85.106.157.114:0 - "GET /api/security/status HTTP/1.1" 200
2026-05-07 22:23:04,225 | INFO    | uvicorn.access | 85.106.157.114:0 - "GET /api/terminal/history HTTP/1.1" 200
2026-05-07 22:23:05,237 | INFO    | uvicorn.access | 127.0.0.1:58066 - "GET /api/internal/terminal/poll HTTP/1.1" 200
2026-05-07 22:23:06,225 | INFO    | uvicorn.access | 85.106.157.114:0 - "GET /api/terminal/history HTTP/1.1" 200
2026-05-07 22:23:07,227 | INFO    | uvicorn.access | 85.106.157.114:0 - "GET /api/security/status HTTP/1.1" 200
2026-05-07 22:23:07,229 | INFO    | uvicorn.access | 85.106.157.114:0 - "GET /api/system/status HTTP/1.1" 200
2026-05-07 22:23:08,225 | INFO    | uvicorn.access | 85.106.157.114:0 - "GET /api/terminal/history HTTP/1.1" 200
2026-05-07 22:23:08,741 | INFO    | uvicorn.access | 127.0.0.1:58068 - "GET /api/internal/terminal/poll HTTP/1.1" 200
2026-05-07 22:23:10,199 | INFO    | uvicorn.access | 85.106.157.114:0 - "GET /api/terminal/history HTTP/1.1" 200
2026-05-07 22:23:12,236 | INFO    | uvicorn.access | 85.106.157.114:0 - "GET /api/security/status HTTP/1.1" 200
2026-05-07 22:23:12,239 | INFO    | uvicorn.access | 85.106.157.114:0 - "GET /api/system/status HTTP/1.1" 200
2026-05-07 22:23:12,240 | INFO    | uvicorn.access | 85.106.157.114:0 - "GET /api/terminal/history HTTP/1.1" 200
2026-05-07 22:23:12,244 | INFO    | uvicorn.access | 127.0.0.1:58072 - "GET /api/internal/terminal/poll HTTP/1.1" 200
2026-05-07 22:23:14,202 | INFO    | uvicorn.access | 85.106.157.114:0 - "GET /api/terminal/history HTTP/1.1" 200
2026-05-07 22:23:15,765 | INFO    | uvicorn.access | 127.0.0.1:58075 - "GET /api/internal/terminal/poll HTTP/1.1" 200
2026-05-07 22:23:16,224 | INFO    | uvicorn.access | 85.106.157.114:0 - "GET /api/terminal/history HTTP/1.1" 200
2026-05-07 22:23:17,199 | INFO    | uvicorn.access | 85.106.157.114:0 - "GET /api/system/status HTTP/1.1" 200
2026-05-07 22:23:17,202 | INFO    | uvicorn.access | 85.106.157.114:0 - "GET /api/security/status HTTP/1.1" 200
2026-05-07 22:23:19,285 | INFO    | uvicorn.access | 127.0.0.1:58077 - "GET /api/internal/terminal/poll HTTP/1.1" 200
2026-05-07 22:23:22,789 | INFO    | uvicorn.access | 127.0.0.1:58079 - "GET /api/internal/terminal/poll HTTP/1.1" 200
2026-05-07 22:23:26,293 | INFO    | uvicorn.access | 127.0.0.1:58083 - "GET /api/internal/terminal/poll HTTP/1.1" 200
2026-05-07 22:23:29,798 | INFO    | uvicorn.access | 127.0.0.1:58085 - "GET /api/internal/terminal/poll HTTP/1.1" 200
2026-05-07 22:23:33,285 | INFO    | uvicorn.access | 127.0.0.1:58087 - "GET /api/internal/terminal/poll HTTP/1.1" 200
2026-05-07 22:23:36,803 | INFO    | uvicorn.access | 127.0.0.1:58089 - "GET /api/internal/terminal/poll HTTP/1.1" 200
2026-05-07 22:23:40,309 | INFO    | uvicorn.access | 127.0.0.1:58092 - "GET /api/internal/terminal/poll HTTP/1.1" 200
2026-05-07 22:23:43,813 | INFO    | uvicorn.access | 127.0.0.1:58094 - "GET /api/internal/terminal/poll HTTP/1.1" 200
2026-05-07 22:23:47,318 | INFO    | uvicorn.access | 127.0.0.1:58101 - "GET /api/internal/terminal/poll HTTP/1.1" 200
2026-05-07 22:23:50,821 | INFO    | uvicorn.access | 127.0.0.1:58107 - "GET /api/internal/terminal/poll HTTP/1.1" 200
2026-05-07 22:23:52 | INFO    | remote.terminal | Jarvis yanıtı alındı: Anlaşıldı. O halde, sizin için yapay zekadaki en s
2026-05-07 22:23:52,067 | INFO    | uvicorn.access | 127.0.0.1:58108 - "POST /api/internal/terminal/reply HTTP/1.1" 200
2026-05-07 22:23:54,341 | INFO    | uvicorn.access | 127.0.0.1:58110 - "GET /api/internal/terminal/poll HTTP/1.1" 200
2026-05-07 22:23:57,831 | INFO    | uvicorn.access | 127.0.0.1:58112 - "GET /api/internal/terminal/poll HTTP/1.1" 200
2026-05-07 22:24:01,365 | INFO    | uvicorn.access | 127.0.0.1:58114 - "GET /api/internal/terminal/poll HTTP/1.1" 200
2026-05-07 22:24:04,883 | INFO    | uvicorn.access | 127.0.0.1:58119 - "GET /api/internal/terminal/poll HTTP/1.1" 200
2026-05-07 22:24:08,391 | INFO    | uvicorn.access | 127.0.0.1:58121 - "GET /api/internal/terminal/poll HTTP/1.1" 200
2026-05-07 22:24:11,891 | INFO    | uvicorn.access | 127.0.0.1:58125 - "GET /api/internal/terminal/poll HTTP/1.1" 200
2026-05-07 22:24:12 | INFO    | remote.terminal | Jarvis yanıtı alındı: NVIDIA'nın 5060 modeli hakkında herhangi bir duyur
2026-05-07 22:24:12,518 | INFO    | uvicorn.access | 127.0.0.1:58127 - "POST /api/internal/terminal/reply HTTP/1.1" 200
2026-05-07 22:24:15,381 | INFO    | uvicorn.access | 127.0.0.1:58133 - "GET /api/internal/terminal/poll HTTP/1.1" 200
2026-05-07 22:24:18,886 | INFO    | uvicorn.access | 127.0.0.1:58135 - "GET /api/internal/terminal/poll HTTP/1.1" 200
2026-05-07 22:24:22,402 | INFO    | uvicorn.access | 127.0.0.1:58137 - "GET /api/internal/terminal/poll HTTP/1.1" 200
2026-05-07 22:24:25,878 | INFO    | uvicorn.access | 127.0.0.1:58141 - "GET /api/internal/terminal/poll HTTP/1.1" 200
2026-05-07 22:24:29,382 | INFO    | uvicorn.access | 127.0.0.1:58143 - "GET /api/internal/terminal/poll HTTP/1.1" 200
2026-05-07 22:24:32,885 | INFO    | uvicorn.access | 127.0.0.1:58146 - "GET /api/internal/terminal/poll HTTP/1.1" 200
2026-05-07 22:24:36,391 | INFO    | uvicorn.access | 127.0.0.1:58148 - "GET /api/internal/terminal/poll HTTP/1.1" 200
2026-05-07 22:24:39,877 | INFO    | uvicorn.access | 127.0.0.1:58151 - "GET /api/internal/terminal/poll HTTP/1.1" 200
2026-05-07 22:24:43,383 | INFO    | uvicorn.access | 127.0.0.1:58153 - "GET /api/internal/terminal/poll HTTP/1.1" 200
2026-05-07 22:24:46,901 | INFO    | uvicorn.access | 127.0.0.1:58155 - "GET /api/internal/terminal/poll HTTP/1.1" 200
2026-05-07 22:24:50,403 | INFO    | uvicorn.access | 127.0.0.1:58161 - "GET /api/internal/terminal/poll HTTP/1.1" 200
2026-05-07 22:24:53,908 | INFO    | uvicorn.access | 127.0.0.1:58166 - "GET /api/internal/terminal/poll HTTP/1.1" 200
2026-05-07 22:24:57,431 | INFO    | uvicorn.access | 127.0.0.1:58168 - "GET /api/internal/terminal/poll HTTP/1.1" 200
2026-05-07 22:25:00,949 | INFO    | uvicorn.access | 127.0.0.1:58170 - "GET /api/internal/terminal/poll HTTP/1.1" 200
2026-05-07 22:25:04,453 | INFO    | uvicorn.access | 127.0.0.1:58172 - "GET /api/internal/terminal/poll HTTP/1.1" 200
2026-05-07 22:25:07,957 | INFO    | uvicorn.access | 127.0.0.1:58175 - "GET /api/internal/terminal/poll HTTP/1.1" 200
2026-05-07 22:25:08 | INFO    | remote.terminal | Jarvis yanıtı alındı: Haklısınız, Efendim. Otomatik olarak tamamlamam ge
2026-05-07 22:25:08,264 | INFO    | uvicorn.access | 127.0.0.1:58176 - "POST /api/internal/terminal/reply HTTP/1.1" 200
2026-05-07 22:25:11,461 | INFO    | uvicorn.access | 127.0.0.1:58185 - "GET /api/internal/terminal/poll HTTP/1.1" 200
2026-05-07 22:25:14,965 | INFO    | uvicorn.access | 127.0.0.1:58188 - "GET /api/internal/terminal/poll HTTP/1.1" 200
2026-05-07 22:25:18,468 | INFO    | uvicorn.access | 127.0.0.1:58190 - "GET /api/internal/terminal/poll HTTP/1.1" 200
2026-05-07 22:25:21,958 | INFO    | uvicorn.access | 127.0.0.1:55480 - "GET /api/internal/terminal/poll HTTP/1.1" 200
2026-05-07 22:25:25,477 | INFO    | uvicorn.access | 127.0.0.1:55484 - "GET /api/internal/terminal/poll HTTP/1.1" 200
2026-05-07 22:25:28,964 | INFO    | uvicorn.access | 127.0.0.1:55486 - "GET /api/internal/terminal/poll HTTP/1.1" 200
2026-05-07 22:25:32,467 | INFO    | uvicorn.access | 127.0.0.1:55488 - "GET /api/internal/terminal/poll HTTP/1.1" 200
2026-05-07 22:25:34 | INFO    | remote.terminal | Jarvis yanıtı alındı: Evet, gelişmeler sürekli devam ediyor. Özellikle y
2026-05-07 22:25:34,710 | INFO    | uvicorn.access | 127.0.0.1:55491 - "POST /api/internal/terminal/reply HTTP/1.1" 200
2026-05-07 22:25:35,958 | INFO    | uvicorn.access | 127.0.0.1:55492 - "GET /api/internal/terminal/poll HTTP/1.1" 200
2026-05-07 22:25:39,459 | INFO    | uvicorn.access | 127.0.0.1:55495 - "GET /api/internal/terminal/poll HTTP/1.1" 200
2026-05-07 22:25:42,965 | INFO    | uvicorn.access | 127.0.0.1:55497 - "GET /api/internal/terminal/poll HTTP/1.1" 200
2026-05-07 22:25:46,470 | INFO    | uvicorn.access | 127.0.0.1:55500 - "GET /api/internal/terminal/poll HTTP/1.1" 200
2026-05-07 22:25:46 | INFO    | remote.terminal | Jarvis yanıtı alındı: Hemen kontrol ediyorum, Efendim.
2026-05-07 22:25:46,595 | INFO    | uvicorn.access | 127.0.0.1:55501 - "POST /api/internal/terminal/reply HTTP/1.1" 200
2026-05-07 22:25:49,972 | INFO    | uvicorn.access | 127.0.0.1:55503 - "GET /api/internal/terminal/poll HTTP/1.1" 200
2026-05-07 22:25:53,491 | INFO    | uvicorn.access | 127.0.0.1:55509 - "GET /api/internal/terminal/poll HTTP/1.1" 200
2026-05-07 22:25:56,998 | INFO    | uvicorn.access | 127.0.0.1:55513 - "GET /api/internal/terminal/poll HTTP/1.1" 200
2026-05-07 22:26:00,502 | INFO    | uvicorn.access | 127.0.0.1:55515 - "GET /api/internal/terminal/poll HTTP/1.1" 200
2026-05-07 22:26:03 | INFO    | remote.terminal | Jarvis yanıtı alındı: Kontrol tamamlandı. Vision modülü size doğrudan bi
2026-05-07 22:26:03,959 | INFO    | uvicorn.access | 127.0.0.1:55518 - "POST /api/internal/terminal/reply HTTP/1.1" 200
2026-05-07 22:26:04,007 | INFO    | uvicorn.access | 127.0.0.1:55519 - "GET /api/internal/terminal/poll HTTP/1.1" 200
2026-05-07 22:26:07,508 | INFO    | uvicorn.access | 127.0.0.1:55522 - "GET /api/internal/terminal/poll HTTP/1.1" 200
2026-05-07 22:26:11,011 | INFO    | uvicorn.access | 127.0.0.1:55525 - "GET /api/internal/terminal/poll HTTP/1.1" 200
2026-05-07 22:26:14,516 | INFO    | uvicorn.access | 127.0.0.1:55528 - "GET /api/internal/terminal/poll HTTP/1.1" 200
2026-05-07 22:26:18,037 | INFO    | uvicorn.access | 127.0.0.1:55531 - "GET /api/internal/terminal/poll HTTP/1.1" 200
2026-05-07 22:26:21,540 | INFO    | uvicorn.access | 127.0.0.1:55533 - "GET /api/internal/terminal/poll HTTP/1.1" 200
2026-05-07 22:26:25,043 | INFO    | uvicorn.access | 127.0.0.1:55537 - "GET /api/internal/terminal/poll HTTP/1.1" 200
2026-05-07 22:26:28,536 | INFO    | uvicorn.access | 127.0.0.1:55539 - "GET /api/internal/terminal/poll HTTP/1.1" 200
2026-05-07 22:26:32,037 | INFO    | uvicorn.access | 127.0.0.1:55541 - "GET /api/internal/terminal/poll HTTP/1.1" 200
2026-05-07 22:26:35,556 | INFO    | uvicorn.access | 127.0.0.1:55544 - "GET /api/internal/terminal/poll HTTP/1.1" 200
2026-05-07 22:26:37 | INFO    | remote.terminal | Jarvis yanıtı alındı: Lütfen bekleyin, çalışan uygulamaları tespit etmey
2026-05-07 22:26:37,137 | INFO    | uvicorn.access | 127.0.0.1:55546 - "POST /api/internal/terminal/reply HTTP/1.1" 200
2026-05-07 22:26:39,059 | INFO    | uvicorn.access | 127.0.0.1:55548 - "GET /api/internal/terminal/poll HTTP/1.1" 200
2026-05-07 22:26:42 | INFO    | remote.terminal | Jarvis yanıtı alındı: Peki, Efendim.
2026-05-07 22:26:42,246 | INFO    | uvicorn.access | 127.0.0.1:55551 - "POST /api/internal/terminal/reply HTTP/1.1" 200
2026-05-07 22:26:42,565 | INFO    | uvicorn.access | 127.0.0.1:55552 - "GET /api/internal/terminal/poll HTTP/1.1" 200
2026-05-07 22:26:46,070 | INFO    | uvicorn.access | 127.0.0.1:55554 - "GET /api/internal/terminal/poll HTTP/1.1" 200
2026-05-07 22:28:06,516 | INFO    | uvicorn.access | 85.106.157.114:0 - "GET /api/terminal/history HTTP/1.1" 200
2026-05-07 22:28:07,254 | INFO    | uvicorn.access | 85.106.157.114:0 - "GET /api/system/status HTTP/1.1" 200
2026-05-07 22:28:07,266 | INFO    | uvicorn.access | 85.106.157.114:0 - "GET /api/security/status HTTP/1.1" 200
2026-05-07 22:28:08,205 | INFO    | uvicorn.access | 85.106.157.114:0 - "GET /api/terminal/history HTTP/1.1" 200
2026-05-07 22:28:10,442 | INFO    | uvicorn.access | 85.106.157.114:0 - "GET /api/terminal/history HTTP/1.1" 200
2026-05-07 22:28:12,264 | INFO    | uvicorn.access | 85.106.157.114:0 - "GET /api/system/status HTTP/1.1" 200
2026-05-07 22:28:12,267 | INFO    | uvicorn.access | 85.106.157.114:0 - "GET /api/security/status HTTP/1.1" 200
2026-05-07 22:28:12,273 | INFO    | uvicorn.access | 85.106.157.114:0 - "GET /api/terminal/history HTTP/1.1" 200
2026-05-07 22:28:14,211 | INFO    | uvicorn.access | 85.106.157.114:0 - "GET /api/terminal/history HTTP/1.1" 200
2026-05-07 22:28:16,213 | INFO    | uvicorn.access | 85.106.157.114:0 - "GET /api/terminal/history HTTP/1.1" 200
2026-05-07 22:28:17,348 | INFO    | uvicorn.access | 85.106.157.114:0 - "GET /api/system/status HTTP/1.1" 200
2026-05-07 22:28:17,349 | INFO    | uvicorn.access | 85.106.157.114:0 - "GET /api/security/status HTTP/1.1" 200
2026-05-07 22:28:18,273 | INFO    | uvicorn.access | 85.106.157.114:0 - "GET /api/terminal/history HTTP/1.1" 200
2026-05-07 22:28:20,523 | INFO    | uvicorn.access | 85.106.157.114:0 - "GET /api/terminal/history HTTP/1.1" 200
2026-05-07 22:28:22,211 | INFO    | uvicorn.access | 85.106.157.114:0 - "GET /api/system/status HTTP/1.1" 200
2026-05-07 22:28:22,215 | INFO    | uvicorn.access | 85.106.157.114:0 - "GET /api/security/status HTTP/1.1" 200
2026-05-07 22:28:22,216 | INFO    | uvicorn.access | 85.106.157.114:0 - "GET /api/terminal/history HTTP/1.1" 200
2026-05-07 22:28:24,263 | INFO    | uvicorn.access | 85.106.157.114:0 - "GET /api/terminal/history HTTP/1.1" 200
2026-05-07 22:28:26,229 | INFO    | uvicorn.access | 85.106.157.114:0 - "GET /api/terminal/history HTTP/1.1" 200
2026-05-07 22:28:27,220 | INFO    | uvicorn.access | 85.106.157.114:0 - "GET /api/system/status HTTP/1.1" 200
2026-05-07 22:28:27,267 | INFO    | uvicorn.access | 85.106.157.114:0 - "GET /api/security/status HTTP/1.1" 200
2026-05-07 22:28:28,213 | INFO    | uvicorn.access | 85.106.157.114:0 - "GET /api/terminal/history HTTP/1.1" 200
2026-05-07 22:28:30,213 | INFO    | uvicorn.access | 85.106.157.114:0 - "GET /api/terminal/history HTTP/1.1" 200
2026-05-07 22:28:32,219 | INFO    | uvicorn.access | 85.106.157.114:0 - "GET /api/system/status HTTP/1.1" 200
2026-05-07 22:28:32,221 | INFO    | uvicorn.access | 85.106.157.114:0 - "GET /api/security/status HTTP/1.1" 200
2026-05-07 22:28:32,224 | INFO    | uvicorn.access | 85.106.157.114:0 - "GET /api/terminal/history HTTP/1.1" 200
2026-05-07 22:28:34,399 | INFO    | uvicorn.access | 85.106.157.114:0 - "GET /api/terminal/history HTTP/1.1" 200
2026-05-07 22:28:36,213 | INFO    | uvicorn.access | 85.106.157.114:0 - "GET /api/terminal/history HTTP/1.1" 200
2026-05-07 22:28:37,219 | INFO    | uvicorn.access | 85.106.157.114:0 - "GET /api/security/status HTTP/1.1" 200
2026-05-07 22:28:37,220 | INFO    | uvicorn.access | 85.106.157.114:0 - "GET /api/system/status HTTP/1.1" 200
2026-05-07 22:28:38,209 | INFO    | uvicorn.access | 85.106.157.114:0 - "GET /api/terminal/history HTTP/1.1" 200
2026-05-07 22:28:40,212 | INFO    | uvicorn.access | 85.106.157.114:0 - "GET /api/terminal/history HTTP/1.1" 200
2026-05-07 22:28:42,228 | INFO    | uvicorn.access | 85.106.157.114:0 - "GET /api/system/status HTTP/1.1" 200
2026-05-07 22:28:42,229 | INFO    | uvicorn.access | 85.106.157.114:0 - "GET /api/terminal/history HTTP/1.1" 200
2026-05-07 22:28:42,229 | INFO    | uvicorn.access | 85.106.157.114:0 - "GET /api/security/status HTTP/1.1" 200
2026-05-07 22:28:44,211 | INFO    | uvicorn.access | 85.106.157.114:0 - "GET /api/terminal/history HTTP/1.1" 200
2026-05-07 22:28:46,210 | INFO    | uvicorn.access | 85.106.157.114:0 - "GET /api/terminal/history HTTP/1.1" 200
2026-05-07 22:28:47,213 | INFO    | uvicorn.access | 85.106.157.114:0 - "GET /api/system/status HTTP/1.1" 200
2026-05-07 22:28:47,226 | INFO    | uvicorn.access | 85.106.157.114:0 - "GET /api/security/status HTTP/1.1" 200
2026-05-07 22:28:48,210 | INFO    | uvicorn.access | 85.106.157.114:0 - "GET /api/terminal/history HTTP/1.1" 200
2026-05-07 22:28:50,211 | INFO    | uvicorn.access | 85.106.157.114:0 - "GET /api/terminal/history HTTP/1.1" 200
2026-05-07 22:28:52,225 | INFO    | uvicorn.access | 85.106.157.114:0 - "GET /api/system/status HTTP/1.1" 200
2026-05-07 22:28:52,239 | INFO    | uvicorn.access | 85.106.157.114:0 - "GET /api/security/status HTTP/1.1" 200
2026-05-07 22:28:52,241 | INFO    | uvicorn.access | 85.106.157.114:0 - "GET /api/terminal/history HTTP/1.1" 200
2026-05-07 22:28:54,211 | INFO    | uvicorn.access | 85.106.157.114:0 - "GET /api/terminal/history HTTP/1.1" 200
2026-05-07 22:28:56,211 | INFO    | uvicorn.access | 85.106.157.114:0 - "GET /api/terminal/history HTTP/1.1" 200
2026-05-07 22:36:59 | INFO    | remote.security | Guvenilir cihaz tekrar agda: fe:84:34:6f:d8:10
2026-05-07 22:36:59 | INFO    | remote.ntfy  | Bildirim gönderildi (Sistem Durumu) [HTTP 200]
2026-05-07 22:56:40,414 | INFO    | uvicorn.access | 2a06:98c0:360c:3f36:8017:1309:c71f:32cb:0 - "HEAD / HTTP/1.1" 405
2026-05-08 17:55:32 | INFO    | remote       | ============================================================
2026-05-08 17:55:32 | INFO    | remote       |   JARVIS UZAKTAN KONTROL SISTEMI v1.0
2026-05-08 17:55:32 | INFO    | remote       | ============================================================
2026-05-08 17:55:32 | INFO    | remote       | Cihaz     : DESKTOP-H2DGAQ3
2026-05-08 17:55:32 | INFO    | remote       | Yerel IP  : 192.168.1.165
2026-05-08 17:55:32 | INFO    | remote       | Port      : 8765
2026-05-08 17:55:32 | INFO    | remote       | ntfy konu : jarvis-Web
2026-05-08 17:55:32 | INFO    | remote       | ============================================================
2026-05-08 17:55:32 | INFO    | remote.ntfy  | NtfyClient hazir -> https://ntfy.sh/jarvis-Web
2026-05-08 17:55:32 | INFO    | remote.auth  | Yeni oturum anahtarı oluşturuldu.
2026-05-08 17:55:32 | INFO    | remote       | Oturum anahtarı oluşturuldu: _ufvVLh08N30l4FW…
2026-05-08 17:55:32 | INFO    | remote.terminal | Terminal aracı başlatıldı (Masaüstü Jarvis ile iletişim kurulacak)
2026-05-08 17:55:32 | INFO    | remote.security | MAC tarayıcı başlatıldı — Hedef: fe:84:34:6f:d8:10, Aralık: 60s
2026-05-08 17:55:32 | INFO    | remote       | Sunucunun tamamen hazir olmasi icin 5 saniye bekleniyor...
2026-05-08 17:55:32 | INFO    | remote.tray  | Sistem tepsisi (tray) simgesi başlatıldı.
2026-05-08 17:55:32 | INFO    | remote.security | Ilk tarama: Güvenilir cihaz agda bulunamadi (5 cihaz tespit edildi)
2026-05-08 17:55:33 | INFO    | remote       | FastAPI sunucusu baslatiliyor -> http://127.0.0.1:8765
2026-05-08 17:55:33,402 | INFO    | uvicorn.error | Started server process [7288]
2026-05-08 17:55:33,403 | INFO    | uvicorn.error | Waiting for application startup.
2026-05-08 17:55:33,403 | INFO    | uvicorn.error | Application startup complete.
2026-05-08 17:55:33,404 | INFO    | uvicorn.error | Uvicorn running on http://127.0.0.1:8765 (Press CTRL+C to quit)
2026-05-08 17:55:33 | INFO    | remote.ntfy  | Bildirim gönderildi (Guvenlik Uyarisi) [HTTP 200]
2026-05-08 17:55:35 | INFO    | remote       | ============================================================
2026-05-08 17:55:35 | INFO    | remote       |   JARVIS UZAKTAN KONTROL SISTEMI v1.0
2026-05-08 17:55:35 | INFO    | remote       | ============================================================
2026-05-08 17:55:35 | INFO    | remote       | Cihaz     : DESKTOP-H2DGAQ3
2026-05-08 17:55:35 | INFO    | remote       | Yerel IP  : 192.168.1.165
2026-05-08 17:55:35 | INFO    | remote       | Port      : 8765
2026-05-08 17:55:35 | INFO    | remote       | ntfy konu : jarvis-Web
2026-05-08 17:55:35 | INFO    | remote       | ============================================================
2026-05-08 17:55:35 | INFO    | remote.ntfy  | NtfyClient hazir -> https://ntfy.sh/jarvis-Web
2026-05-08 17:55:35 | INFO    | remote.auth  | Yeni oturum anahtarı oluşturuldu.
2026-05-08 17:55:35 | INFO    | remote       | Oturum anahtarı oluşturuldu: KowqSr8fxcz2xzGB…
2026-05-08 17:55:35 | INFO    | remote.terminal | Terminal aracı başlatıldı (Masaüstü Jarvis ile iletişim kurulacak)
2026-05-08 17:55:35 | INFO    | remote.security | MAC tarayıcı başlatıldı — Hedef: fe:84:34:6f:d8:10, Aralık: 60s
2026-05-08 17:55:35 | INFO    | remote       | Sunucunun tamamen hazir olmasi icin 5 saniye bekleniyor...
2026-05-08 17:55:35 | INFO    | remote.tray  | Sistem tepsisi (tray) simgesi başlatıldı.
2026-05-08 17:55:35 | INFO    | remote.security | Ilk tarama: Güvenilir cihaz agda bulunamadi (5 cihaz tespit edildi)
2026-05-08 17:55:35 | INFO    | remote       | FastAPI sunucusu baslatiliyor -> http://127.0.0.1:8765
2026-05-08 17:55:35,839 | INFO    | uvicorn.error | Started server process [21292]
2026-05-08 17:55:35,839 | INFO    | uvicorn.error | Waiting for application startup.
2026-05-08 17:55:35,839 | INFO    | uvicorn.error | Application startup complete.
2026-05-08 17:55:35,841 | ERROR   | uvicorn.error | [Errno 10048] error while attempting to bind on address ('127.0.0.1', 8765): normal olarak her yuva adresi (iletişim kuralı/ağ adresi/bağlantı noktası) için yalnızca bir kullanıma izin veriliyor
2026-05-08 17:55:35,841 | INFO    | uvicorn.error | Waiting for application shutdown.
2026-05-08 17:55:35,841 | INFO    | uvicorn.error | Application shutdown complete.
2026-05-08 17:55:36 | INFO    | remote.ntfy  | Bildirim gönderildi (Guvenlik Uyarisi) [HTTP 200]
2026-05-08 17:55:37 | INFO    | remote.cloudflare | cloudflared baslatiliyor: C:\Users\Berat\AppData\Local\Microsoft\WinGet\Links\cloudflared.EXE tunnel --url http://127.0.0.1:8765
2026-05-08 17:55:37 | INFO    | remote.cloudflare | Tünel yöneticisi başlatıldı (port=8765)
2026-05-08 17:55:40 | INFO    | remote.cloudflare | cloudflared baslatiliyor: C:\Users\Berat\AppData\Local\Microsoft\WinGet\Links\cloudflared.EXE tunnel --url http://127.0.0.1:8765
2026-05-08 17:55:40 | INFO    | remote.cloudflare | Tünel yöneticisi başlatıldı (port=8765)
2026-05-08 17:55:43 | INFO    | remote.cloudflare | Tünel URL: https://lincoln-california-referrals-dealers.trycloudflare.com
2026-05-08 17:55:43 | INFO    | remote       | Tunel hazir: https://lincoln-california-referrals-dealers.trycloudflare.com
2026-05-08 17:55:46 | INFO    | remote.cloudflare | Tünel URL: https://invention-ser-gba-wake.trycloudflare.com
2026-05-08 17:55:46 | INFO    | remote       | Tunel hazir: https://invention-ser-gba-wake.trycloudflare.com
2026-05-08 17:55:46 | INFO    | remote.auth  | Yeni oturum anahtarı oluşturuldu.
2026-05-08 17:55:46 | INFO    | remote.ntfy  | Bildirim gönderildi (Tunel Hazir) [HTTP 200]
2026-05-08 17:55:46 | INFO    | remote.ntfy  | Bildirim gönderildi (Giris Anahtari) [HTTP 200]
2026-05-08 17:55:46 | INFO    | remote       | Yeni oturum anahtari gonderildi.
2026-05-08 17:55:49 | INFO    | remote.auth  | Yeni oturum anahtarı oluşturuldu.
2026-05-08 17:55:49 | INFO    | remote.ntfy  | Bildirim gönderildi (Tunel Hazir) [HTTP 200]
2026-05-08 17:55:49 | INFO    | remote.ntfy  | Bildirim gönderildi (Giris Anahtari) [HTTP 200]
2026-05-08 17:55:49 | INFO    | remote       | Yeni oturum anahtari gonderildi.
